patient_id,age,gender,region,insurance_type,chronic_conditions,tenure_months,visits_last_12mo,missed_appointments_last_12mo,avg_days_between_visits,portal_logins_last_90d,claims_denied_last_12mo,days_since_last_contact,satisfaction_score,churned
P100000,24,M,Midwest,Medicare,0,76,4,0,58.3,3,0,66.3,6.5,0
P100001,73,M,West,Commercial,2,44,5,2,57.5,1,0,23.8,5.6,0
P100002,65,F,Northeast,Commercial,3,84,3,0,38.5,4,0,136.4,6.9,0
P100003,49,M,Northeast,Uninsured,0,46,2,2,39.4,2,1,65.3,8.6,0
P100004,49,F,Northeast,Commercial,0,77,1,1,58.4,3,0,4.0,6.0,0
P100005,79,M,South,Commercial,2,25,2,1,85.4,5,0,19.1,4.3,0
P100006,24,M,South,Commercial,0,54,8,2,81.7,3,1,48.1,10.0,0
P100007,68,F,Northeast,Medicaid,0,59,7,2,47.1,4,0,6.0,5.2,0
P100008,32,F,Midwest,Medicaid,2,51,6,2,81.6,1,2,3.1,7.9,0
P100009,24,M,Northeast,Medicare,3,43,5,0,98.1,4,0,86.5,8.2,0
P100010,55,F,West,Uninsured,0,1,3,1,39.4,2,0,97.1,6.1,0
P100011,88,M,Midwest,Commercial,4,93,1,1,79.2,1,2,40.1,7.2,0
P100012,70,M,West,Medicaid,2,21,4,0,61.2,2,0,125.4,10.0,0
P100013,72,M,Northeast,Commercial,1,17,0,0,54.0,3,0,3.0,4.4,0
P100014,69,F,West,Commercial,2,78,6,2,61.2,2,0,166.4,9.5,0
P100015,74,M,Midwest,Commercial,2,8,3,3,81.1,4,0,15.3,7.6,0
P100016,54,M,West,Uninsured,1,73,3,0,29.3,5,0,51.4,6.0,0
P100017,27,F,Midwest,Medicaid,2,34,2,1,60.8,2,1,57.7,8.2,0
P100018,78,F,Midwest,Medicare,1,69,4,0,51.7,6,0,15.4,6.7,0
P100019,50,F,Northeast,Commercial,0,21,10,0,61.3,5,1,22.5,7.8,0
P100020,54,F,Midwest,Commercial,2,67,4,0,56.2,7,1,26.6,8.9,0
P100021,44,M,South,Commercial,1,95,2,0,42.0,6,1,14.3,9.1,0
P100022,31,F,West,Commercial,1,48,2,1,107.9,1,0,4.6,6.7,0
P100023,84,M,Midwest,Commercial,0,54,4,2,7.0,3,0,59.2,8.9,0
P100024,74,F,Northeast,Medicare,0,59,6,1,75.1,3,0,12.7,10.0,0
P100025,64,F,West,Medicare,0,35,7,1,75.3,4,0,11.5,5.3,1
P100026,46,F,Northeast,Medicaid,3,53,6,1,62.8,4,0,30.4,6.0,0
P100027,77,M,South,Medicare,0,62,5,0,67.8,3,0,16.0,4.8,0
P100028,57,M,Northeast,Commercial,2,3,1,2,76.7,2,1,36.6,10.0,0
P100029,49,F,West,Medicare,1,44,2,0,47.7,3,2,3.1,7.5,0
P100030,50,M,Northeast,Commercial,2,51,3,3,51.7,3,0,44.4,7.2,0
P100031,34,F,West,Medicare,2,20,4,3,52.9,3,0,5.1,8.5,0
P100032,24,F,Northeast,Medicaid,1,45,5,0,72.8,2,0,112.5,9.1,0
P100033,57,F,Midwest,Commercial,2,38,3,1,73.7,0,2,0.1,7.9,0
P100034,81,M,Northeast,Commercial,0,53,7,1,34.6,3,0,12.8,10.0,1
P100035,22,M,South,Medicaid,6,28,6,0,59.4,3,1,57.4,7.3,0
P100036,79,M,Midwest,Medicare,0,86,4,1,45.6,2,0,1.0,5.3,0
P100037,77,F,Midwest,Medicare,2,61,4,3,37.6,4,0,11.3,10.0,0
P100038,37,F,West,Medicare,2,60,5,0,49.2,0,0,57.3,7.1,0
P100039,63,M,West,Medicare,1,78,4,3,33.1,4,0,26.5,4.5,0
P100040,29,F,Midwest,Commercial,0,3,4,2,16.0,1,0,117.4,2.1,1
P100041,72,M,South,Medicaid,0,25,6,2,63.2,3,0,69.8,4.8,0
P100042,68,M,South,Medicaid,2,18,2,2,84.6,3,0,66.8,6.3,0
P100043,43,F,West,Commercial,1,60,2,2,53.4,1,0,0.0,7.5,0
P100044,22,M,Midwest,Commercial,0,33,2,0,84.1,2,1,47.9,8.0,0
P100045,87,M,West,Medicare,1,68,7,1,80.3,0,0,98.5,4.7,1
P100046,50,F,South,Medicare,1,90,4,0,39.3,1,1,19.1,6.9,0
P100047,82,M,South,Commercial,1,36,2,1,40.4,4,1,10.8,6.3,1
P100048,66,M,West,Medicare,4,32,6,1,25.2,3,0,17.0,8.2,0
P100049,74,F,Midwest,Medicare,0,47,3,3,66.9,4,1,51.1,9.0,0
P100050,72,M,Northeast,Medicare,0,47,4,0,73.7,1,0,11.6,10.0,0
P100051,32,F,Midwest,Commercial,0,35,5,0,60.8,4,0,14.6,9.9,0
P100052,44,M,Northeast,Commercial,0,33,1,2,41.6,4,0,8.8,5.0,0
P100053,51,M,West,Commercial,1,36,3,3,58.9,1,0,5.8,7.8,0
P100054,53,M,Northeast,Medicaid,1,47,5,2,78.2,2,0,3.6,7.0,1
P100055,21,F,West,Medicare,1,43,5,0,75.6,2,2,72.5,7.2,0
P100056,57,M,West,Commercial,1,44,4,1,73.7,3,1,53.0,7.3,0
P100057,29,F,Northeast,Medicaid,1,29,5,0,68.6,2,0,53.5,10.0,0
P100058,71,F,Midwest,Commercial,2,61,6,0,89.4,5,1,9.6,8.8,0
P100059,67,F,Northeast,Medicare,0,47,6,1,36.3,4,2,200.3,7.6,0
P100060,84,M,South,Commercial,0,22,0,2,45.6,3,2,46.1,7.8,0
P100061,71,F,South,Medicare,2,72,8,2,37.3,1,0,9.7,5.3,0
P100062,44,F,Midwest,Medicare,1,84,3,1,50.5,2,1,4.4,8.6,0
P100063,87,M,West,Medicaid,1,38,2,1,97.2,6,1,55.7,7.0,0
P100064,47,F,South,Commercial,3,50,0,1,41.6,4,1,16.8,6.1,0
P100065,41,F,South,Commercial,1,90,5,3,42.1,3,0,9.6,5.1,0
P100066,83,F,Northeast,Commercial,5,30,5,0,18.0,3,0,115.6,10.0,0
P100067,44,F,West,Uninsured,0,21,2,0,76.5,1,1,5.0,6.6,0
P100068,23,M,South,Commercial,1,33,4,0,59.6,3,0,3.1,9.1,0
P100069,51,F,South,Medicare,1,43,4,1,95.1,3,0,34.2,8.1,0
P100070,75,F,Northeast,Medicare,2,43,5,1,95.3,1,1,7.7,9.7,0
P100071,31,M,South,Commercial,4,58,5,0,32.4,2,0,29.4,4.6,0
P100072,51,M,Midwest,Commercial,0,27,3,1,58.5,3,0,91.5,9.9,0
P100073,27,M,West,Commercial,5,52,3,0,92.0,2,0,15.6,10.0,0
P100074,67,M,South,Medicare,3,11,1,1,41.8,4,3,89.0,5.7,0
P100075,52,M,Midwest,Uninsured,0,90,2,1,84.8,4,0,128.5,8.9,0
P100076,41,F,West,Commercial,3,28,1,2,7.0,3,0,67.4,5.8,1
P100077,34,M,South,Uninsured,1,31,4,1,58.7,1,1,39.4,6.9,1
P100078,58,M,South,Commercial,2,16,3,0,44.5,2,1,4.9,5.7,0
P100079,66,F,Northeast,Commercial,1,36,0,1,86.8,1,0,59.0,8.5,0
P100080,85,F,West,Medicaid,3,93,4,1,50.7,5,2,264.2,6.9,1
P100081,49,F,Northeast,Medicaid,0,57,5,0,80.7,0,0,46.5,7.5,0
P100082,29,M,Northeast,Commercial,1,64,5,1,73.3,2,1,78.5,5.6,0
P100083,77,M,Northeast,Medicare,1,57,2,0,41.3,4,0,0.7,9.1,0
P100084,63,M,Midwest,Medicaid,0,32,5,1,82.4,2,0,29.4,7.0,0
P100085,68,F,South,Medicaid,1,75,5,1,73.8,2,0,13.4,7.7,0
P100086,25,F,Midwest,Medicare,1,33,2,2,22.5,3,0,56.4,6.5,0
P100087,40,F,Midwest,Commercial,1,76,3,2,73.3,2,1,108.9,4.4,0
P100088,73,M,Northeast,Commercial,0,94,6,2,48.4,3,1,27.6,5.8,0
P100089,77,M,South,Medicare,1,2,2,1,71.9,3,0,20.3,7.1,0
P100090,49,M,Northeast,Medicare,1,16,5,0,66.5,4,1,47.5,7.2,0
P100091,75,M,Northeast,Commercial,0,73,3,3,85.5,5,1,38.2,10.0,0
P100092,78,M,South,Commercial,0,12,3,4,83.9,3,0,85.8,10.0,0
P100093,45,M,South,Commercial,1,69,4,0,40.6,1,0,49.1,8.7,0
P100094,82,F,Northeast,Medicare,0,24,5,0,47.3,3,1,25.6,10.0,0
P100095,38,F,South,Commercial,3,56,5,0,53.9,1,0,0.1,6.6,0
P100096,35,F,South,Commercial,1,62,3,1,86.9,3,0,28.7,8.7,0
P100097,67,F,West,Commercial,2,31,2,3,50.1,2,0,11.9,8.1,0
P100098,63,F,Midwest,Medicaid,3,82,7,0,68.2,3,0,1.6,8.3,0
P100099,28,F,South,Medicare,1,87,5,4,82.8,4,0,2.4,5.8,0
P100100,77,M,South,Commercial,1,21,4,1,61.4,2,0,30.9,7.6,0
P100101,32,F,Northeast,Commercial,1,71,2,0,103.5,2,1,108.3,6.7,0
P100102,75,M,South,Commercial,3,64,3,2,46.6,4,0,0.2,5.5,0
P100103,18,M,Midwest,Medicare,1,25,6,0,73.6,2,0,73.6,8.4,0
P100104,75,M,Northeast,Medicare,0,78,7,1,70.0,4,0,290.7,4.4,0
P100105,74,M,West,Medicare,1,29,5,2,63.3,2,1,65.8,9.7,0
P100106,74,F,Midwest,Medicare,1,25,3,1,7.0,2,0,52.6,7.6,1
P100107,65,M,West,Commercial,0,68,3,2,53.2,2,0,17.0,5.4,1
P100108,51,F,South,Commercial,3,12,1,1,16.5,3,1,1.8,6.9,0
P100109,68,M,West,Commercial,0,88,7,2,47.7,5,2,2.3,7.4,0
P100110,37,F,South,Medicare,0,37,7,2,58.2,5,0,33.0,9.4,0
P100111,74,F,West,Commercial,0,47,8,1,117.6,4,1,92.0,9.9,0
P100112,58,M,Midwest,Medicare,1,65,6,1,78.9,3,0,23.7,7.2,1
P100113,51,M,Midwest,Commercial,1,84,5,1,34.3,4,0,17.8,7.4,0
P100114,54,F,Northeast,Medicare,1,74,7,1,65.0,7,0,30.3,10.0,0
P100115,58,M,West,Commercial,1,37,1,1,70.5,2,1,39.4,4.6,1
P100116,20,F,Northeast,Commercial,3,72,3,2,62.5,0,2,16.2,4.9,0
P100117,28,M,Northeast,Medicare,2,38,2,0,60.5,1,0,21.2,10.0,0
P100118,35,F,South,Commercial,1,50,4,3,46.1,4,2,7.8,7.1,0
P100119,26,F,West,Commercial,1,66,4,2,69.0,1,0,82.8,8.7,0
P100120,49,F,West,Commercial,1,53,2,0,66.5,4,1,68.8,10.0,1
P100121,66,F,West,Medicare,1,5,1,3,77.0,1,0,4.3,4.1,0
P100122,65,F,Midwest,Commercial,0,5,4,1,81.0,4,1,33.8,9.8,0
P100123,51,F,West,Medicaid,1,14,4,1,80.2,3,0,15.3,8.9,0
P100124,79,F,South,Uninsured,0,8,6,1,62.7,2,1,30.6,4.8,0
P100125,58,F,South,Medicaid,0,70,5,3,55.9,1,0,12.1,6.6,0
P100126,23,M,Northeast,Commercial,0,19,2,1,78.5,1,0,10.6,7.6,0
P100127,73,F,West,Medicare,2,23,2,0,39.5,5,1,5.7,8.7,0
P100128,59,M,South,Commercial,2,30,2,1,7.0,1,0,24.4,5.6,0
P100129,63,M,Northeast,Medicaid,1,17,6,2,16.6,3,0,114.9,8.9,0
P100130,58,F,South,Medicare,2,83,4,0,13.1,1,0,102.8,7.7,0
P100131,57,M,Midwest,Commercial,3,9,5,1,74.1,1,0,126.7,6.0,0
P100132,24,F,South,Commercial,0,19,6,0,63.3,3,0,53.7,6.5,1
P100133,58,F,South,Medicaid,1,22,3,1,79.7,1,1,19.7,8.4,0
P100134,75,M,South,Medicaid,0,9,5,0,72.9,2,0,22.8,6.4,0
P100135,39,M,Midwest,Medicare,1,24,2,0,85.9,2,1,13.4,6.9,0
P100136,61,M,Midwest,Medicare,0,18,4,0,88.3,3,0,78.1,6.9,0
P100137,20,F,Midwest,Medicaid,2,33,2,2,83.6,1,2,173.1,4.5,1
P100138,43,M,Northeast,Medicaid,1,15,3,2,84.2,2,0,103.8,6.5,1
P100139,49,F,South,Medicaid,1,90,3,3,101.0,2,1,31.6,7.1,1
P100140,88,F,Midwest,Commercial,0,75,3,1,112.1,3,0,40.3,7.5,0
P100141,33,F,Northeast,Medicare,1,62,4,0,61.9,2,0,211.7,8.8,0
P100142,37,M,Northeast,Medicaid,0,57,3,3,98.4,3,0,53.3,5.8,1
P100143,47,F,South,Commercial,0,66,6,0,45.4,1,0,46.3,9.2,0
P100144,89,M,Midwest,Commercial,1,90,6,0,46.8,4,0,10.2,6.8,0
P100145,79,M,Midwest,Commercial,2,13,2,1,101.5,1,0,36.8,7.4,1
P100146,20,M,Northeast,Commercial,3,51,4,2,62.5,1,2,73.2,4.6,0
P100147,34,M,Midwest,Medicaid,1,19,3,2,18.4,7,0,3.2,5.6,0
P100148,77,M,Northeast,Commercial,1,43,5,0,30.0,0,1,19.2,9.2,0
P100149,22,F,Midwest,Medicare,0,86,4,0,40.7,2,2,25.7,5.8,0
P100150,79,F,Midwest,Commercial,1,60,7,3,30.6,1,0,61.6,5.6,1
P100151,38,M,Northeast,Medicaid,1,61,5,2,73.4,5,0,32.8,7.6,0
P100152,84,F,South,Medicaid,1,10,6,0,38.4,2,0,8.1,8.7,0
P100153,39,F,West,Medicare,1,77,2,4,53.0,1,0,4.2,7.2,0
P100154,49,F,South,Medicare,2,68,5,1,44.8,4,0,116.8,4.0,1
P100155,65,F,Midwest,Commercial,1,34,2,1,25.9,7,0,89.9,5.0,1
P100156,27,F,Midwest,Medicaid,0,32,5,2,27.1,1,0,50.0,9.9,0
P100157,58,F,Northeast,Medicare,2,55,1,1,82.8,2,0,26.4,8.6,0
P100158,54,M,West,Commercial,2,73,3,1,68.2,2,1,116.4,4.6,0
P100159,74,F,South,Uninsured,1,48,8,0,7.0,3,1,47.2,7.0,0
P100160,89,M,West,Commercial,2,82,5,4,44.1,1,0,14.5,10.0,1
P100161,65,M,South,Medicare,1,20,5,2,82.3,3,1,3.1,7.5,0
P100162,47,F,Midwest,Commercial,0,66,4,1,74.1,5,2,50.3,6.2,0
P100163,47,M,South,Medicare,0,79,5,3,113.1,2,1,10.1,4.9,1
P100164,48,M,West,Commercial,0,68,3,0,53.6,1,0,30.8,6.7,0
P100165,76,M,Northeast,Commercial,0,32,1,1,69.4,6,0,79.7,8.9,1
P100166,41,F,West,Medicare,2,45,2,3,37.9,4,1,15.5,10.0,0
P100167,30,F,Northeast,Uninsured,1,45,3,4,21.3,4,0,73.0,9.8,0
P100168,42,F,West,Commercial,2,30,5,1,69.1,0,0,49.2,8.3,0
P100169,19,M,Northeast,Medicare,0,13,7,1,50.2,2,0,2.0,7.3,0
P100170,25,M,Northeast,Medicare,1,18,4,0,126.6,4,0,12.2,5.5,0
P100171,24,M,Northeast,Medicaid,0,61,5,3,45.3,0,1,19.0,7.1,0
P100172,73,M,Midwest,Commercial,2,22,7,2,49.5,0,0,77.9,4.3,0
P100173,70,M,South,Medicare,2,76,3,0,62.0,1,0,12.3,9.0,1
P100174,68,M,Midwest,Uninsured,2,76,4,1,83.5,4,1,6.5,7.8,0
P100175,51,F,West,Commercial,0,39,3,0,81.4,2,1,31.8,7.3,0
P100176,69,M,Northeast,Commercial,1,35,6,2,18.5,4,1,33.1,4.9,1
P100177,29,F,Midwest,Medicaid,1,93,3,0,92.7,2,1,282.2,8.1,1
P100178,82,F,Midwest,Commercial,1,2,2,3,55.9,4,2,39.2,7.0,1
P100179,54,F,South,Commercial,2,25,4,0,7.0,2,1,99.5,8.3,0
P100180,85,M,West,Commercial,0,66,3,2,60.1,3,0,21.4,7.4,0
P100181,28,F,Midwest,Medicaid,0,83,5,2,34.5,2,1,67.1,9.3,0
P100182,53,F,Northeast,Medicaid,2,44,4,0,89.6,1,0,8.5,3.4,1
P100183,68,F,Midwest,Medicare,1,69,6,0,68.6,2,0,1.8,7.9,0
P100184,53,F,South,Medicare,2,21,4,2,86.9,3,0,9.5,9.1,0
P100185,50,F,Northeast,Commercial,1,89,5,2,89.8,2,1,6.2,7.9,0
P100186,29,M,West,Commercial,0,56,5,1,48.6,4,0,64.9,7.5,0
P100187,45,M,Northeast,Commercial,0,71,4,0,66.2,1,0,15.9,10.0,0
P100188,35,F,Northeast,Commercial,1,17,4,0,88.4,3,0,46.8,5.4,0
P100189,39,F,Northeast,Commercial,1,48,4,3,65.6,3,1,172.0,5.3,1
P100190,67,F,West,Medicare,4,70,3,1,39.4,3,1,4.1,7.5,0
P100191,63,F,Midwest,Commercial,0,40,4,1,96.1,0,0,16.9,8.9,0
P100192,61,M,West,Commercial,1,92,4,0,60.6,4,1,47.8,8.0,0
P100193,44,M,South,Commercial,2,79,3,1,40.3,2,0,53.9,9.7,0
P100194,87,M,Northeast,Commercial,1,13,7,1,107.9,2,0,24.7,10.0,0
P100195,24,F,South,Commercial,1,80,1,1,12.4,1,0,20.5,6.7,0
P100196,42,M,Northeast,Commercial,1,37,2,1,43.3,2,0,57.5,8.7,0
P100197,26,F,Midwest,Commercial,3,56,3,0,45.7,3,2,85.1,8.8,0
P100198,42,F,South,Medicare,2,39,1,0,81.9,1,0,115.6,8.6,1
P100199,87,M,West,Medicaid,3,67,3,1,51.2,1,0,89.9,6.6,0
P100200,44,M,South,Medicaid,1,41,4,3,42.9,0,0,13.6,6.7,0
P100201,83,M,South,Medicaid,0,44,5,2,86.1,2,0,22.6,7.3,0
P100202,53,M,West,Medicare,1,56,2,0,79.5,5,1,4.5,9.3,0
P100203,68,M,Midwest,Medicaid,0,21,1,0,52.8,3,1,33.1,4.6,0
P100204,50,M,Northeast,Medicare,2,41,7,1,65.8,4,0,77.7,8.5,0
P100205,37,F,South,Medicare,1,5,2,0,31.8,3,0,91.6,5.8,0
P100206,73,F,South,Commercial,1,6,3,0,54.3,2,0,305.2,8.6,1
P100207,87,F,Midwest,Commercial,0,63,3,1,58.2,2,2,61.1,6.8,0
P100208,36,F,Midwest,Commercial,6,27,4,1,27.6,3,0,3.3,8.7,0
P100209,74,F,Midwest,Commercial,2,64,4,0,18.7,2,1,2.3,9.5,0
P100210,36,F,West,Medicaid,1,73,4,4,50.0,0,0,58.6,2.7,0
P100211,69,M,Midwest,Commercial,2,64,2,0,86.4,1,0,105.6,6.1,1
P100212,74,M,South,Medicare,0,40,2,1,74.5,3,1,109.8,7.5,0
P100213,50,M,Northeast,Medicaid,0,54,2,0,45.0,4,0,3.4,6.6,0
P100214,71,F,Midwest,Medicare,2,75,3,1,124.9,2,0,60.6,4.5,1
P100215,37,M,South,Commercial,3,33,3,0,33.2,4,0,11.8,7.7,0
P100216,23,F,South,Commercial,0,40,6,1,73.7,1,0,98.9,5.0,0
P100217,24,F,West,Commercial,3,23,6,0,46.8,1,0,84.5,9.8,0
P100218,50,F,West,Uninsured,1,20,3,1,90.3,5,1,50.4,6.6,1
P100219,82,F,South,Medicare,2,7,3,1,57.2,0,0,23.2,6.6,0
P100220,27,F,Midwest,Medicare,2,7,4,1,54.0,4,1,134.7,9.5,1
P100221,50,M,West,Medicare,1,15,5,0,84.1,3,0,8.6,5.2,0
P100222,68,M,Northeast,Medicare,0,74,5,2,55.9,2,0,27.4,5.3,0
P100223,32,M,South,Medicare,1,60,3,1,78.5,2,0,78.5,7.3,0
P100224,69,F,Midwest,Commercial,1,9,2,2,57.3,5,0,27.7,8.3,0
P100225,40,M,South,Commercial,1,73,5,1,7.0,3,0,66.0,6.1,0
P100226,76,M,West,Commercial,3,72,2,1,113.9,3,0,72.7,4.1,0
P100227,59,F,South,Medicare,2,87,6,0,73.0,1,0,96.0,7.3,0
P100228,57,M,Northeast,Medicaid,3,93,5,1,52.3,3,2,52.1,7.2,0
P100229,30,F,South,Medicare,2,8,3,0,94.1,1,0,41.4,6.7,0
P100230,51,F,South,Medicare,2,50,4,3,35.8,5,0,35.7,7.5,0
P100231,79,F,West,Medicaid,2,78,2,2,37.2,2,0,34.6,9.1,1
P100232,19,F,Northeast,Commercial,2,23,6,1,24.6,1,0,52.4,7.4,0
P100233,72,F,Northeast,Commercial,1,57,3,2,55.0,3,0,13.2,8.1,0
P100234,53,F,Northeast,Medicaid,1,9,1,3,43.5,2,1,120.3,8.1,1
P100235,69,F,Midwest,Medicaid,1,29,6,4,52.7,3,0,148.7,7.9,1
P100236,65,M,West,Medicare,0,94,3,1,23.3,5,1,28.9,6.8,0
P100237,49,F,Midwest,Commercial,0,69,4,3,42.9,4,1,0.8,7.9,0
P100238,40,F,West,Uninsured,1,25,3,1,71.4,3,0,24.1,9.4,0
P100239,63,F,West,Medicaid,2,94,5,4,94.1,3,0,17.2,6.2,0
P100240,28,M,Midwest,Medicare,1,20,5,0,61.1,3,0,19.7,4.9,0
P100241,60,M,Midwest,Commercial,0,37,2,2,47.6,3,2,37.2,8.6,0
P100242,24,M,Northeast,Medicare,1,43,1,0,75.7,2,1,42.9,6.2,0
P100243,64,F,West,Medicaid,1,60,6,3,89.4,8,1,11.7,8.5,0
P100244,63,F,West,Medicaid,3,25,4,3,88.1,5,0,35.2,4.7,0
P100245,24,M,West,Medicare,2,25,4,2,72.8,5,1,30.2,6.2,1
P100246,72,F,West,Medicare,1,64,3,4,41.2,2,0,45.8,8.0,0
P100247,47,M,South,Medicare,2,20,7,3,58.6,2,0,4.7,6.8,0
P100248,74,M,Northeast,Medicare,0,14,6,1,66.1,3,0,128.0,8.2,0
P100249,20,F,West,Commercial,4,15,5,0,7.0,3,1,47.5,8.8,0
P100250,30,M,South,Commercial,1,32,3,2,60.7,4,1,40.3,7.1,0
P100251,53,M,West,Commercial,1,4,4,2,103.1,2,0,54.3,7.1,1
P100252,31,F,Midwest,Medicaid,1,4,2,2,44.0,6,1,100.7,6.9,0
P100253,41,F,South,Commercial,2,69,2,1,14.6,5,0,8.3,6.9,0
P100254,65,F,South,Commercial,0,52,2,1,43.4,1,0,3.6,9.0,0
P100255,28,M,Midwest,Medicaid,3,14,5,1,42.5,2,0,42.9,8.2,0
P100256,66,F,South,Medicare,1,25,5,0,87.5,2,1,54.1,6.5,1
P100257,25,F,South,Commercial,1,65,5,0,125.8,3,0,190.0,10.0,0
P100258,30,M,Northeast,Commercial,1,77,4,0,63.9,2,0,22.9,10.0,0
P100259,60,F,Midwest,Medicaid,2,83,5,2,38.7,2,0,59.5,7.5,0
P100260,75,F,Northeast,Commercial,1,21,5,1,29.7,0,0,57.2,5.5,0
P100261,30,M,Northeast,Medicare,2,81,4,1,85.8,5,0,25.0,6.5,0
P100262,39,F,Northeast,Medicare,0,41,2,1,78.1,1,0,7.7,7.1,0
P100263,84,F,Midwest,Commercial,0,29,3,0,89.3,1,1,53.8,7.9,0
P100264,89,F,Northeast,Medicare,0,55,3,0,46.8,3,1,92.4,10.0,0
P100265,59,F,South,Commercial,0,12,7,1,100.8,2,3,1.7,10.0,0
P100266,50,F,Northeast,Medicare,1,45,8,1,64.4,2,0,11.0,8.0,0
P100267,42,M,Midwest,Commercial,1,43,5,0,42.2,1,0,28.5,2.5,1
P100268,62,M,Northeast,Commercial,0,57,9,1,8.7,3,0,21.2,5.2,0
P100269,60,F,Northeast,Commercial,0,18,3,3,47.1,2,0,50.2,5.0,1
P100270,39,M,South,Medicaid,0,6,8,1,46.9,2,0,27.9,9.7,0
P100271,19,M,Midwest,Commercial,1,36,2,2,33.2,2,1,86.8,5.5,0
P100272,28,M,Northeast,Commercial,2,94,3,2,71.2,2,2,3.3,4.2,0
P100273,87,M,South,Commercial,0,55,5,3,42.7,3,0,44.2,10.0,0
P100274,48,M,West,Medicare,2,53,6,1,36.2,2,0,2.0,6.6,0
P100275,52,M,Midwest,Commercial,5,62,1,0,37.1,1,0,33.9,7.7,0
P100276,51,F,West,Medicaid,2,49,7,1,24.5,2,0,76.2,8.0,0
P100277,74,M,South,Medicare,1,21,4,0,45.7,3,0,47.0,8.7,0
P100278,22,F,West,Medicare,2,94,6,1,46.4,1,0,19.8,4.5,0
P100279,23,F,Northeast,Medicare,0,22,2,0,53.9,2,1,9.0,5.1,0
P100280,37,M,Midwest,Commercial,1,61,5,1,69.6,1,1,36.5,10.0,0
P100281,53,F,South,Uninsured,1,83,7,0,98.3,5,0,134.9,5.6,0
P100282,66,F,Northeast,Uninsured,1,63,5,1,85.3,2,0,12.4,7.2,0
P100283,53,F,West,Commercial,0,90,0,3,20.9,4,0,15.1,10.0,0
P100284,49,F,Midwest,Medicare,0,17,7,0,82.3,2,1,45.7,10.0,0
P100285,85,M,Northeast,Commercial,1,62,4,0,87.1,0,0,9.5,8.4,0
P100286,29,M,Northeast,Medicare,2,9,4,2,78.9,2,0,37.3,6.4,0
P100287,59,F,Midwest,Medicaid,4,53,7,3,48.7,4,0,41.5,8.1,0
P100288,57,F,Midwest,Medicaid,1,18,3,0,96.6,3,0,54.5,5.6,0
P100289,52,F,Northeast,Commercial,0,63,3,1,37.6,3,0,18.1,8.7,0
P100290,76,F,West,Medicare,1,32,6,2,86.7,1,1,78.1,8.7,0
P100291,37,M,Midwest,Medicare,1,13,2,2,85.9,0,1,22.4,5.2,1
P100292,86,M,South,Commercial,1,83,4,4,72.5,0,0,43.0,10.0,1
P100293,41,F,Northeast,Medicare,0,86,6,2,15.0,5,1,7.0,8.7,0
P100294,57,F,South,Medicare,0,17,3,1,65.1,2,0,2.7,6.3,0
P100295,55,M,South,Medicaid,3,20,3,1,80.8,4,0,40.2,10.0,1
P100296,79,M,Northeast,Uninsured,3,4,3,0,61.2,2,1,170.5,7.6,0
P100297,49,F,South,Commercial,1,64,1,1,57.9,1,0,5.5,7.3,0
P100298,38,F,Northeast,Commercial,1,85,2,0,50.7,4,0,22.7,6.4,0
P100299,19,F,Northeast,Commercial,2,22,2,0,46.8,1,0,51.2,9.2,0
P100300,44,M,Northeast,Commercial,1,43,4,0,57.6,3,0,53.6,10.0,0
P100301,77,F,South,Medicare,2,68,4,1,90.0,2,1,48.7,7.2,0
P100302,18,F,South,Medicaid,2,43,4,0,42.4,1,0,99.5,7.8,0
P100303,82,M,South,Commercial,2,72,4,0,69.8,2,0,47.8,6.1,0
P100304,57,M,Midwest,Medicare,1,72,3,1,7.0,2,0,66.8,6.9,0
P100305,28,F,Midwest,Commercial,4,71,4,1,46.9,2,0,6.1,8.7,0
P100306,39,F,Northeast,Commercial,2,68,6,1,77.8,2,0,15.5,9.3,0
P100307,57,F,West,Medicaid,0,41,8,0,85.1,2,1,49.3,7.2,0
P100308,40,M,Midwest,Medicare,2,38,3,0,32.2,1,0,64.3,7.2,0
P100309,25,F,South,Commercial,0,58,2,3,67.1,2,0,32.2,7.4,0
P100310,65,M,Northeast,Medicaid,1,11,3,2,79.5,6,0,45.1,6.4,1
P100311,66,M,West,Medicare,1,57,2,2,39.8,3,0,54.2,9.0,0
P100312,26,M,Midwest,Commercial,1,4,8,0,18.1,4,0,13.6,8.0,0
P100313,38,M,South,Medicare,1,69,8,0,26.1,1,0,267.9,8.4,1
P100314,35,F,Northeast,Medicare,1,58,5,4,20.0,3,2,1.7,5.6,0
P100315,65,F,Northeast,Commercial,2,48,4,2,77.6,1,0,38.8,9.3,0
P100316,70,M,South,Medicaid,0,29,2,1,62.3,4,1,67.5,6.3,1
P100317,70,F,Northeast,Medicare,1,49,2,2,49.0,3,2,59.0,6.8,0
P100318,85,F,Northeast,Medicare,0,61,5,0,37.5,3,0,25.0,5.9,0
P100319,73,F,South,Medicaid,3,66,7,2,87.3,2,0,29.3,6.4,1
P100320,41,F,Northeast,Medicare,0,88,5,2,54.4,2,0,69.2,7.2,0
P100321,25,F,South,Commercial,2,17,7,0,67.7,0,1,20.8,7.0,0
P100322,62,M,West,Commercial,1,5,1,1,36.9,3,1,21.0,6.5,0
P100323,83,M,West,Commercial,0,62,4,1,30.2,2,0,17.8,10.0,0
P100324,88,M,Northeast,Commercial,0,16,3,2,85.0,4,0,272.3,9.0,1
P100325,34,M,Midwest,Commercial,4,15,7,0,61.7,2,1,113.1,8.6,0
P100326,35,F,West,Medicare,2,27,3,0,63.9,1,0,11.7,9.6,0
P100327,20,M,Midwest,Commercial,2,69,4,1,67.8,2,0,7.0,6.8,0
P100328,28,F,South,Commercial,0,6,6,2,84.4,2,2,11.0,8.0,0
P100329,57,F,South,Medicare,3,37,3,0,88.8,4,0,26.1,7.5,0
P100330,57,M,Northeast,Commercial,0,11,5,0,31.7,2,1,18.2,4.1,0
P100331,44,F,South,Medicare,1,80,4,3,53.2,2,0,90.5,8.8,0
P100332,40,F,West,Medicare,0,73,5,2,33.9,1,0,92.4,6.9,1
P100333,77,F,Midwest,Commercial,1,9,2,0,64.1,2,1,10.4,7.7,0
P100334,51,F,South,Commercial,2,27,5,1,49.9,3,0,2.7,6.3,0
P100335,76,F,Northeast,Medicare,2,44,9,0,51.9,4,1,70.9,7.4,0
P100336,87,M,West,Commercial,0,44,2,2,54.1,3,0,80.4,10.0,0
P100337,40,M,Northeast,Medicare,1,16,2,0,52.8,4,1,142.4,3.0,1
P100338,32,F,Midwest,Medicare,2,45,5,0,122.8,0,0,27.3,9.2,0
P100339,86,M,South,Medicare,0,83,1,0,11.4,0,1,34.0,10.0,0
P100340,63,F,South,Commercial,2,21,6,2,55.9,3,2,8.6,4.1,0
P100341,38,M,Northeast,Medicaid,0,12,6,1,22.3,6,2,22.1,6.3,0
P100342,62,F,South,Commercial,0,37,5,0,63.8,0,0,104.9,8.5,0
P100343,55,F,Midwest,Medicaid,1,47,3,1,24.3,3,0,12.3,6.8,0
P100344,83,F,South,Medicaid,1,28,8,0,58.1,1,1,21.9,6.4,0
P100345,36,M,Northeast,Commercial,1,10,1,1,41.4,1,0,57.8,8.7,1
P100346,89,M,South,Commercial,0,9,0,0,86.6,2,0,52.6,3.1,0
P100347,85,M,Northeast,Commercial,3,76,1,4,22.6,1,0,23.7,8.9,0
P100348,31,M,South,Medicaid,1,13,7,0,25.8,1,1,4.9,8.9,0
P100349,29,F,West,Commercial,2,27,2,1,31.1,2,0,5.5,9.5,0
P100350,56,F,West,Medicaid,0,73,5,4,69.1,1,0,9.7,8.4,0
P100351,21,F,West,Medicare,0,57,5,2,64.9,1,0,34.9,9.1,0
P100352,39,F,Northeast,Medicare,0,3,2,0,52.2,3,0,33.7,7.5,0
P100353,49,F,South,Medicare,1,17,3,0,75.6,3,0,15.0,4.3,0
P100354,87,F,Northeast,Commercial,1,45,2,0,7.0,2,0,2.6,6.6,0
P100355,89,F,South,Commercial,0,34,5,1,53.5,3,1,71.2,7.1,0
P100356,28,M,Midwest,Medicaid,0,94,7,0,59.1,3,1,26.0,7.0,0
P100357,82,F,West,Commercial,0,11,4,2,64.0,2,1,16.7,6.2,0
P100358,24,M,South,Medicaid,1,3,5,0,61.2,7,0,35.3,6.6,0
P100359,71,M,Northeast,Uninsured,4,53,2,0,65.9,0,0,5.5,8.7,0
P100360,78,F,South,Commercial,1,92,4,1,70.8,4,1,40.6,8.0,0
P100361,82,F,South,Medicare,1,1,3,2,108.3,2,2,0.5,5.9,0
P100362,34,M,Midwest,Commercial,2,79,5,5,77.5,5,0,17.7,8.6,0
P100363,82,M,Northeast,Medicare,0,95,6,3,22.0,4,0,5.4,7.8,0
P100364,26,F,Midwest,Uninsured,0,40,2,1,80.6,5,0,3.2,4.8,0
P100365,55,F,South,Medicaid,0,40,4,2,55.9,0,0,27.2,7.7,1
P100366,51,M,Midwest,Medicaid,1,95,3,0,45.4,3,1,55.1,8.5,0
P100367,40,M,West,Commercial,2,60,6,1,23.4,8,0,19.0,5.9,0
P100368,19,F,Northeast,Medicare,3,52,2,2,52.3,2,0,42.6,7.7,0
P100369,73,F,West,Commercial,1,28,7,0,64.6,3,0,6.7,5.7,0
P100370,42,M,Northeast,Medicaid,3,89,3,1,78.4,0,1,130.5,6.3,0
P100371,65,F,West,Commercial,2,25,4,3,32.1,1,0,59.1,8.1,1
P100372,47,M,South,Commercial,2,38,3,3,49.2,1,1,11.2,10.0,0
P100373,44,F,Midwest,Commercial,0,81,0,2,47.3,3,1,30.3,8.4,0
P100374,81,F,West,Commercial,2,49,4,2,45.4,1,2,1.8,6.1,0
P100375,24,F,Midwest,Commercial,1,73,6,1,21.6,0,0,14.0,8.5,0
P100376,71,F,South,Commercial,3,95,3,1,33.1,2,0,34.6,7.2,0
P100377,71,M,West,Medicaid,0,62,8,0,52.1,5,1,121.7,9.4,0
P100378,45,F,South,Medicaid,1,16,0,3,75.4,3,0,2.1,7.9,0
P100379,36,M,Midwest,Commercial,1,72,7,1,53.9,2,0,10.0,5.5,0
P100380,18,F,Midwest,Medicaid,2,57,1,1,29.8,4,1,54.4,7.5,0
P100381,85,M,South,Commercial,1,17,6,1,53.1,4,1,18.7,7.4,0
P100382,86,M,Northeast,Medicaid,1,11,4,0,28.6,5,1,57.2,4.1,0
P100383,35,M,South,Commercial,3,89,5,1,78.3,4,0,53.0,8.1,0
P100384,20,F,West,Medicare,0,11,4,1,97.1,9,0,22.7,10.0,0
P100385,26,M,Midwest,Commercial,1,44,4,1,62.0,1,0,38.3,6.5,0
P100386,22,M,Midwest,Commercial,2,94,3,1,76.5,0,1,10.3,2.4,1
P100387,77,M,South,Medicare,2,83,8,3,41.8,3,0,142.9,6.6,0
P100388,82,F,Midwest,Medicaid,2,80,1,2,65.4,1,0,119.2,10.0,0
P100389,29,F,South,Medicaid,3,70,5,0,58.1,4,0,7.6,5.6,0
P100390,71,F,Northeast,Commercial,0,46,2,2,83.8,2,0,98.2,9.7,1
P100391,30,M,Northeast,Medicare,1,28,3,0,44.0,3,0,6.6,6.2,0
P100392,44,M,South,Medicaid,0,86,7,1,56.7,1,0,106.7,8.0,0
P100393,61,F,Midwest,Commercial,1,55,3,1,31.2,5,0,154.0,7.4,1
P100394,69,M,South,Commercial,2,38,6,1,74.7,3,1,60.0,5.8,0
P100395,80,M,Northeast,Commercial,1,92,3,1,42.7,2,0,43.6,5.8,0
P100396,21,F,South,Commercial,0,36,3,2,50.6,0,0,4.0,9.5,0
P100397,32,F,South,Commercial,1,4,4,1,36.2,1,1,46.6,9.9,0
P100398,38,M,Midwest,Commercial,1,58,5,2,53.7,4,0,70.7,8.1,0
P100399,40,M,South,Medicare,1,41,4,1,76.3,4,0,34.5,5.9,0
P100400,89,F,South,Medicare,1,60,7,1,67.4,3,0,18.9,7.3,0
P100401,73,M,Northeast,Medicaid,1,59,3,2,90.4,3,0,19.4,7.1,0
P100402,41,M,Midwest,Medicare,2,60,3,0,42.1,3,0,144.3,8.3,0
P100403,87,M,West,Commercial,2,33,8,2,58.6,2,0,2.1,7.3,0
P100404,53,M,Midwest,Medicaid,2,24,1,1,87.2,5,0,14.0,6.5,0
P100405,54,M,South,Medicare,4,31,4,1,35.0,2,0,109.4,6.6,1
P100406,49,F,South,Medicare,0,92,4,1,88.5,3,1,56.8,7.2,0
P100407,28,F,South,Commercial,2,72,3,3,96.7,2,0,11.0,10.0,0
P100408,85,F,Northeast,Medicare,0,38,6,0,31.1,3,1,126.0,10.0,0
P100409,19,F,Northeast,Medicare,0,88,5,3,119.6,1,0,3.8,8.4,0
P100410,30,M,West,Medicare,0,73,2,2,51.8,3,0,1.8,8.0,0
P100411,34,F,West,Medicaid,1,52,6,2,16.5,1,0,7.1,6.0,0
P100412,38,F,West,Medicaid,2,77,5,3,31.2,1,0,145.7,7.0,0
P100413,27,F,Midwest,Medicaid,1,91,3,1,54.8,3,2,72.3,7.6,0
P100414,19,F,West,Medicare,1,54,4,3,48.4,0,2,2.1,9.2,0
P100415,66,F,South,Uninsured,0,10,7,1,39.0,3,0,57.1,7.1,0
P100416,87,M,South,Medicaid,2,41,4,1,27.7,5,0,41.8,6.3,0
P100417,26,M,Northeast,Commercial,1,22,3,2,23.6,2,1,17.6,7.3,0
P100418,39,F,Northeast,Medicare,0,67,3,1,100.0,2,0,46.6,9.3,0
P100419,54,M,Midwest,Commercial,0,9,0,0,67.6,5,1,27.8,8.7,0
P100420,84,M,Northeast,Commercial,3,45,5,0,83.8,3,0,21.0,8.1,0
P100421,67,F,West,Commercial,3,42,4,2,35.3,6,0,94.2,7.5,0
P100422,73,M,West,Medicare,2,37,6,1,48.9,1,1,1.7,6.4,0
P100423,59,F,South,Commercial,1,60,1,0,33.4,1,0,34.8,7.1,0
P100424,48,F,Midwest,Commercial,2,52,6,1,46.3,0,1,89.0,6.6,0
P100425,32,M,Northeast,Commercial,1,20,4,0,85.4,6,1,246.3,6.1,1
P100426,80,F,South,Medicare,2,77,11,3,48.0,1,0,36.5,6.3,0
P100427,75,M,Northeast,Medicaid,0,43,6,1,56.3,1,1,42.8,7.2,0
P100428,19,M,Northeast,Uninsured,3,15,2,1,42.1,9,0,115.6,8.3,0
P100429,69,M,Northeast,Commercial,1,66,7,0,78.2,1,0,35.0,7.6,1
P100430,24,M,West,Commercial,2,38,4,2,44.8,3,0,38.4,7.3,0
P100431,71,M,Midwest,Medicaid,0,61,2,2,90.7,2,0,7.9,8.2,0
P100432,77,M,West,Commercial,1,72,3,2,50.3,1,0,188.7,5.5,1
P100433,27,F,West,Uninsured,0,60,2,1,120.6,1,0,34.5,3.9,0
P100434,49,F,West,Medicare,0,90,0,0,89.9,0,0,12.4,5.0,1
P100435,26,M,West,Medicare,1,58,4,1,58.7,3,3,18.8,8.5,0
P100436,58,F,Northeast,Commercial,3,37,5,0,61.7,5,3,219.9,10.0,1
P100437,84,F,West,Commercial,1,94,5,0,94.3,0,0,16.6,6.9,0
P100438,23,F,Midwest,Medicare,1,49,4,3,68.1,4,1,118.4,8.5,0
P100439,46,M,Northeast,Commercial,0,68,5,0,75.0,2,0,5.9,4.8,0
P100440,88,F,Northeast,Medicaid,0,32,2,1,112.9,2,1,188.3,4.9,1
P100441,39,F,West,Medicare,1,87,2,2,65.2,4,0,18.3,7.5,0
P100442,27,F,West,Commercial,0,90,5,1,7.5,0,1,4.0,10.0,0
P100443,53,F,South,Commercial,1,91,4,2,64.3,4,1,44.3,7.6,0
P100444,54,M,Northeast,Medicare,1,37,5,3,89.3,1,0,118.4,4.7,1
P100445,65,F,South,Commercial,1,82,4,2,67.9,4,0,15.4,6.6,0
P100446,40,M,Northeast,Medicare,0,64,2,0,31.0,9,0,3.7,5.2,0
P100447,86,M,Midwest,Medicare,2,10,3,2,57.9,2,0,119.6,8.1,0
P100448,55,F,South,Medicaid,1,88,3,3,97.1,3,1,66.5,5.8,1
P100449,38,M,Northeast,Commercial,0,51,4,2,24.5,2,0,20.2,9.4,0
P100450,87,M,West,Commercial,1,51,1,0,17.0,5,1,12.6,5.8,0
P100451,84,M,West,Medicaid,2,37,3,1,39.1,4,0,23.4,5.8,0
P100452,53,F,West,Medicare,2,82,7,2,88.7,1,1,60.8,10.0,0
P100453,19,F,West,Medicare,2,10,3,3,8.8,1,0,150.3,4.9,1
P100454,60,M,Northeast,Medicare,2,37,6,2,63.0,2,1,5.6,9.6,0
P100455,57,M,West,Medicaid,3,54,3,2,72.4,1,0,4.0,5.9,0
P100456,28,M,West,Commercial,0,19,4,2,60.0,2,0,35.3,5.7,0
P100457,63,M,West,Commercial,1,21,6,1,23.0,2,0,4.9,9.1,0
P100458,78,F,South,Medicaid,2,59,8,1,63.3,3,1,39.4,7.6,0
P100459,25,M,South,Commercial,0,56,1,2,32.7,2,0,92.6,5.6,0
P100460,70,F,West,Medicaid,2,78,5,0,63.6,2,0,44.2,6.5,0
P100461,28,M,Northeast,Commercial,0,78,4,1,37.7,2,0,91.9,4.6,1
P100462,71,F,Midwest,Commercial,0,2,6,0,68.3,1,0,2.3,4.8,0
P100463,48,F,West,Commercial,2,38,4,2,58.8,3,0,84.8,8.0,0
P100464,18,M,West,Medicaid,2,81,3,0,28.4,0,1,61.0,6.0,0
P100465,87,M,Midwest,Medicaid,0,91,4,2,73.8,3,0,91.9,10.0,0
P100466,29,M,West,Commercial,0,10,2,1,56.3,1,0,87.2,6.1,0
P100467,60,F,West,Commercial,0,73,6,0,68.0,1,0,26.2,5.4,1
P100468,31,F,West,Commercial,3,23,3,4,64.9,2,1,15.3,7.1,0
P100469,85,M,Northeast,Commercial,3,77,2,0,85.0,2,0,3.3,6.5,0
P100470,71,F,Northeast,Medicare,0,43,3,2,74.4,5,0,7.3,6.7,0
P100471,75,F,South,Commercial,2,11,3,1,70.1,2,0,62.5,5.8,1
P100472,49,M,South,Commercial,1,20,4,2,12.4,1,1,46.4,7.7,0
P100473,51,F,South,Commercial,1,90,6,1,49.1,2,1,71.3,7.0,0
P100474,63,M,Northeast,Medicare,2,73,4,2,7.0,0,1,7.3,9.5,0
P100475,74,F,Midwest,Medicare,1,4,2,2,22.5,1,0,10.4,10.0,0
P100476,78,M,Northeast,Medicare,1,91,5,1,86.1,2,0,88.0,6.3,0
P100477,19,M,West,Medicare,2,81,9,0,45.4,2,0,156.9,7.2,0
P100478,65,M,Midwest,Uninsured,2,52,3,1,85.5,5,1,47.3,10.0,0
P100479,25,M,West,Medicare,1,3,7,2,37.2,2,0,1.5,4.4,0
P100480,38,F,Northeast,Medicaid,2,42,3,0,53.4,1,0,2.6,10.0,0
P100481,77,M,South,Medicare,2,16,7,2,60.6,2,1,42.3,8.7,0
P100482,36,M,West,Commercial,3,35,6,2,95.5,4,0,47.5,4.3,0
P100483,75,M,South,Medicaid,4,30,5,1,82.0,1,1,8.3,6.5,0
P100484,51,M,Midwest,Medicare,0,68,0,1,44.5,1,0,35.8,10.0,0
P100485,34,M,Northeast,Medicare,2,71,5,0,44.7,2,2,94.3,8.2,1
P100486,42,M,West,Commercial,1,17,7,1,61.7,1,0,0.8,6.4,0
P100487,56,M,South,Commercial,0,86,4,1,116.8,2,0,16.2,5.6,1
P100488,73,F,West,Medicaid,1,64,7,2,59.2,1,0,24.4,4.4,0
P100489,61,F,South,Commercial,1,64,4,1,36.8,1,2,2.4,8.0,0
P100490,85,M,Northeast,Commercial,2,74,8,1,38.0,4,0,76.5,9.5,0
P100491,80,F,Midwest,Commercial,2,70,4,1,52.8,2,0,16.5,8.5,0
P100492,72,M,South,Medicare,0,75,3,1,65.4,3,0,12.6,7.3,0
P100493,61,M,South,Medicaid,1,28,4,0,34.8,2,0,4.1,8.1,0
P100494,38,F,West,Medicare,1,66,4,0,81.2,0,1,55.4,7.0,0
P100495,47,M,South,Medicaid,1,93,7,2,41.1,2,1,16.8,8.5,0
P100496,26,M,South,Medicare,0,72,4,1,90.0,2,1,20.8,4.6,0
P100497,44,M,Midwest,Commercial,0,39,3,1,64.0,4,0,87.3,5.2,0
P100498,84,F,Northeast,Commercial,1,61,3,1,49.2,1,0,14.9,6.2,0
P100499,48,M,West,Commercial,1,87,4,1,7.0,3,0,11.5,4.8,0
P100500,26,F,Northeast,Medicare,0,63,2,1,48.7,4,0,42.9,10.0,1
P100501,64,M,Northeast,Commercial,2,75,5,0,58.1,5,1,37.8,6.7,0
P100502,87,F,Northeast,Commercial,0,85,1,3,59.2,2,0,13.1,7.3,0
P100503,80,M,South,Medicaid,0,35,3,0,72.7,3,0,25.4,9.1,0
P100504,37,M,Midwest,Medicare,1,32,4,1,48.3,4,0,41.0,6.2,0
P100505,50,M,Midwest,Commercial,1,33,6,3,73.1,4,0,8.5,4.7,0
P100506,56,F,West,Medicare,0,36,1,0,35.4,3,0,0.9,5.9,0
P100507,35,M,West,Medicare,1,65,6,0,83.2,1,0,21.0,6.5,0
P100508,37,M,South,Medicaid,1,47,7,0,83.6,0,0,33.9,7.9,0
P100509,35,F,West,Medicare,1,90,10,3,66.6,1,1,85.6,5.7,0
P100510,89,M,Northeast,Commercial,1,66,4,0,77.6,3,0,48.5,7.2,0
P100511,71,M,Northeast,Commercial,0,64,6,0,51.0,4,0,13.7,7.6,0
P100512,78,M,South,Commercial,1,91,5,1,54.1,2,0,3.9,7.0,0
P100513,76,M,Midwest,Medicare,0,82,4,3,52.6,2,0,2.1,10.0,0
P100514,87,M,Northeast,Medicare,0,4,6,1,91.1,3,1,37.4,8.1,0
P100515,25,M,West,Medicare,1,92,4,1,63.6,4,0,4.2,7.8,0
P100516,81,M,South,Medicare,3,84,2,0,39.5,3,0,18.9,9.5,0
P100517,22,F,South,Commercial,3,32,2,3,57.2,4,0,75.2,8.3,0
P100518,52,M,Midwest,Commercial,3,23,2,1,46.8,0,1,64.2,3.2,0
P100519,60,M,South,Commercial,4,52,1,1,63.1,2,0,10.1,9.8,0
P100520,43,M,South,Commercial,1,95,6,1,54.5,2,1,35.8,5.6,0
P100521,28,M,West,Medicare,1,58,3,0,24.8,1,0,67.6,7.6,0
P100522,31,F,South,Medicaid,0,55,4,0,31.9,4,1,166.5,5.7,1
P100523,77,F,Northeast,Commercial,4,21,3,0,49.4,2,1,22.2,8.0,1
P100524,40,F,Midwest,Medicare,0,86,3,0,93.2,7,2,38.5,5.7,0
P100525,40,F,Midwest,Commercial,1,76,5,1,12.9,7,1,48.1,7.5,0
P100526,84,F,Northeast,Medicare,1,6,2,0,68.7,8,0,19.7,9.0,0
P100527,28,F,West,Commercial,0,25,2,3,99.0,4,1,54.1,5.3,0
P100528,83,M,South,Medicare,2,84,7,1,84.1,3,0,1.9,5.8,0
P100529,84,F,Northeast,Commercial,2,68,4,2,59.4,2,0,40.6,4.8,0
P100530,61,F,Northeast,Commercial,2,39,6,2,54.3,6,1,97.2,10.0,0
P100531,29,F,Midwest,Medicare,1,50,2,2,76.0,3,1,3.8,7.1,0
P100532,29,F,Northeast,Commercial,0,12,2,4,97.7,2,0,69.3,7.0,1
P100533,38,F,South,Medicare,1,80,6,2,78.0,1,0,2.5,5.8,0
P100534,59,M,Midwest,Commercial,1,60,3,0,64.6,2,0,8.7,6.3,1
P100535,29,M,West,Uninsured,2,49,5,1,90.3,2,0,2.5,3.8,0
P100536,50,F,South,Commercial,2,59,9,0,64.5,4,0,36.3,8.5,0
P100537,26,M,West,Medicare,3,56,4,0,62.3,3,0,33.0,5.7,0
P100538,56,F,South,Medicaid,2,42,3,0,75.9,1,0,64.0,7.4,0
P100539,19,F,West,Medicare,3,18,2,0,44.0,2,1,115.5,8.1,1
P100540,69,M,South,Commercial,2,46,4,1,134.8,2,0,50.3,10.0,0
P100541,21,M,Northeast,Medicare,2,77,4,2,63.9,2,0,13.5,5.0,0
P100542,32,M,Midwest,Commercial,1,6,6,3,55.4,5,1,30.4,7.6,0
P100543,30,F,West,Medicare,1,39,6,2,81.1,3,0,18.6,6.7,0
P100544,77,F,West,Commercial,1,78,4,1,87.4,4,1,34.0,3.8,1
P100545,21,F,West,Medicaid,2,56,2,1,42.9,1,1,41.9,10.0,1
P100546,48,F,Northeast,Medicaid,2,3,2,0,17.3,2,1,185.3,5.6,1
P100547,60,M,Midwest,Commercial,4,81,8,3,51.7,4,0,71.1,7.6,0
P100548,55,F,Midwest,Commercial,0,6,4,2,67.1,0,0,8.8,7.4,1
P100549,67,M,Midwest,Commercial,0,46,1,0,41.5,2,0,8.0,8.0,0
P100550,75,M,Northeast,Medicare,1,11,4,0,59.4,4,0,14.2,10.0,0
P100551,46,M,Northeast,Commercial,1,27,5,1,56.8,2,2,41.1,7.9,0
P100552,77,F,Midwest,Medicare,0,38,5,0,19.1,1,0,13.8,7.0,0
P100553,40,F,West,Medicare,1,26,3,1,76.5,3,0,3.7,8.1,0
P100554,88,F,Northeast,Medicaid,0,84,2,4,82.5,3,0,0.4,7.6,0
P100555,54,M,Northeast,Commercial,3,54,6,2,64.9,0,1,96.3,9.3,0
P100556,70,F,South,Commercial,1,35,4,2,69.7,2,0,0.9,9.4,0
P100557,81,M,South,Commercial,1,28,4,0,43.7,2,0,19.9,7.5,0
P100558,75,M,West,Medicare,1,48,3,1,57.0,1,0,11.7,8.6,0
P100559,79,F,West,Commercial,4,33,3,1,76.8,4,1,56.9,10.0,0
P100560,56,M,Midwest,Commercial,0,77,0,1,25.8,4,0,1.9,7.5,0
P100561,21,F,West,Commercial,0,23,5,2,34.4,4,0,7.6,9.2,0
P100562,53,M,Northeast,Medicare,2,66,0,0,24.4,4,0,13.7,6.9,0
P100563,31,F,West,Medicaid,1,43,12,0,102.1,3,0,32.4,8.2,0
P100564,82,M,South,Commercial,1,26,7,1,53.1,2,0,41.4,5.3,0
P100565,35,M,South,Commercial,0,45,1,1,95.9,3,0,22.4,5.7,0
P100566,34,M,Northeast,Commercial,0,12,7,3,58.1,1,0,20.4,10.0,0
P100567,35,F,Northeast,Commercial,1,50,2,0,104.8,2,1,40.7,7.8,0
P100568,64,M,Northeast,Uninsured,1,69,2,0,90.8,1,1,63.1,7.3,0
P100569,59,F,South,Medicare,1,57,1,1,42.9,2,1,51.8,9.8,0
P100570,86,M,Northeast,Medicare,1,2,6,2,62.8,3,0,52.8,8.7,0
P100571,47,F,Northeast,Medicaid,0,56,4,2,34.9,1,0,90.2,7.3,0
P100572,38,F,Midwest,Medicare,3,3,3,0,76.6,4,0,40.9,6.7,0
P100573,21,F,West,Commercial,0,35,4,0,86.9,3,0,60.2,8.6,0
P100574,18,F,Northeast,Medicare,0,61,5,1,107.0,0,0,12.6,8.6,0
P100575,44,F,Midwest,Commercial,0,86,6,2,94.4,3,0,74.2,8.0,0
P100576,84,M,West,Commercial,1,93,4,0,70.8,2,1,7.8,10.0,0
P100577,55,F,South,Uninsured,0,49,3,1,68.8,2,0,21.3,6.1,0
P100578,82,M,Northeast,Commercial,0,21,1,3,53.8,3,0,58.2,8.2,1
P100579,25,F,Northeast,Medicare,0,80,0,1,105.6,2,1,44.9,7.0,0
P100580,24,M,West,Commercial,1,34,9,2,38.4,3,1,27.0,6.5,0
P100581,78,M,South,Commercial,1,53,6,3,34.1,3,0,49.7,6.8,0
P100582,25,F,Northeast,Medicare,2,19,5,2,32.6,1,0,247.2,8.1,1
P100583,21,M,West,Medicaid,0,36,4,1,86.9,4,0,18.2,6.1,0
P100584,47,M,West,Medicare,2,46,6,2,84.1,2,0,36.0,6.1,1
P100585,84,M,Midwest,Commercial,0,71,3,1,71.1,3,0,19.4,3.6,0
P100586,67,F,Northeast,Commercial,0,86,3,3,67.8,0,0,1.8,9.4,0
P100587,25,F,Northeast,Medicare,0,17,7,1,30.4,3,0,222.3,8.1,0
P100588,78,M,Northeast,Medicare,2,54,3,0,66.8,3,1,32.0,9.0,0
P100589,78,F,Northeast,Medicaid,0,93,6,0,90.8,1,1,9.1,5.6,0
P100590,75,M,Midwest,Medicare,0,2,3,0,33.0,4,0,23.4,8.0,0
P100591,82,F,South,Medicaid,0,55,6,4,29.5,4,0,118.8,7.9,0
P100592,35,M,West,Medicaid,1,73,4,2,67.8,2,0,18.0,7.9,0
P100593,88,F,Northeast,Commercial,6,10,5,2,79.2,4,1,31.9,6.7,0
P100594,41,F,Midwest,Medicare,0,64,6,0,80.4,2,1,75.0,5.9,0
P100595,75,M,West,Medicare,0,41,4,1,90.3,2,1,20.3,8.2,1
P100596,59,M,Northeast,Uninsured,2,58,3,2,64.0,0,0,136.7,7.1,1
P100597,74,M,Midwest,Commercial,3,68,4,2,18.6,2,0,18.0,7.1,0
P100598,63,M,Midwest,Medicare,0,14,0,1,72.9,3,1,48.0,5.8,0
P100599,64,F,Northeast,Commercial,1,7,2,3,89.7,2,2,22.0,7.0,1
P100600,62,F,South,Medicare,1,31,2,2,44.5,4,1,49.6,9.7,0
P100601,74,F,West,Medicaid,0,25,5,1,56.6,4,0,37.9,9.0,0
P100602,71,F,West,Medicaid,1,28,2,3,7.0,6,1,23.5,7.8,0
P100603,27,F,South,Commercial,2,88,3,0,53.0,3,0,36.0,8.2,0
P100604,77,M,Northeast,Commercial,1,66,3,1,99.9,2,0,34.2,4.8,0
P100605,56,F,Northeast,Medicaid,0,34,1,2,48.9,1,0,11.1,10.0,0
P100606,41,F,West,Medicare,4,58,4,2,33.6,3,0,35.8,10.0,0
P100607,55,F,Midwest,Medicaid,1,16,8,1,109.0,2,1,3.1,5.6,0
P100608,87,F,South,Commercial,5,18,12,1,75.4,0,2,66.0,7.0,0
P100609,79,F,Northeast,Medicaid,2,10,5,1,71.9,0,1,27.2,8.1,0
P100610,78,M,West,Medicare,2,41,8,1,63.9,4,0,89.8,8.3,0
P100611,51,F,South,Commercial,2,59,6,1,43.1,0,0,70.5,6.5,0
P100612,74,M,Midwest,Commercial,0,49,4,1,53.4,2,0,48.0,7.8,0
P100613,45,M,West,Medicare,1,54,5,0,101.5,1,1,40.0,8.4,1
P100614,67,M,Midwest,Commercial,1,16,1,0,42.8,3,1,8.9,5.6,0
P100615,64,M,West,Medicaid,0,62,2,1,94.1,1,0,12.8,6.9,0
P100616,35,F,Midwest,Medicare,0,53,7,3,68.7,4,0,7.4,9.1,0
P100617,37,F,South,Medicare,4,92,4,1,68.9,1,2,53.9,9.6,0
P100618,22,F,West,Commercial,0,24,7,2,18.2,1,0,14.4,8.7,0
P100619,28,M,Midwest,Uninsured,0,6,4,4,70.6,3,1,57.3,8.7,1
P100620,49,M,West,Medicare,1,44,6,2,58.4,5,1,6.0,7.1,0
P100621,52,F,Northeast,Medicaid,3,19,5,3,19.7,3,0,53.0,7.1,1
P100622,29,F,Midwest,Medicaid,3,17,5,1,61.0,1,1,51.1,7.8,0
P100623,48,M,Midwest,Medicare,1,23,5,2,49.4,2,0,29.2,6.0,0
P100624,61,M,Northeast,Medicaid,3,65,6,1,66.6,7,2,39.7,7.1,0
P100625,34,M,South,Medicare,2,41,3,0,38.7,3,0,12.5,7.6,0
P100626,42,M,West,Medicare,0,84,2,2,34.6,4,0,20.1,10.0,0
P100627,44,M,Midwest,Commercial,2,12,3,2,62.4,2,0,121.2,10.0,0
P100628,54,M,West,Commercial,1,89,4,3,50.1,3,0,18.0,10.0,0
P100629,44,F,Northeast,Medicare,1,39,9,0,51.6,2,1,90.7,5.4,0
P100630,71,F,Northeast,Commercial,1,51,3,1,29.5,1,3,65.2,10.0,1
P100631,41,M,West,Medicare,1,78,5,0,58.6,4,0,6.2,7.9,0
P100632,49,M,South,Uninsured,1,47,2,3,76.0,1,1,4.1,6.5,0
P100633,45,F,West,Commercial,2,16,2,2,66.9,4,0,129.0,7.0,1
P100634,31,M,West,Commercial,3,23,4,0,50.8,7,0,11.0,5.1,0
P100635,67,F,South,Medicare,2,88,0,2,19.0,2,0,103.9,7.5,0
P100636,34,M,West,Commercial,3,7,8,1,38.7,1,1,30.6,9.0,1
P100637,39,F,West,Medicaid,1,87,5,2,41.4,1,0,45.8,5.4,0
P100638,75,M,Northeast,Medicare,0,65,2,2,81.0,5,0,36.1,6.0,0
P100639,86,M,Northeast,Medicare,2,49,3,1,80.1,2,1,17.3,7.0,1
P100640,66,F,Northeast,Medicare,1,31,2,0,67.8,3,0,21.9,10.0,0
P100641,83,F,Midwest,Medicare,5,82,3,3,51.3,4,0,36.7,3.5,0
P100642,79,M,Northeast,Commercial,2,4,5,2,92.6,2,0,29.9,8.5,0
P100643,52,F,South,Commercial,2,68,3,1,75.7,1,3,3.0,8.1,0
P100644,73,F,South,Commercial,1,20,7,1,8.1,1,4,32.9,8.5,0
P100645,41,M,Northeast,Medicaid,3,34,3,0,99.6,1,0,58.4,3.6,0
P100646,51,F,South,Commercial,0,7,3,1,55.9,3,0,44.0,6.1,0
P100647,56,F,Midwest,Commercial,0,54,5,1,83.5,3,1,10.5,6.5,0
P100648,87,F,West,Commercial,0,15,4,2,71.8,3,0,48.8,4.7,0
P100649,79,M,South,Commercial,0,12,3,1,27.7,5,0,57.8,10.0,0
P100650,53,F,Midwest,Commercial,1,32,5,3,48.3,2,0,61.8,8.7,0
P100651,64,F,Midwest,Medicaid,0,48,4,0,11.8,4,1,20.1,9.2,0
P100652,32,F,South,Commercial,1,90,2,2,40.6,3,1,26.8,8.8,0
P100653,75,F,Midwest,Medicare,0,79,3,1,63.5,4,0,25.2,4.6,0
P100654,57,F,West,Commercial,3,39,0,0,61.7,0,0,13.8,4.6,0
P100655,56,F,Northeast,Medicare,1,56,5,1,43.3,4,0,64.6,9.5,0
P100656,73,F,Midwest,Commercial,2,74,5,2,53.7,1,0,48.5,5.4,0
P100657,63,F,Northeast,Medicare,2,37,6,1,62.8,0,0,27.9,8.2,0
P100658,23,M,West,Medicaid,0,73,6,2,76.8,1,1,8.5,5.6,0
P100659,38,F,Midwest,Commercial,2,64,1,1,44.3,2,1,0.0,5.9,1
P100660,30,F,Northeast,Uninsured,0,67,7,2,56.2,3,1,67.8,7.3,0
P100661,70,M,Midwest,Commercial,1,93,2,1,28.7,1,0,0.9,5.3,0
P100662,20,M,South,Medicare,2,36,6,0,29.5,4,0,11.2,3.2,0
P100663,32,M,Northeast,Medicare,1,7,1,0,88.3,2,0,48.2,7.6,0
P100664,61,F,West,Commercial,1,51,3,3,98.2,1,0,34.5,10.0,1
P100665,68,F,South,Commercial,0,32,4,0,65.1,1,0,52.6,8.7,1
P100666,54,F,Northeast,Commercial,2,6,4,1,51.9,4,0,25.1,5.3,0
P100667,79,F,Midwest,Medicare,0,15,6,1,48.2,4,0,98.8,6.3,0
P100668,84,F,South,Commercial,2,51,1,0,90.5,2,0,109.1,7.1,0
P100669,27,M,Midwest,Medicaid,2,91,1,0,7.0,2,0,6.9,7.6,0
P100670,86,F,Northeast,Commercial,3,33,3,1,116.8,1,1,10.8,5.8,0
P100671,62,M,West,Medicaid,3,52,1,1,62.0,3,1,87.9,9.7,1
P100672,63,F,South,Commercial,1,17,2,2,7.0,3,0,58.5,6.3,0
P100673,24,F,South,Medicare,1,13,4,0,121.5,1,0,40.5,7.7,0
P100674,62,M,West,Commercial,1,75,4,2,7.0,3,0,44.5,10.0,0
P100675,70,M,Midwest,Commercial,2,59,6,1,7.0,3,0,41.4,7.1,0
P100676,59,F,Northeast,Commercial,3,19,5,1,37.6,3,0,8.7,10.0,0
P100677,24,M,Midwest,Medicare,2,48,5,0,56.1,5,0,18.7,8.2,0
P100678,55,F,Midwest,Commercial,1,56,7,1,90.0,2,0,56.6,6.5,0
P100679,85,F,South,Medicare,1,6,2,2,51.4,1,1,117.6,7.0,0
P100680,70,M,Northeast,Uninsured,1,29,2,2,39.9,6,0,35.9,6.4,0
P100681,27,F,Northeast,Commercial,0,83,2,2,52.3,0,0,21.2,4.7,1
P100682,87,F,West,Commercial,0,35,4,2,52.2,0,0,91.5,1.0,1
P100683,87,F,Northeast,Commercial,0,68,3,2,96.0,3,1,11.4,5.8,0
P100684,30,F,Midwest,Commercial,2,58,0,2,86.4,4,1,0.4,3.6,0
P100685,75,F,West,Medicare,1,1,6,1,44.9,3,0,97.8,5.6,0
P100686,47,F,South,Medicare,2,91,1,2,51.4,0,0,26.3,9.6,0
P100687,60,M,Northeast,Commercial,0,92,5,0,13.5,3,0,61.2,6.7,0
P100688,50,M,Midwest,Commercial,2,64,4,2,75.8,4,0,123.1,10.0,0
P100689,74,F,Midwest,Medicare,0,16,7,1,58.7,2,0,79.2,6.5,0
P100690,89,F,Northeast,Commercial,4,81,0,1,69.7,2,1,8.9,9.1,1
P100691,75,M,Midwest,Medicare,1,1,5,1,75.8,2,0,51.2,7.2,0
P100692,85,F,Northeast,Medicaid,0,49,5,3,98.9,2,0,5.7,6.7,0
P100693,86,M,South,Commercial,1,41,2,1,50.3,2,0,28.8,10.0,0
P100694,24,M,South,Medicare,2,67,3,1,61.4,1,1,68.9,10.0,1
P100695,36,F,West,Medicaid,0,14,4,3,99.2,0,0,9.5,6.7,0
P100696,69,F,West,Medicare,2,84,5,0,55.7,1,1,33.6,5.5,0
P100697,60,F,Midwest,Medicaid,1,55,10,1,57.7,7,0,38.7,7.4,0
P100698,21,F,Midwest,Medicaid,1,25,5,0,126.0,1,0,145.9,8.1,0
P100699,24,F,Northeast,Medicare,1,30,8,0,58.9,3,0,6.2,8.6,0
P100700,55,M,Northeast,Medicare,0,66,3,1,103.4,6,1,120.7,7.7,0
P100701,62,F,West,Medicare,0,18,1,0,46.0,1,1,79.8,5.9,0
P100702,30,M,South,Medicare,0,29,4,0,48.6,0,1,13.0,10.0,0
P100703,30,M,Midwest,Medicare,2,94,2,0,9.8,1,0,27.2,5.9,0
P100704,27,F,Midwest,Commercial,0,84,5,0,75.3,0,0,50.2,7.2,0
P100705,58,F,South,Medicaid,1,32,4,2,77.9,0,0,61.3,9.6,0
P100706,18,F,Midwest,Commercial,1,53,2,1,62.2,3,0,16.9,5.6,1
P100707,59,M,Midwest,Commercial,2,40,5,2,71.5,2,0,29.0,7.5,0
P100708,52,F,Northeast,Commercial,6,20,2,0,81.9,3,1,387.3,8.6,1
P100709,51,M,Midwest,Commercial,0,28,8,1,23.0,1,0,52.3,7.9,0
P100710,66,M,Northeast,Medicare,2,11,4,1,61.8,2,0,12.1,8.3,0
P100711,55,M,South,Commercial,0,80,2,0,101.5,3,0,0.6,7.0,0
P100712,70,M,West,Medicare,0,24,6,4,52.9,0,0,0.3,8.0,0
P100713,73,M,West,Medicare,1,19,4,0,25.6,0,1,12.5,6.2,0
P100714,84,M,Northeast,Commercial,0,61,6,1,87.0,3,0,45.3,4.4,0
P100715,75,M,Midwest,Commercial,0,13,4,0,63.7,3,0,23.0,6.3,0
P100716,55,M,Midwest,Medicare,1,91,2,0,59.3,2,0,58.4,7.5,0
P100717,53,M,Midwest,Medicare,0,84,4,1,49.8,2,0,120.0,8.5,0
P100718,34,M,West,Commercial,1,40,2,4,83.0,4,0,0.8,9.7,0
P100719,61,F,Northeast,Commercial,0,18,7,2,46.2,2,1,47.4,10.0,0
P100720,28,M,Midwest,Commercial,1,14,4,3,96.1,3,0,11.2,4.8,0
P100721,85,F,South,Commercial,0,82,5,0,62.1,2,0,50.6,5.6,0
P100722,78,M,Northeast,Commercial,2,42,5,1,85.3,3,1,30.8,6.7,0
P100723,26,F,South,Uninsured,0,55,6,1,82.4,4,0,22.0,8.1,0
P100724,74,M,Northeast,Commercial,1,12,3,1,30.5,4,0,30.6,7.3,0
P100725,26,M,Midwest,Commercial,3,79,4,2,71.9,2,0,142.8,8.8,0
P100726,69,M,Midwest,Medicaid,0,50,4,0,53.3,0,0,112.8,8.1,1
P100727,24,F,Midwest,Medicare,3,7,2,0,76.4,1,0,10.9,8.8,0
P100728,53,M,Northeast,Commercial,0,8,3,3,58.5,5,1,5.4,4.9,1
P100729,65,M,West,Medicare,0,92,2,0,12.9,1,1,31.9,7.7,0
P100730,70,M,Northeast,Medicaid,2,6,5,1,79.8,0,0,71.2,7.8,0
P100731,48,M,South,Commercial,1,29,2,1,7.0,3,0,50.3,7.9,0
P100732,84,M,South,Commercial,2,2,4,2,63.5,1,0,28.4,7.4,0
P100733,73,M,Midwest,Medicaid,3,6,4,0,107.4,1,0,57.9,10.0,1
P100734,32,F,South,Medicaid,0,78,4,0,95.0,3,1,76.9,7.5,1
P100735,66,M,West,Uninsured,0,73,3,1,70.1,3,0,6.5,5.4,0
P100736,70,F,West,Commercial,0,32,4,1,47.2,2,0,40.7,5.4,1
P100737,42,M,West,Medicaid,2,17,4,1,58.4,2,1,20.6,6.5,0
P100738,71,M,Northeast,Commercial,3,24,3,0,86.3,3,0,8.9,5.4,0
P100739,82,F,West,Medicare,0,34,3,0,40.3,4,0,74.6,10.0,0
P100740,76,F,Northeast,Medicaid,4,74,6,1,70.5,5,0,79.8,10.0,0
P100741,72,F,West,Commercial,1,57,6,0,38.7,4,1,34.2,6.5,0
P100742,63,M,West,Commercial,1,43,3,1,53.0,3,2,136.4,8.3,0
P100743,37,F,Northeast,Medicare,0,7,2,2,48.2,1,0,61.5,6.9,0
P100744,75,F,Northeast,Medicaid,0,11,1,0,70.4,0,1,4.5,7.1,0
P100745,44,M,Midwest,Commercial,2,20,3,0,73.7,5,1,1.8,6.3,0
P100746,56,F,Northeast,Medicaid,1,21,5,1,113.8,3,0,64.3,8.5,0
P100747,40,M,West,Commercial,1,47,4,1,56.2,0,0,22.2,7.2,0
P100748,40,F,Midwest,Commercial,2,82,10,0,68.1,1,0,9.3,6.8,0
P100749,29,F,Midwest,Commercial,2,41,1,0,89.4,1,0,8.8,6.8,1
P100750,87,F,West,Medicaid,1,32,8,2,59.4,3,0,48.2,9.4,0
P100751,28,F,Northeast,Commercial,2,53,2,0,62.4,3,2,82.2,5.9,0
P100752,24,F,Midwest,Medicare,1,8,6,1,75.2,4,0,2.5,6.4,0
P100753,85,M,West,Commercial,1,70,4,1,43.1,3,0,196.3,6.3,0
P100754,57,F,Northeast,Medicaid,1,6,1,1,65.0,2,1,22.6,8.8,1
P100755,49,F,Northeast,Medicaid,0,34,9,0,39.7,4,0,26.3,10.0,0
P100756,71,F,Northeast,Commercial,0,91,7,1,52.0,1,0,0.2,6.3,0
P100757,45,F,South,Commercial,1,39,3,0,113.7,2,3,3.0,10.0,0
P100758,27,M,Northeast,Commercial,0,72,3,0,56.4,5,1,65.5,9.6,0
P100759,70,F,Northeast,Commercial,1,26,7,2,65.5,5,1,58.2,5.7,0
P100760,30,M,West,Medicaid,2,81,5,0,7.0,0,0,26.9,7.9,0
P100761,57,F,South,Medicare,0,33,6,1,71.0,2,1,109.8,5.5,0
P100762,86,F,South,Commercial,0,22,5,0,109.4,1,0,4.1,6.9,0
P100763,85,F,South,Medicare,2,5,7,1,38.8,4,0,28.5,4.9,0
P100764,43,F,West,Medicare,1,30,5,0,87.1,2,1,35.1,6.7,0
P100765,74,M,South,Commercial,1,56,4,1,44.5,4,0,15.4,7.0,0
P100766,62,F,South,Commercial,0,7,3,1,18.6,4,0,49.0,5.8,0
P100767,52,F,West,Commercial,1,17,6,0,49.1,3,0,60.1,8.2,0
P100768,28,M,Northeast,Medicare,3,33,5,0,42.9,5,0,57.0,9.5,1
P100769,45,M,South,Commercial,0,69,2,6,62.9,2,1,47.9,8.4,1
P100770,64,M,Midwest,Medicare,1,57,8,1,52.4,3,0,62.0,5.2,0
P100771,89,M,Midwest,Commercial,0,5,5,1,35.0,4,0,154.9,9.7,0
P100772,18,M,West,Medicare,1,4,3,1,73.3,5,0,43.3,7.8,0
P100773,69,M,West,Commercial,2,6,4,2,89.3,2,1,23.8,6.0,0
P100774,78,M,South,Medicare,1,32,4,1,76.2,4,0,1.6,7.2,0
P100775,86,F,West,Commercial,2,28,6,2,64.5,2,0,9.5,9.8,0
P100776,48,M,Northeast,Commercial,1,12,6,1,58.1,3,1,1.6,7.4,0
P100777,26,F,Northeast,Commercial,0,42,7,1,74.6,5,2,43.5,6.5,0
P100778,37,M,West,Medicare,1,57,2,0,46.2,3,1,15.3,7.3,0
P100779,79,M,Northeast,Medicaid,0,66,5,0,81.0,6,1,26.0,5.0,0
P100780,81,F,South,Commercial,0,95,3,1,28.0,5,0,21.2,6.0,0
P100781,63,M,Midwest,Medicare,3,66,3,5,16.4,3,0,29.1,8.6,0
P100782,26,M,South,Medicare,2,94,3,1,75.3,2,0,19.8,7.2,0
P100783,26,F,West,Medicare,1,93,0,0,33.2,3,0,91.5,6.8,0
P100784,52,M,South,Medicare,2,81,3,0,41.1,1,0,32.9,7.4,0
P100785,60,M,Midwest,Commercial,0,34,9,2,34.1,7,1,26.4,8.8,0
P100786,20,M,Northeast,Medicare,2,5,3,4,74.9,1,0,119.7,10.0,1
P100787,67,F,Northeast,Medicaid,1,6,3,1,40.1,3,1,10.1,2.2,1
P100788,57,F,Northeast,Medicaid,2,83,3,0,94.8,3,0,93.7,7.4,1
P100789,18,M,Midwest,Commercial,2,82,2,2,79.2,3,0,36.2,6.9,1
P100790,24,F,Northeast,Medicare,2,30,7,0,66.6,3,0,86.6,9.7,0
P100791,50,F,Midwest,Commercial,0,70,4,1,100.0,2,1,43.4,7.2,1
P100792,70,F,South,Medicare,0,44,6,3,36.6,0,0,42.2,6.6,0
P100793,77,F,Midwest,Commercial,2,7,5,1,63.3,1,1,33.2,7.0,1
P100794,49,M,West,Commercial,0,63,1,1,7.0,1,0,12.0,10.0,0
P100795,39,M,West,Medicare,1,8,3,2,46.8,2,0,55.3,4.2,0
P100796,87,M,Northeast,Medicaid,1,13,3,0,27.1,4,0,33.1,7.9,0
P100797,51,M,West,Commercial,2,46,4,1,82.7,1,1,148.1,8.2,1
P100798,40,F,West,Medicare,0,7,4,0,91.5,3,0,43.3,10.0,0
P100799,49,F,Midwest,Medicare,0,33,2,3,53.2,3,1,75.3,5.2,0
P100800,18,F,Northeast,Medicaid,2,72,5,1,117.1,3,2,28.4,6.4,0
P100801,39,F,Midwest,Medicare,2,57,4,0,38.9,1,0,27.4,8.3,0
P100802,55,F,Midwest,Commercial,2,6,3,2,30.3,6,0,74.0,6.8,0
P100803,84,F,Midwest,Commercial,1,21,4,1,46.5,5,1,55.1,4.5,0
P100804,71,F,South,Medicare,0,95,6,0,69.6,1,0,31.1,9.1,0
P100805,74,F,Midwest,Commercial,0,92,5,0,83.7,3,0,15.3,7.5,0
P100806,57,M,Midwest,Medicaid,0,88,2,0,79.8,3,0,13.7,6.0,0
P100807,25,M,South,Medicaid,2,49,0,0,51.5,3,1,13.4,5.6,0
P100808,46,M,West,Medicaid,0,41,4,0,88.1,4,0,11.8,8.1,0
P100809,89,M,Midwest,Commercial,1,72,4,0,47.0,3,0,37.1,5.2,0
P100810,21,M,South,Medicare,0,91,3,1,132.7,4,0,48.6,8.2,0
P100811,81,F,Midwest,Medicare,0,12,4,0,86.9,1,0,71.8,10.0,0
P100812,67,M,West,Commercial,2,86,4,2,9.6,1,1,285.5,5.3,1
P100813,38,F,South,Commercial,0,59,1,1,47.8,2,0,25.2,10.0,0
P100814,74,F,Midwest,Commercial,0,14,9,1,41.1,5,1,2.6,9.7,0
P100815,78,F,Northeast,Commercial,1,83,6,1,113.0,3,0,25.0,6.4,0
P100816,21,F,South,Uninsured,3,4,4,0,36.7,6,0,30.2,6.9,0
P100817,25,F,Midwest,Medicaid,2,3,4,1,7.0,1,1,3.9,6.6,0
P100818,65,M,West,Commercial,1,35,2,1,85.4,3,1,165.5,8.1,0
P100819,89,M,Midwest,Medicare,1,52,4,1,7.0,2,0,16.3,7.6,0
P100820,19,M,Midwest,Commercial,1,41,5,1,51.3,4,0,66.9,6.8,0
P100821,65,M,South,Commercial,2,24,7,1,80.4,7,0,12.4,6.2,0
P100822,27,M,Midwest,Commercial,1,63,6,0,50.6,3,1,120.4,6.2,0
P100823,64,F,South,Medicare,1,46,3,1,95.9,1,0,80.7,9.0,0
P100824,62,M,Northeast,Medicare,1,12,3,2,70.1,4,0,61.9,5.7,0
P100825,24,M,Northeast,Medicaid,1,78,5,1,37.5,2,0,224.5,6.4,1
P100826,67,F,Midwest,Medicaid,2,30,2,1,65.8,1,0,129.3,8.9,1
P100827,82,F,West,Commercial,1,66,7,1,104.0,3,1,24.9,6.7,1
P100828,80,M,South,Medicare,0,34,3,0,66.5,4,0,79.9,6.2,0
P100829,20,M,West,Commercial,1,72,3,2,73.5,2,0,7.0,6.8,0
P100830,35,F,West,Commercial,2,27,2,0,72.0,2,0,7.6,10.0,0
P100831,35,M,Midwest,Medicare,0,21,3,2,42.3,3,0,20.0,5.7,0
P100832,50,F,West,Commercial,1,8,4,1,18.8,1,0,1.1,9.7,0
P100833,28,F,South,Commercial,2,80,5,1,70.0,3,0,26.6,6.4,0
P100834,79,F,South,Commercial,2,69,3,2,96.7,2,1,25.4,8.2,0
P100835,73,F,Midwest,Commercial,2,59,3,0,75.3,1,1,4.5,6.5,0
P100836,76,M,Midwest,Medicaid,3,58,5,3,26.8,4,0,30.2,9.1,0
P100837,32,F,Midwest,Commercial,1,7,3,1,71.0,4,0,72.4,5.1,0
P100838,19,M,South,Medicare,0,40,4,2,84.0,3,0,10.1,6.0,0
P100839,83,F,West,Uninsured,4,82,5,0,90.3,4,0,18.9,6.3,0
P100840,38,M,Northeast,Medicare,3,28,4,1,75.9,5,1,82.4,8.0,0
P100841,65,M,Northeast,Commercial,2,6,4,1,66.9,3,1,24.2,7.5,0
P100842,83,M,South,Medicaid,1,80,4,0,44.5,6,1,124.0,4.4,0
P100843,20,M,Northeast,Commercial,0,3,2,1,55.9,2,0,20.1,5.6,0
P100844,18,M,South,Commercial,3,66,1,0,85.5,2,1,30.9,10.0,0
P100845,18,F,Midwest,Medicare,0,80,4,1,39.4,0,1,32.5,7.5,0
P100846,29,M,South,Commercial,4,71,4,2,38.4,3,0,31.7,3.8,1
P100847,21,M,Northeast,Medicaid,1,2,6,0,78.4,2,0,140.0,8.6,0
P100848,77,F,South,Commercial,2,86,5,1,69.9,3,0,3.4,7.6,0
P100849,61,F,Midwest,Medicare,2,9,5,2,97.1,2,0,32.2,8.1,0
P100850,88,F,West,Medicare,0,81,2,1,83.2,4,1,37.8,8.4,0
P100851,75,F,West,Uninsured,3,2,8,0,46.7,0,1,25.2,5.7,1
P100852,87,F,Midwest,Commercial,1,47,2,0,99.2,2,0,2.5,8.2,0
P100853,35,F,Northeast,Commercial,1,84,1,1,68.1,0,0,12.9,9.1,0
P100854,38,M,Northeast,Medicaid,1,25,4,1,78.2,2,4,4.5,6.9,0
P100855,79,F,South,Medicare,0,5,11,1,51.7,3,1,12.1,9.7,0
P100856,35,M,Northeast,Commercial,1,9,4,4,73.4,2,0,69.2,4.4,1
P100857,22,F,Midwest,Commercial,0,36,5,0,47.6,3,0,36.4,8.7,0
P100858,66,M,South,Medicaid,0,35,4,1,7.5,2,0,28.5,5.5,0
P100859,75,F,West,Medicare,3,21,3,1,106.1,2,0,115.3,3.5,0
P100860,87,F,South,Medicare,3,44,7,0,39.0,4,0,5.1,5.1,0
P100861,84,F,South,Medicaid,0,33,4,0,46.7,1,1,133.1,4.2,0
P100862,26,M,Midwest,Commercial,0,57,6,2,45.1,1,0,33.2,10.0,0
P100863,73,F,Northeast,Commercial,1,28,6,0,106.2,6,2,33.8,6.1,0
P100864,78,M,West,Medicare,1,30,4,4,72.9,2,0,56.6,8.3,0
P100865,68,F,Midwest,Medicaid,3,85,2,2,76.7,3,0,111.7,6.4,1
P100866,77,M,Midwest,Commercial,2,75,4,0,85.0,2,1,4.1,10.0,0
P100867,78,F,South,Medicare,1,74,8,2,79.8,3,0,47.2,6.5,0
P100868,50,M,West,Commercial,1,37,0,1,66.4,3,0,73.6,8.0,0
P100869,20,F,West,Commercial,1,85,4,2,65.6,3,0,4.3,6.0,0
P100870,50,F,Northeast,Medicaid,1,33,2,4,98.3,2,0,40.7,8.8,0
P100871,32,F,Midwest,Commercial,1,69,3,0,30.6,3,0,28.7,7.2,0
P100872,26,F,West,Commercial,3,72,2,0,38.8,0,0,6.4,8.5,1
P100873,26,F,South,Medicaid,2,32,5,1,77.1,3,0,25.6,4.7,1
P100874,68,M,Midwest,Commercial,4,59,4,2,69.1,2,0,56.9,8.3,0
P100875,54,F,West,Commercial,0,18,5,1,52.2,0,0,5.7,7.6,1
P100876,56,F,South,Medicaid,3,37,6,0,120.3,3,0,172.4,4.5,0
P100877,71,M,Midwest,Commercial,1,51,4,0,31.2,4,0,39.4,3.8,0
P100878,57,F,Midwest,Medicare,2,64,7,0,62.0,6,0,3.3,9.9,0
P100879,63,F,Northeast,Commercial,1,34,7,4,67.8,4,0,19.6,8.4,0
P100880,24,M,Northeast,Commercial,2,68,5,1,50.6,3,2,1.7,8.4,0
P100881,79,M,Midwest,Medicare,2,62,3,0,44.0,3,0,46.4,10.0,0
P100882,50,M,Northeast,Commercial,1,83,2,0,53.0,4,0,36.6,9.0,0
P100883,29,F,West,Medicaid,3,4,4,1,100.4,1,2,57.7,9.9,0
P100884,76,M,Midwest,Medicaid,0,49,1,1,51.1,4,2,23.1,5.5,1
P100885,70,F,Midwest,Medicaid,0,68,6,2,70.4,1,0,77.2,7.5,1
P100886,21,M,South,Commercial,2,41,4,1,45.4,3,0,50.8,10.0,0
P100887,31,M,South,Commercial,2,29,6,1,78.4,0,0,199.1,8.7,0
P100888,19,M,South,Medicaid,2,56,4,0,87.5,5,0,8.9,2.0,0
P100889,37,F,Midwest,Medicare,1,44,5,0,55.8,1,2,7.2,7.9,0
P100890,25,F,South,Medicare,4,41,2,2,77.7,2,0,13.5,6.4,0
P100891,69,M,South,Medicaid,1,93,2,1,57.3,4,0,15.6,5.8,0
P100892,55,F,Northeast,Commercial,1,41,3,0,61.2,2,1,13.3,9.6,0
P100893,88,M,Midwest,Commercial,1,21,1,1,71.4,5,1,17.0,6.6,1
P100894,71,M,Midwest,Medicare,2,2,5,0,67.9,8,0,79.9,8.0,0
P100895,62,M,Midwest,Medicare,1,12,3,0,66.0,1,1,0.7,6.2,0
P100896,54,F,South,Commercial,2,52,4,2,23.2,2,0,38.0,8.0,0
P100897,21,F,Northeast,Medicare,1,20,5,0,29.1,0,1,31.4,8.7,0
P100898,23,F,South,Medicaid,0,11,2,3,16.8,2,0,60.2,8.1,0
P100899,62,F,South,Commercial,1,34,5,1,25.0,2,0,111.9,6.9,0
P100900,18,F,Northeast,Commercial,4,23,3,0,71.5,2,0,110.2,8.1,0
P100901,21,M,West,Medicare,0,51,10,0,51.2,4,1,28.5,10.0,0
P100902,33,M,South,Medicaid,2,6,5,0,44.2,2,0,4.0,9.1,0
P100903,81,M,South,Uninsured,0,94,6,0,105.1,3,0,11.8,6.9,0
P100904,51,F,Midwest,Commercial,1,87,5,4,90.1,3,0,13.7,5.5,0
P100905,69,M,West,Medicaid,2,83,5,0,20.3,4,0,55.5,4.3,1
P100906,47,M,South,Medicaid,0,17,5,1,38.3,2,0,11.5,4.5,0
P100907,30,M,Midwest,Medicare,2,68,4,1,36.3,1,0,76.4,4.4,0
P100908,44,M,Northeast,Commercial,1,2,3,1,61.6,3,0,22.9,4.6,0
P100909,24,M,Midwest,Commercial,0,69,7,2,27.7,5,0,24.7,8.3,0
P100910,73,F,Northeast,Medicare,1,76,4,1,43.0,2,0,71.2,9.3,0
P100911,31,F,Northeast,Commercial,4,27,4,0,70.4,0,0,41.7,6.6,0
P100912,45,M,Midwest,Commercial,0,45,7,1,56.7,1,0,31.5,7.6,0
P100913,88,F,Northeast,Medicaid,1,89,1,2,27.2,3,1,67.8,8.8,1
P100914,60,F,Northeast,Commercial,1,19,5,2,62.5,1,1,111.2,8.5,0
P100915,51,F,Northeast,Medicaid,1,52,4,0,63.2,1,1,13.4,8.3,0
P100916,57,F,West,Medicare,0,29,3,3,65.4,2,1,3.7,9.4,0
P100917,74,M,Midwest,Medicaid,2,16,3,1,24.8,4,0,38.1,8.6,0
P100918,36,M,South,Commercial,2,65,5,1,84.5,5,2,7.0,5.9,0
P100919,63,F,West,Medicare,1,91,0,2,47.6,7,0,25.0,8.0,0
P100920,80,F,South,Medicare,1,54,3,0,31.2,4,0,126.5,10.0,0
P100921,59,M,West,Medicaid,0,49,3,2,61.8,3,0,36.3,7.1,1
P100922,50,F,South,Commercial,1,51,5,3,76.6,5,1,18.2,8.8,0
P100923,28,M,Northeast,Commercial,1,15,5,1,74.9,3,0,42.8,10.0,0
P100924,35,F,Northeast,Medicaid,1,20,5,0,92.2,2,1,337.4,6.6,1
P100925,86,M,South,Commercial,0,70,5,0,44.1,1,0,126.9,5.1,0
P100926,56,M,Northeast,Medicare,1,56,5,1,19.5,2,0,1.9,7.5,0
P100927,39,M,Northeast,Commercial,2,23,3,0,51.8,2,0,15.0,6.5,0
P100928,48,F,South,Commercial,1,2,6,1,7.0,2,0,61.0,7.6,1
P100929,59,M,West,Medicare,5,18,4,0,39.2,1,0,72.9,5.3,0
P100930,56,M,Northeast,Medicare,0,48,4,1,51.6,4,0,75.5,5.4,0
P100931,68,M,Northeast,Medicare,0,26,5,2,47.7,2,0,98.2,7.2,0
P100932,36,F,West,Medicare,1,70,3,2,72.7,1,0,10.0,6.6,0
P100933,64,F,Northeast,Medicare,2,55,5,0,59.5,3,0,2.1,10.0,0
P100934,49,F,West,Uninsured,0,15,4,1,71.2,3,0,16.4,6.2,0
P100935,85,F,Midwest,Commercial,0,28,3,1,67.0,5,0,20.3,6.8,1
P100936,29,F,West,Commercial,2,4,6,2,22.9,1,0,8.2,8.4,0
P100937,28,M,Midwest,Commercial,0,4,7,2,75.0,0,3,56.2,10.0,1
P100938,51,F,Midwest,Medicaid,1,72,5,1,46.5,4,0,21.6,7.1,0
P100939,54,F,Northeast,Commercial,1,37,5,0,65.4,4,0,321.8,9.3,0
P100940,67,F,Midwest,Medicare,0,84,7,0,71.5,1,1,85.5,6.7,0
P100941,47,F,Midwest,Commercial,3,23,4,2,40.1,2,0,30.8,5.2,0
P100942,83,F,West,Medicare,3,31,3,1,42.7,1,1,2.4,6.1,0
P100943,52,M,Northeast,Medicaid,1,49,5,1,60.8,1,1,26.7,7.0,1
P100944,27,F,Northeast,Medicare,2,27,1,0,48.0,4,0,70.3,10.0,1
P100945,26,M,Northeast,Medicare,0,44,2,0,103.0,0,0,38.7,9.1,1
P100946,88,F,West,Commercial,0,12,8,1,60.3,5,1,65.4,8.9,0
P100947,27,F,Northeast,Medicare,0,8,4,3,30.9,5,1,5.8,6.7,1
P100948,86,M,West,Commercial,1,82,3,0,112.1,5,0,38.6,6.4,0
P100949,38,F,South,Medicaid,0,24,4,0,68.8,2,0,4.7,5.9,0
P100950,24,F,South,Commercial,1,10,3,0,59.1,4,0,13.2,8.9,0
P100951,39,M,West,Commercial,2,27,8,1,97.9,1,1,62.5,9.3,0
P100952,62,M,Midwest,Commercial,2,40,1,4,67.7,2,1,12.1,9.2,0
P100953,48,M,Midwest,Medicare,2,47,0,1,58.0,2,1,30.6,5.1,0
P100954,74,F,West,Medicaid,2,73,1,0,20.0,2,0,18.7,6.0,0
P100955,61,M,West,Commercial,1,79,3,0,7.0,4,1,60.0,10.0,0
P100956,46,M,Midwest,Commercial,1,28,2,2,90.5,2,0,62.9,8.8,1
P100957,63,M,South,Commercial,0,21,3,2,67.5,4,0,32.5,9.5,0
P100958,87,F,West,Uninsured,1,12,4,3,55.0,4,0,27.6,7.3,0
P100959,47,F,Midwest,Medicaid,1,16,4,2,56.5,5,0,97.4,9.1,0
P100960,29,F,West,Commercial,4,3,2,2,67.7,3,0,90.6,6.8,1
P100961,47,F,West,Medicare,1,1,3,1,75.9,4,0,106.6,8.7,1
P100962,78,M,Midwest,Medicaid,0,40,4,0,40.6,1,1,46.5,7.3,0
P100963,33,F,South,Medicaid,1,58,4,1,64.8,0,1,56.2,7.3,0
P100964,86,F,West,Medicare,1,78,8,1,73.2,3,0,17.2,7.5,0
P100965,60,F,West,Medicare,1,31,6,0,47.5,1,0,15.7,3.5,0
P100966,61,F,Northeast,Medicare,0,28,6,1,7.0,1,1,14.3,5.3,0
P100967,40,F,Midwest,Commercial,0,64,5,1,40.8,7,1,29.0,9.6,0
P100968,84,F,Midwest,Commercial,1,61,2,1,27.4,3,0,64.0,8.6,0
P100969,20,F,Midwest,Commercial,0,66,2,1,89.6,1,0,87.7,8.5,0
P100970,39,M,West,Commercial,0,17,7,1,35.9,3,0,208.2,5.1,0
P100971,48,F,South,Commercial,2,5,5,1,35.1,3,0,32.6,6.6,1
P100972,52,M,West,Medicaid,2,52,5,0,43.8,1,1,3.7,9.5,0
P100973,52,F,Midwest,Medicaid,0,40,6,0,80.9,2,0,74.1,4.9,0
P100974,28,F,Northeast,Commercial,2,25,8,0,82.0,3,1,76.0,6.2,0
P100975,34,F,Midwest,Commercial,4,92,3,2,39.9,2,0,8.5,4.8,0
P100976,24,F,Northeast,Medicare,1,16,3,0,48.7,1,0,16.7,8.6,0
P100977,59,F,West,Medicare,2,27,6,0,55.6,4,1,114.1,6.3,0
P100978,43,F,West,Commercial,2,72,4,1,94.8,2,0,78.2,9.7,0
P100979,58,M,West,Medicaid,1,51,5,0,8.7,4,0,64.3,7.8,0
P100980,60,F,Midwest,Commercial,0,22,5,1,24.5,2,0,35.1,8.2,0
P100981,68,F,South,Commercial,1,52,3,0,120.8,3,0,10.9,8.4,0
P100982,57,M,South,Medicare,3,40,4,3,89.4,1,0,39.8,10.0,0
P100983,64,F,West,Medicare,3,25,8,2,22.7,4,0,20.6,8.7,0
P100984,60,F,Northeast,Commercial,1,64,5,0,138.4,5,0,15.5,9.6,0
P100985,64,F,West,Medicare,0,75,6,3,76.0,1,2,122.2,6.4,1
P100986,62,F,South,Medicaid,3,7,2,1,62.8,2,0,11.6,6.2,0
P100987,40,F,Midwest,Commercial,1,1,0,1,96.9,1,0,150.7,4.8,1
P100988,35,M,Midwest,Medicare,2,86,5,3,38.1,1,0,38.6,8.4,0
P100989,74,M,Northeast,Commercial,1,22,4,0,47.9,1,0,38.5,6.8,0
P100990,42,M,Northeast,Medicare,2,9,7,0,61.9,2,0,5.8,7.3,0
P100991,57,F,Northeast,Commercial,1,57,6,1,72.6,4,2,17.6,7.5,0
P100992,32,F,West,Commercial,0,31,7,2,68.4,2,0,89.7,8.4,0
P100993,49,F,Northeast,Commercial,2,88,2,1,65.1,2,2,90.8,6.5,1
P100994,56,F,Midwest,Medicaid,0,92,3,2,50.1,2,0,24.6,8.1,0
P100995,63,F,Northeast,Commercial,5,1,2,1,68.8,2,0,12.8,5.3,0
P100996,55,F,West,Medicaid,0,19,2,1,66.7,0,0,31.8,9.7,0
P100997,43,F,West,Commercial,3,58,4,1,59.7,4,2,51.4,3.5,1
P100998,87,F,South,Medicaid,2,32,5,2,53.4,1,0,176.3,5.5,0
P100999,54,F,Northeast,Medicare,4,1,9,0,47.0,1,0,67.4,8.7,0
P101000,76,M,South,Commercial,1,44,2,1,23.4,2,1,102.8,8.6,0
P101001,71,F,Midwest,Medicare,5,60,2,0,95.6,2,1,21.3,8.6,1
P101002,58,M,Midwest,Medicaid,1,95,3,2,78.7,1,0,11.9,5.1,0
P101003,81,F,Midwest,Medicare,3,40,5,2,85.2,0,2,28.5,2.1,0
P101004,27,M,Midwest,Commercial,1,75,2,1,31.0,4,1,10.9,10.0,0
P101005,84,F,Midwest,Medicare,4,42,7,0,47.5,2,0,1.0,7.5,0
P101006,79,F,Northeast,Medicare,0,64,4,1,58.2,2,0,84.8,8.6,0
P101007,54,F,Northeast,Commercial,2,92,5,3,68.9,1,0,9.7,5.9,1
P101008,70,F,West,Medicaid,0,78,3,2,40.8,4,1,43.1,7.4,0
P101009,55,M,Midwest,Commercial,1,65,5,1,103.4,4,0,58.1,4.6,0
P101010,37,F,West,Medicare,1,79,4,3,82.0,3,2,17.4,7.0,0
P101011,75,F,Midwest,Medicare,1,19,4,2,64.5,1,0,0.8,9.0,0
P101012,35,M,South,Uninsured,0,76,5,2,67.6,0,0,29.1,3.7,0
P101013,40,F,Midwest,Commercial,0,95,4,2,54.5,0,0,38.8,10.0,0
P101014,55,M,Midwest,Commercial,0,93,1,1,43.0,4,0,101.5,5.0,0
P101015,78,M,Northeast,Commercial,2,25,1,2,7.0,2,0,10.6,6.4,0
P101016,45,F,South,Medicare,2,41,5,0,81.9,3,1,39.1,6.9,0
P101017,53,F,Midwest,Commercial,0,66,3,0,61.5,2,1,8.4,10.0,0
P101018,20,F,Northeast,Commercial,3,7,4,0,89.6,5,0,24.5,7.1,0
P101019,26,M,Northeast,Commercial,1,65,2,0,74.5,1,1,11.2,8.6,0
P101020,22,F,Northeast,Medicaid,1,27,4,1,59.3,2,0,100.7,5.4,0
P101021,23,F,Midwest,Commercial,1,81,5,3,62.3,4,1,11.1,6.5,1
P101022,80,F,Northeast,Medicare,0,59,2,0,41.6,2,1,4.1,7.6,0
P101023,78,M,South,Commercial,1,38,1,3,30.1,1,0,37.8,4.1,0
P101024,77,M,Northeast,Commercial,1,5,1,1,35.3,1,1,50.1,5.3,0
P101025,22,M,South,Commercial,0,67,4,2,36.0,1,1,66.9,6.5,0
P101026,23,M,Northeast,Commercial,1,51,6,0,55.1,4,1,157.5,8.4,1
P101027,38,M,West,Medicare,2,60,4,1,79.6,0,0,47.1,7.4,0
P101028,58,F,South,Commercial,1,2,2,2,77.1,2,0,1.9,8.7,0
P101029,42,M,Northeast,Commercial,3,42,3,0,22.0,1,0,7.1,5.9,0
P101030,53,F,Midwest,Commercial,2,72,2,2,81.5,1,0,190.6,9.8,1
P101031,30,F,West,Commercial,0,88,5,0,63.5,2,0,67.2,8.7,0
P101032,70,M,West,Commercial,0,34,8,0,77.5,4,0,38.8,6.8,0
P101033,40,M,West,Commercial,0,24,2,3,72.9,6,0,63.4,6.6,1
P101034,22,F,South,Commercial,0,68,1,2,18.1,2,0,24.6,6.6,0
P101035,71,F,South,Medicare,2,22,1,1,65.0,2,0,21.9,5.8,0
P101036,83,F,South,Medicaid,4,85,2,0,96.8,1,2,20.2,6.6,0
P101037,19,M,South,Medicare,1,60,3,0,30.3,3,1,13.5,7.3,0
P101038,49,F,West,Commercial,0,88,2,3,36.9,7,0,55.7,7.9,0
P101039,77,M,Northeast,Uninsured,1,19,7,0,10.3,7,0,25.6,9.0,0
P101040,68,F,West,Uninsured,0,8,9,0,48.7,2,0,2.1,7.9,0
P101041,79,M,West,Medicare,0,79,5,2,23.2,3,2,12.1,5.1,0
P101042,47,F,West,Commercial,1,28,1,1,38.5,2,0,62.5,7.2,0
P101043,44,M,Midwest,Medicare,3,33,0,0,66.2,1,0,22.7,8.7,0
P101044,69,F,West,Uninsured,1,26,4,0,80.4,2,0,4.7,10.0,0
P101045,29,F,Northeast,Medicaid,0,41,5,0,11.5,3,0,83.1,7.4,0
P101046,35,F,West,Medicare,3,86,4,3,48.5,2,0,98.0,7.4,0
P101047,61,F,Midwest,Medicare,1,65,5,1,54.2,4,0,7.3,7.2,1
P101048,66,F,West,Uninsured,3,7,7,0,56.8,2,1,124.8,7.9,1
P101049,26,M,Northeast,Commercial,0,85,8,1,80.0,6,0,30.8,6.1,0
P101050,54,M,West,Commercial,1,42,0,0,80.0,2,0,29.8,9.2,0
P101051,44,M,Midwest,Medicaid,0,66,2,3,82.1,2,0,63.9,7.9,0
P101052,54,M,Northeast,Commercial,2,35,3,1,66.1,0,0,4.6,10.0,0
P101053,87,F,Midwest,Commercial,1,9,2,0,53.7,2,1,29.5,7.4,0
P101054,23,M,Northeast,Commercial,2,40,7,3,47.3,0,0,26.4,9.0,0
P101055,89,M,Northeast,Commercial,0,33,2,1,75.1,2,0,49.3,6.7,1
P101056,50,F,Midwest,Commercial,4,2,2,1,38.9,3,1,128.5,8.0,1
P101057,73,M,West,Medicare,0,72,4,0,39.1,3,3,39.1,8.6,1
P101058,48,F,Northeast,Commercial,2,82,4,1,72.5,5,1,97.7,10.0,0
P101059,40,M,South,Medicare,0,87,3,1,78.7,2,0,12.5,6.8,0
P101060,73,M,South,Commercial,0,24,5,2,60.0,3,0,98.4,6.7,1
P101061,67,M,Midwest,Medicaid,0,61,8,0,75.9,3,1,9.5,7.6,0
P101062,28,F,Northeast,Medicare,0,51,6,0,53.3,1,1,32.7,4.4,1
P101063,68,M,Midwest,Uninsured,1,57,5,2,56.3,0,0,145.6,9.0,0
P101064,72,F,South,Commercial,1,76,4,1,69.2,4,0,72.0,7.4,0
P101065,45,M,West,Commercial,1,37,3,3,40.4,6,1,49.6,8.3,1
P101066,84,F,South,Medicaid,0,27,4,2,78.0,1,1,9.9,6.6,0
P101067,64,M,South,Medicaid,0,46,8,2,54.0,1,1,33.4,7.3,0
P101068,42,M,Northeast,Commercial,1,64,6,0,55.6,2,2,7.5,8.6,0
P101069,18,F,West,Medicare,0,42,2,1,62.2,4,0,4.0,8.3,0
P101070,66,F,West,Medicare,2,29,3,0,80.8,8,0,12.4,5.7,0
P101071,33,M,South,Commercial,0,6,4,0,7.0,3,2,10.3,9.0,0
P101072,72,F,South,Medicare,0,55,7,0,28.3,5,0,32.3,7.9,1
P101073,55,F,West,Commercial,2,3,7,2,85.7,0,0,209.6,7.0,1
P101074,51,F,South,Commercial,3,45,2,1,72.2,5,2,41.9,6.7,1
P101075,29,F,Northeast,Medicaid,2,59,4,2,49.0,0,0,1.0,8.6,0
P101076,69,M,Northeast,Medicare,4,44,5,1,61.7,1,0,181.5,5.6,0
P101077,29,M,Midwest,Medicaid,1,49,10,1,74.9,1,0,37.0,5.4,0
P101078,48,F,Northeast,Medicare,2,27,4,0,98.8,1,0,73.1,9.5,0
P101079,78,F,Northeast,Uninsured,3,24,2,0,49.5,2,1,68.3,8.0,0
P101080,84,F,Northeast,Commercial,1,81,7,0,92.9,1,1,38.3,8.4,0
P101081,89,F,West,Commercial,1,85,3,1,74.2,3,0,81.5,7.1,0
P101082,86,M,West,Commercial,1,16,6,0,36.9,6,0,7.7,8.5,0
P101083,58,F,West,Medicare,0,20,4,0,44.8,3,2,66.8,6.2,0
P101084,32,M,South,Medicare,0,34,6,0,90.2,2,0,156.1,8.3,1
P101085,78,M,South,Medicare,3,67,7,0,95.4,3,0,15.3,5.5,0
P101086,75,M,South,Commercial,1,6,6,0,58.8,1,1,3.1,9.4,0
P101087,89,M,Midwest,Commercial,0,75,3,1,87.5,1,0,18.1,9.2,0
P101088,64,F,Northeast,Medicaid,2,1,7,3,68.9,2,1,64.6,6.9,0
P101089,28,F,Midwest,Medicaid,3,80,3,0,58.3,2,0,44.9,6.7,0
P101090,54,F,Northeast,Commercial,2,4,4,1,64.7,2,0,45.6,8.5,0
P101091,50,M,South,Medicare,1,80,6,1,25.1,1,0,32.1,5.7,0
P101092,78,M,South,Medicare,4,90,3,2,53.2,1,1,32.7,6.4,1
P101093,46,F,Midwest,Medicaid,0,76,1,3,46.9,3,0,9.3,9.6,0
P101094,41,F,West,Commercial,0,94,5,0,85.1,4,0,0.2,7.0,0
P101095,23,F,Midwest,Medicare,3,44,5,0,66.2,4,1,67.5,8.0,0
P101096,78,M,South,Commercial,3,61,4,5,54.1,3,2,49.7,5.1,0
P101097,72,M,Midwest,Commercial,0,60,4,1,87.8,3,0,17.2,8.4,1
P101098,20,M,Midwest,Medicaid,3,2,4,3,22.2,4,0,1.5,10.0,0
P101099,49,M,Northeast,Commercial,0,82,3,0,36.2,1,0,12.0,8.0,0
P101100,52,F,West,Commercial,1,67,6,1,91.6,7,2,23.2,9.8,0
P101101,51,M,West,Commercial,0,40,1,2,76.0,0,1,62.6,6.3,1
P101102,84,M,Northeast,Commercial,2,21,1,1,20.4,2,1,21.7,10.0,1
P101103,28,F,Northeast,Medicare,1,64,2,0,65.5,7,1,76.6,7.4,0
P101104,40,M,Northeast,Commercial,1,94,2,1,28.3,2,0,51.1,5.8,0
P101105,31,F,Midwest,Medicare,5,16,4,0,49.3,1,0,5.6,4.5,0
P101106,35,M,Northeast,Medicaid,2,88,7,1,71.4,2,1,8.3,8.7,0
P101107,83,M,Northeast,Commercial,0,54,3,0,59.2,3,2,57.2,9.6,0
P101108,85,M,Midwest,Medicaid,2,75,4,1,58.3,3,0,44.5,4.3,1
P101109,21,F,Northeast,Commercial,1,14,3,1,39.4,6,1,5.6,8.5,0
P101110,63,F,Northeast,Commercial,2,10,2,3,88.8,4,0,1.8,7.1,0
P101111,34,M,Northeast,Commercial,5,63,1,3,72.4,5,0,3.7,9.4,0
P101112,31,M,Midwest,Commercial,1,27,6,3,39.9,3,0,156.5,6.2,0
P101113,39,F,South,Commercial,1,36,4,1,63.1,4,0,78.8,8.7,0
P101114,31,M,South,Commercial,2,60,3,1,52.3,2,0,40.7,10.0,0
P101115,53,F,Midwest,Medicaid,1,22,3,1,46.3,0,0,17.3,6.5,0
P101116,89,M,Northeast,Medicare,2,33,6,1,63.6,2,0,36.0,5.9,0
P101117,60,M,Midwest,Medicaid,1,35,5,3,101.8,2,0,54.6,10.0,0
P101118,70,F,South,Medicare,1,34,4,0,38.3,3,0,41.6,7.7,0
P101119,53,F,Midwest,Medicare,3,67,7,0,74.1,2,0,38.6,7.2,0
P101120,19,M,Midwest,Commercial,0,15,4,0,81.4,2,0,69.9,6.3,0
P101121,24,M,Midwest,Medicare,1,87,5,1,72.2,4,0,7.7,9.6,0
P101122,37,M,Northeast,Commercial,0,69,3,1,82.8,4,0,13.4,7.1,0
P101123,35,F,Northeast,Medicaid,3,2,12,0,58.3,3,0,24.5,7.2,0
P101124,78,M,Midwest,Medicaid,2,54,3,2,72.3,0,2,31.1,6.6,1
P101125,78,F,Northeast,Commercial,0,16,5,0,63.1,1,0,34.6,7.6,0
P101126,79,F,South,Medicare,0,15,3,0,27.9,2,0,243.2,8.1,0
P101127,63,F,Midwest,Medicare,1,68,2,0,34.0,2,0,52.3,9.7,0
P101128,58,M,West,Medicare,1,24,9,2,86.4,3,0,8.7,5.4,0
P101129,64,M,Midwest,Commercial,0,55,2,1,48.5,2,0,85.0,6.8,0
P101130,47,M,West,Medicare,4,28,5,5,51.9,1,0,239.0,10.0,1
P101131,66,M,Midwest,Medicaid,1,31,2,2,79.1,3,0,26.6,7.7,0
P101132,75,F,South,Commercial,3,64,7,1,56.9,1,0,35.9,8.6,0
P101133,72,F,Northeast,Medicare,2,62,6,0,77.8,1,0,7.0,6.9,0
P101134,62,F,Midwest,Commercial,0,3,4,1,57.3,2,0,18.1,7.0,1
P101135,22,F,West,Medicaid,1,83,4,1,34.3,2,0,5.9,9.0,0
P101136,70,F,South,Commercial,1,56,7,5,85.4,2,0,49.5,7.0,1
P101137,44,M,Northeast,Commercial,1,25,1,1,39.4,1,0,14.9,8.7,0
P101138,71,M,Northeast,Commercial,1,11,0,0,91.5,1,0,39.0,9.4,0
P101139,56,M,Midwest,Medicaid,0,47,5,1,74.3,2,2,63.3,4.8,0
P101140,81,F,Midwest,Medicare,2,67,3,2,47.0,1,1,7.7,7.6,1
P101141,42,M,Northeast,Commercial,0,2,5,0,74.9,3,1,52.8,7.4,0
P101142,85,F,Northeast,Commercial,1,28,3,4,48.4,2,0,99.0,8.5,0
P101143,78,F,Midwest,Medicaid,3,90,3,1,40.9,1,1,18.8,9.7,0
P101144,41,F,South,Commercial,1,10,4,3,65.3,3,0,0.7,6.7,0
P101145,52,F,South,Commercial,1,77,3,1,79.5,5,1,18.7,9.2,0
P101146,56,F,South,Uninsured,1,23,3,1,66.9,3,0,10.7,9.1,0
P101147,73,M,Midwest,Commercial,2,48,2,1,41.6,2,1,30.5,7.8,0
P101148,67,F,Midwest,Medicare,5,73,3,0,26.3,1,0,21.8,8.0,0
P101149,79,F,Northeast,Commercial,2,95,4,0,55.6,2,1,39.9,7.1,0
P101150,44,F,Northeast,Medicare,2,58,6,1,32.6,3,0,3.0,6.0,1
P101151,54,M,Midwest,Medicaid,2,21,7,0,57.5,2,0,8.5,8.8,0
P101152,49,F,Midwest,Commercial,0,8,1,1,59.1,1,0,57.3,8.1,0
P101153,83,F,Northeast,Medicare,1,71,4,1,77.8,3,0,71.2,8.0,0
P101154,39,M,Northeast,Medicaid,0,55,2,2,76.1,6,1,17.4,9.8,1
P101155,60,F,Midwest,Medicaid,1,74,2,4,84.6,2,0,57.1,6.4,1
P101156,26,M,South,Commercial,1,94,3,0,59.6,3,1,10.3,7.0,0
P101157,79,F,Northeast,Commercial,0,79,3,2,50.0,2,1,20.7,3.2,0
P101158,45,F,Midwest,Medicaid,1,48,2,2,71.0,2,3,47.9,8.4,1
P101159,42,F,Northeast,Commercial,0,66,6,2,70.6,2,0,78.2,5.7,0
P101160,59,M,Northeast,Commercial,1,60,3,3,69.5,1,1,56.6,7.8,0
P101161,53,F,Midwest,Commercial,0,19,1,3,107.7,3,1,34.1,4.6,0
P101162,79,M,Northeast,Medicaid,1,30,6,2,76.6,0,0,32.0,7.8,0
P101163,56,F,Northeast,Commercial,2,9,4,2,89.6,4,0,16.1,7.9,0
P101164,55,M,West,Commercial,2,36,4,2,32.9,3,1,20.0,7.2,0
P101165,25,F,Northeast,Medicare,2,18,6,1,35.7,0,0,26.2,7.1,1
P101166,19,F,Midwest,Commercial,1,86,6,0,40.6,2,2,7.3,6.4,0
P101167,46,F,West,Commercial,2,82,2,0,60.4,4,0,84.7,10.0,0
P101168,89,M,West,Medicare,1,70,5,3,56.4,1,0,40.5,5.7,1
P101169,84,F,West,Commercial,0,39,4,0,66.6,3,1,12.1,10.0,1
P101170,63,M,South,Uninsured,3,1,2,0,101.3,4,0,18.0,7.0,0
P101171,63,M,West,Commercial,0,52,4,0,57.8,1,0,138.5,10.0,0
P101172,46,M,Northeast,Medicaid,1,3,8,3,72.1,0,1,58.7,7.7,1
P101173,30,F,South,Medicare,3,3,4,0,61.9,0,0,93.0,9.0,0
P101174,18,M,Northeast,Commercial,1,15,5,2,87.1,1,0,18.6,5.5,0
P101175,42,M,Midwest,Commercial,2,47,6,2,75.9,5,0,16.8,4.4,0
P101176,40,M,West,Medicare,0,72,2,1,58.7,0,0,87.1,9.9,0
P101177,31,M,West,Commercial,0,39,6,3,84.0,2,1,39.4,10.0,0
P101178,36,M,West,Commercial,3,74,2,0,75.3,5,1,43.4,6.1,0
P101179,19,M,Northeast,Uninsured,1,51,2,1,81.6,2,0,75.9,10.0,0
P101180,61,M,West,Medicare,1,85,2,2,61.1,1,0,209.7,4.1,1
P101181,84,F,Midwest,Medicaid,1,36,4,0,76.6,0,0,42.6,7.5,1
P101182,67,M,South,Commercial,0,29,3,2,54.3,2,1,47.0,6.5,1
P101183,50,F,Northeast,Commercial,0,8,6,2,34.6,4,0,24.8,7.3,0
P101184,48,M,Northeast,Medicare,3,21,3,0,48.5,3,2,71.4,9.8,0
P101185,40,M,West,Commercial,2,5,2,1,75.3,3,0,46.1,4.5,0
P101186,28,F,South,Commercial,3,17,12,0,73.4,4,0,192.1,7.9,1
P101187,61,F,Midwest,Commercial,0,91,2,1,42.8,4,0,27.9,4.7,0
P101188,58,F,West,Commercial,2,52,5,3,94.4,1,0,9.2,6.0,0
P101189,18,F,South,Medicaid,1,58,2,1,35.2,4,0,15.8,8.3,0
P101190,47,F,Northeast,Commercial,1,37,9,2,64.1,3,1,4.3,7.5,0
P101191,38,M,South,Uninsured,0,62,5,0,49.7,4,1,17.8,7.8,0
P101192,30,M,Northeast,Commercial,1,54,3,1,64.9,1,2,26.7,5.1,1
P101193,68,M,Northeast,Commercial,1,87,6,2,28.7,5,1,20.8,9.7,0
P101194,55,F,West,Commercial,0,76,3,0,18.3,5,0,58.7,6.1,0
P101195,63,F,South,Medicare,4,53,4,3,44.8,2,0,298.1,9.2,1
P101196,69,F,Midwest,Medicaid,1,75,2,0,77.0,4,1,2.8,7.3,0
P101197,88,M,Midwest,Medicaid,0,59,3,2,64.7,1,0,213.5,9.2,1
P101198,75,F,Midwest,Commercial,1,95,3,1,26.1,2,1,25.4,10.0,0
P101199,62,F,Midwest,Commercial,3,50,4,4,84.2,0,2,83.4,7.2,0
P101200,81,F,Northeast,Medicaid,1,81,3,1,65.5,0,0,89.3,10.0,0
P101201,52,M,Midwest,Commercial,2,17,3,2,78.8,3,0,5.1,8.7,0
P101202,88,F,West,Medicare,1,16,5,2,51.5,9,2,68.3,8.0,1
P101203,72,M,Northeast,Commercial,2,30,2,0,15.2,2,0,115.6,5.4,1
P101204,64,M,Northeast,Commercial,3,79,5,0,97.2,1,0,3.4,6.6,0
P101205,83,M,Midwest,Commercial,0,85,4,1,55.7,2,0,47.3,8.2,0
P101206,55,F,West,Commercial,3,39,7,0,84.7,2,1,137.8,7.0,1
P101207,69,F,South,Medicaid,2,43,2,0,50.4,7,0,25.1,8.2,0
P101208,38,F,West,Medicare,4,47,2,1,62.3,4,0,33.4,8.1,0
P101209,87,F,Northeast,Medicaid,2,20,5,0,19.3,4,1,52.9,5.5,0
P101210,62,M,Midwest,Medicare,3,52,1,1,39.3,7,0,41.3,6.6,1
P101211,74,F,West,Commercial,2,79,3,1,97.1,2,0,22.6,9.9,0
P101212,51,F,South,Medicare,0,72,4,2,81.8,2,0,0.2,6.6,0
P101213,80,F,Midwest,Commercial,3,9,3,2,89.6,1,2,115.7,5.2,1
P101214,23,M,Northeast,Medicaid,0,34,7,2,72.2,6,0,31.9,6.0,0
P101215,26,F,Midwest,Commercial,1,61,4,0,66.3,1,0,16.8,8.9,1
P101216,54,M,Midwest,Medicaid,0,57,4,1,83.9,5,0,8.6,6.6,0
P101217,70,F,West,Medicare,2,67,3,1,82.9,2,1,83.7,5.1,0
P101218,76,M,Northeast,Medicare,2,71,3,0,67.6,3,0,8.2,6.9,0
P101219,49,M,South,Medicare,1,29,3,0,62.4,3,1,17.9,8.5,0
P101220,64,F,Midwest,Medicare,2,45,3,2,83.9,3,0,10.8,6.1,0
P101221,57,F,West,Medicare,2,16,1,0,34.1,1,0,78.1,8.4,0
P101222,87,F,Northeast,Medicare,1,69,6,1,52.5,4,1,36.8,8.1,0
P101223,65,F,Midwest,Commercial,2,43,4,0,25.1,1,1,65.1,7.8,0
P101224,48,F,West,Medicare,0,34,4,0,36.2,1,0,41.0,5.9,0
P101225,87,M,Midwest,Commercial,0,72,3,0,65.3,3,0,28.5,5.4,0
P101226,25,M,South,Medicare,1,90,8,2,79.4,0,0,27.7,9.5,0
P101227,88,F,Northeast,Medicare,0,85,6,2,105.6,1,0,29.5,8.7,0
P101228,29,M,South,Commercial,2,13,3,0,57.2,1,0,30.8,8.1,0
P101229,38,F,Northeast,Medicare,1,78,1,0,49.9,3,1,108.7,8.2,0
P101230,77,M,Northeast,Medicare,2,54,4,1,58.2,3,1,16.6,8.8,0
P101231,70,F,South,Medicare,2,11,3,1,66.0,2,1,50.6,6.5,0
P101232,87,M,Northeast,Medicare,0,37,2,1,105.1,0,0,26.6,9.3,0
P101233,71,M,Northeast,Medicare,0,22,6,3,60.2,3,1,33.5,7.0,0
P101234,63,F,Midwest,Medicare,1,25,3,1,32.6,3,0,14.2,7.1,0
P101235,42,F,Northeast,Commercial,1,59,4,0,69.7,1,1,9.1,10.0,0
P101236,18,F,Northeast,Commercial,2,39,1,0,62.1,2,1,36.8,8.7,0
P101237,26,M,Midwest,Medicare,0,68,4,0,59.1,3,0,93.2,6.3,0
P101238,39,M,West,Commercial,1,77,7,2,53.3,3,0,16.2,8.4,0
P101239,20,M,Midwest,Commercial,0,1,1,1,111.8,3,0,149.2,6.9,0
P101240,54,M,Northeast,Commercial,4,79,4,2,47.4,0,1,19.1,7.5,0
P101241,73,M,Northeast,Commercial,1,14,6,2,21.6,1,0,29.8,8.0,0
P101242,87,F,Midwest,Uninsured,4,1,4,1,45.0,3,1,117.0,4.5,1
P101243,53,F,Midwest,Commercial,2,9,4,1,47.7,3,1,54.3,6.7,1
P101244,81,M,South,Commercial,2,5,2,1,28.4,2,0,30.2,6.9,0
P101245,88,F,West,Medicaid,3,33,9,0,55.3,2,2,52.8,7.8,0
P101246,79,M,West,Uninsured,0,80,5,1,100.3,5,0,45.8,5.0,0
P101247,51,F,Midwest,Commercial,1,65,8,1,28.2,6,0,79.6,4.7,0
P101248,41,F,Midwest,Medicaid,0,43,2,2,25.4,1,1,131.1,7.8,0
P101249,88,M,West,Commercial,1,90,5,0,78.6,2,0,9.3,9.6,0
P101250,35,F,Northeast,Medicaid,0,47,5,1,55.0,2,1,71.9,8.0,0
P101251,47,F,Midwest,Commercial,3,9,6,2,50.5,2,0,13.5,10.0,0
P101252,23,F,West,Commercial,3,2,5,2,87.0,4,0,77.4,7.2,0
P101253,75,M,Northeast,Commercial,0,49,8,2,46.1,0,1,15.3,7.3,0
P101254,64,M,Northeast,Medicare,2,22,6,2,20.9,2,0,68.3,6.1,1
P101255,24,F,South,Commercial,1,36,6,1,80.0,3,1,11.7,10.0,0
P101256,33,F,South,Medicare,5,30,6,0,58.5,5,0,85.2,6.2,0
P101257,57,F,West,Medicare,0,38,2,0,57.1,1,1,31.8,7.7,1
P101258,56,M,South,Commercial,2,92,3,1,11.3,4,1,16.0,3.3,0
P101259,75,F,Midwest,Medicaid,0,7,7,1,35.0,3,1,27.7,9.9,0
P101260,37,M,West,Commercial,2,11,3,2,55.0,2,1,28.0,8.9,0
P101261,84,M,West,Commercial,2,28,5,0,33.4,2,0,43.8,7.1,0
P101262,50,F,Midwest,Commercial,0,71,3,0,83.9,2,0,3.2,7.2,0
P101263,77,M,West,Commercial,1,24,8,1,58.4,0,0,43.8,8.1,1
P101264,35,M,Midwest,Commercial,3,24,5,0,54.0,6,0,0.5,10.0,0
P101265,20,F,Northeast,Medicare,2,69,6,0,84.4,1,0,64.2,6.7,0
P101266,21,F,Midwest,Medicare,0,58,3,3,45.4,3,1,82.9,8.1,0
P101267,44,M,South,Commercial,1,61,2,0,69.6,5,1,24.1,5.2,1
P101268,86,M,South,Commercial,2,63,4,1,60.0,2,1,112.8,9.3,0
P101269,21,M,Midwest,Medicaid,0,61,3,0,81.0,0,1,22.6,9.7,0
P101270,44,M,South,Commercial,0,53,7,1,70.9,3,1,26.3,6.0,0
P101271,25,F,Northeast,Medicare,2,50,2,0,75.7,5,1,18.3,6.9,0
P101272,85,M,West,Medicaid,2,73,6,3,47.3,2,1,9.2,9.8,0
P101273,66,M,Midwest,Commercial,0,33,3,1,46.0,3,0,107.0,7.9,1
P101274,72,F,Midwest,Medicare,0,31,6,1,57.8,0,0,1.3,4.9,0
P101275,69,F,West,Medicaid,0,24,6,2,75.5,3,0,25.5,9.5,0
P101276,65,F,Midwest,Medicare,0,79,2,2,69.5,3,1,27.2,6.8,0
P101277,73,M,Midwest,Uninsured,1,2,5,2,79.5,4,0,86.4,5.5,0
P101278,18,F,West,Commercial,0,20,2,0,39.0,5,0,51.0,8.8,0
P101279,80,M,South,Medicare,0,15,4,2,26.8,1,0,97.2,10.0,0
P101280,71,F,West,Commercial,0,36,7,0,48.1,1,0,116.7,7.7,0
P101281,71,F,Midwest,Commercial,0,21,4,0,43.8,4,0,41.6,7.2,0
P101282,46,M,Northeast,Uninsured,0,49,6,2,36.5,1,0,70.0,4.6,0
P101283,75,F,Northeast,Commercial,0,93,3,1,54.8,1,1,20.9,5.1,0
P101284,45,M,West,Uninsured,0,41,2,1,28.1,4,1,65.5,3.7,0
P101285,21,F,West,Medicare,2,93,3,1,46.1,3,2,83.9,5.9,0
P101286,83,M,West,Medicaid,1,30,6,3,35.9,1,0,24.2,6.1,0
P101287,34,F,Northeast,Uninsured,1,73,5,1,30.8,1,0,58.5,6.0,0
P101288,25,M,West,Medicare,3,14,6,0,29.3,0,0,199.8,7.0,1
P101289,62,M,West,Uninsured,1,58,1,1,35.5,2,0,18.4,7.4,0
P101290,34,F,West,Medicaid,1,72,3,1,72.9,6,0,1.7,5.5,0
P101291,79,F,South,Medicare,1,64,0,1,52.9,1,1,55.9,7.3,0
P101292,49,F,Midwest,Medicare,1,90,5,0,62.8,0,0,11.5,8.6,0
P101293,18,M,South,Commercial,1,58,5,0,54.9,2,1,75.3,9.3,1
P101294,86,M,Northeast,Commercial,1,56,8,0,75.9,2,0,79.2,8.3,0
P101295,55,F,Midwest,Commercial,0,62,3,1,72.5,0,0,25.0,9.9,0
P101296,36,F,Northeast,Commercial,2,34,5,2,73.3,0,0,7.8,4.8,1
P101297,66,M,Northeast,Commercial,2,21,4,1,55.4,4,0,9.5,2.1,0
P101298,56,M,Northeast,Medicare,0,87,2,0,59.1,3,1,42.9,8.5,0
P101299,20,M,South,Medicare,1,93,3,4,30.5,2,1,28.7,10.0,1
P101300,72,F,Northeast,Medicare,0,89,3,1,42.4,2,0,51.9,4.8,0
P101301,46,M,West,Medicaid,1,72,4,1,78.4,1,0,12.8,7.0,0
P101302,68,M,West,Uninsured,0,22,5,3,46.2,1,0,20.0,6.7,0
P101303,82,F,West,Medicaid,2,23,1,4,53.6,1,0,186.0,10.0,1
P101304,61,F,South,Medicare,1,30,5,1,74.9,3,0,39.0,8.4,0
P101305,66,F,Northeast,Commercial,2,49,2,0,65.9,1,2,60.8,7.2,0
P101306,36,M,Midwest,Medicaid,1,23,3,2,60.1,3,0,59.4,9.5,0
P101307,35,F,Midwest,Commercial,1,75,7,0,53.8,1,0,32.0,7.8,0
P101308,47,M,Northeast,Commercial,0,9,7,1,80.2,3,1,2.8,6.1,0
P101309,79,M,West,Commercial,1,87,8,2,43.3,0,0,37.7,9.5,0
P101310,55,M,South,Medicare,0,43,4,4,67.8,5,0,18.3,4.7,1
P101311,43,M,West,Medicare,1,37,2,2,52.9,3,1,10.3,7.0,0
P101312,74,F,Northeast,Commercial,2,43,8,2,73.3,2,0,49.6,6.9,0
P101313,79,M,South,Medicaid,1,46,3,2,75.5,0,0,145.6,10.0,1
P101314,82,F,South,Commercial,0,53,2,1,62.6,0,1,51.3,4.6,1
P101315,39,M,Northeast,Commercial,4,30,2,1,86.1,0,0,10.6,5.6,0
P101316,69,M,Midwest,Commercial,1,29,8,0,77.2,2,0,68.7,9.0,0
P101317,60,M,West,Commercial,2,36,2,1,52.6,1,0,10.1,6.0,1
P101318,50,M,Midwest,Medicaid,5,15,2,0,65.2,2,0,15.2,8.1,0
P101319,46,F,South,Commercial,2,22,3,3,66.3,0,1,36.4,7.0,1
P101320,26,M,Midwest,Commercial,0,40,5,1,83.6,0,0,1.7,6.2,0
P101321,37,M,South,Commercial,3,3,4,1,23.4,0,0,62.3,7.7,1
P101322,57,M,South,Medicaid,0,40,5,0,86.7,1,0,5.3,8.6,0
P101323,81,F,West,Uninsured,1,40,6,0,21.0,2,0,12.7,5.9,0
P101324,80,F,Midwest,Medicare,1,1,5,0,70.9,5,1,21.1,5.3,1
P101325,31,M,South,Medicare,2,45,5,0,70.8,6,0,11.3,7.0,0
P101326,66,F,South,Medicaid,1,63,5,2,54.9,3,0,32.0,6.5,0
P101327,24,M,West,Commercial,2,75,4,0,74.5,3,1,8.5,8.5,0
P101328,66,M,Midwest,Commercial,1,37,5,1,30.3,4,0,5.2,7.7,0
P101329,42,M,Northeast,Medicare,0,50,6,1,40.1,3,0,41.1,8.2,0
P101330,50,F,West,Commercial,2,8,4,2,33.5,3,1,68.6,7.4,0
P101331,69,M,Midwest,Medicare,2,32,7,2,43.4,4,0,8.7,6.4,0
P101332,48,F,South,Medicare,0,64,3,3,85.8,2,0,14.1,10.0,0
P101333,76,F,West,Commercial,1,45,5,2,90.6,0,1,86.8,8.0,0
P101334,56,M,West,Medicare,4,91,0,1,57.6,3,0,143.4,4.6,1
P101335,89,F,West,Commercial,1,76,3,0,64.5,5,0,51.2,8.3,0
P101336,63,F,South,Commercial,1,87,6,1,107.6,0,1,26.0,5.0,0
P101337,39,F,West,Medicaid,1,46,4,2,49.5,1,0,39.4,8.2,0
P101338,73,F,West,Medicare,0,8,4,1,43.1,6,0,66.7,9.9,0
P101339,47,M,West,Commercial,1,53,4,3,82.7,3,0,54.2,7.8,0
P101340,56,F,Midwest,Commercial,2,90,5,2,46.8,1,0,25.8,10.0,0
P101341,27,F,South,Commercial,3,17,1,3,35.8,1,0,73.5,5.0,0
P101342,26,M,Northeast,Commercial,1,92,1,0,81.6,2,0,38.7,9.0,0
P101343,59,F,West,Commercial,3,1,4,0,93.9,3,1,10.0,7.0,0
P101344,31,M,Midwest,Commercial,0,59,3,0,47.6,1,1,22.9,5.6,1
P101345,89,M,West,Medicaid,3,89,5,0,59.1,2,0,1.6,10.0,0
P101346,79,M,Midwest,Medicaid,2,21,2,1,82.1,2,0,14.0,7.1,0
P101347,68,M,Midwest,Medicaid,1,26,4,0,41.0,3,1,34.2,7.5,1
P101348,70,F,Northeast,Medicare,2,77,3,1,83.4,3,0,6.0,7.4,0
P101349,60,M,South,Medicare,0,34,5,0,96.2,1,0,35.2,10.0,0
P101350,22,F,Midwest,Medicare,2,63,4,2,29.1,3,0,42.7,8.8,0
P101351,46,F,Northeast,Medicaid,2,11,3,0,26.5,1,0,113.7,9.6,0
P101352,53,M,Northeast,Medicare,3,64,3,2,19.7,1,0,1.8,6.0,0
P101353,83,F,Midwest,Medicare,2,49,6,1,47.0,1,1,57.2,5.8,0
P101354,33,M,Northeast,Medicaid,2,48,4,2,28.5,2,0,20.1,6.2,0
P101355,53,M,Midwest,Medicare,2,71,4,2,87.1,1,0,81.9,6.7,0
P101356,42,M,South,Commercial,1,43,3,1,35.9,4,0,92.7,5.6,0
P101357,27,F,South,Commercial,2,66,3,0,49.8,2,0,13.8,6.9,0
P101358,25,F,Northeast,Commercial,2,41,3,2,69.0,2,0,46.2,9.8,0
P101359,44,M,South,Commercial,1,82,5,2,39.4,4,0,22.1,7.6,0
P101360,23,F,Midwest,Commercial,0,53,2,3,60.2,3,0,6.1,4.0,1
P101361,22,M,Midwest,Commercial,1,28,3,2,76.1,0,1,23.1,10.0,0
P101362,43,M,South,Commercial,2,84,7,1,137.4,1,1,39.5,4.6,0
P101363,32,M,Northeast,Uninsured,2,30,7,0,69.4,4,0,1.0,9.7,0
P101364,57,M,West,Commercial,1,90,4,1,20.5,5,1,14.3,7.3,1
P101365,19,F,West,Commercial,2,92,3,2,77.2,2,0,8.4,10.0,0
P101366,39,F,West,Commercial,1,53,3,0,67.7,1,0,31.0,10.0,0
P101367,50,M,South,Commercial,1,44,1,2,72.5,3,0,62.9,8.7,0
P101368,87,F,Midwest,Medicare,0,26,2,1,57.5,1,0,51.1,7.4,0
P101369,63,F,Northeast,Medicare,0,80,5,2,82.0,1,1,29.1,10.0,0
P101370,81,F,West,Commercial,2,26,4,2,53.7,1,0,9.6,7.8,0
P101371,42,F,Northeast,Medicare,2,59,3,1,67.6,3,1,7.0,8.5,0
P101372,50,F,South,Commercial,0,77,1,1,65.1,1,1,31.7,7.8,0
P101373,48,F,West,Medicare,1,18,1,0,62.6,0,0,55.0,6.3,0
P101374,81,M,Midwest,Medicaid,2,17,5,1,51.8,3,2,64.7,8.1,1
P101375,87,F,West,Medicaid,1,91,2,1,87.9,2,1,239.5,6.1,1
P101376,87,M,South,Commercial,2,94,2,2,94.4,4,0,111.6,8.9,0
P101377,72,F,Northeast,Medicare,1,31,2,0,108.3,2,0,79.1,7.5,0
P101378,54,M,Northeast,Medicaid,4,23,5,1,63.3,1,1,26.8,6.5,0
P101379,56,F,Northeast,Medicaid,2,61,2,1,65.7,2,0,47.1,6.3,1
P101380,88,M,Northeast,Commercial,3,56,3,4,67.2,4,0,45.5,10.0,0
P101381,38,F,South,Medicare,0,25,3,0,40.3,3,0,6.2,5.5,0
P101382,42,F,Northeast,Commercial,1,21,4,0,82.2,2,0,44.8,8.1,0
P101383,82,F,Northeast,Commercial,0,55,4,2,53.4,2,0,109.0,5.4,1
P101384,45,M,South,Medicare,1,27,2,1,74.9,0,0,34.1,8.3,0
P101385,34,M,Midwest,Commercial,2,52,4,0,31.3,3,0,63.8,6.9,0
P101386,58,F,Midwest,Commercial,0,66,4,2,74.3,3,0,82.9,7.7,0
P101387,41,F,Northeast,Medicaid,0,25,3,1,92.2,2,0,11.0,6.7,0
P101388,82,M,West,Medicare,1,55,5,0,43.9,1,0,87.2,3.7,1
P101389,83,M,Midwest,Uninsured,2,94,6,2,49.4,0,0,16.9,8.1,0
P101390,40,F,South,Medicaid,1,52,6,0,48.7,1,0,35.4,8.0,0
P101391,56,M,South,Medicaid,0,14,2,0,48.7,3,0,16.0,5.6,0
P101392,88,F,West,Medicaid,1,70,8,2,94.1,3,0,61.4,7.6,0
P101393,71,M,South,Commercial,0,43,5,0,63.7,1,0,154.4,8.0,1
P101394,33,F,Northeast,Commercial,1,69,3,3,36.8,0,1,6.6,8.2,0
P101395,60,F,South,Medicaid,4,3,2,0,40.5,2,1,141.3,7.6,1
P101396,62,F,Northeast,Commercial,0,68,3,1,9.8,0,1,20.8,6.2,0
P101397,65,M,Northeast,Commercial,2,65,3,1,41.8,2,0,18.2,8.9,0
P101398,19,F,South,Medicare,2,1,1,1,29.7,3,0,32.2,8.1,0
P101399,39,M,Northeast,Commercial,0,44,4,1,30.8,2,0,28.0,4.0,0
P101400,79,M,South,Commercial,1,45,6,1,50.5,1,1,20.7,6.7,0
P101401,35,M,Northeast,Medicare,4,54,4,3,34.0,1,0,36.5,8.7,0
P101402,39,F,Midwest,Commercial,1,59,6,0,57.0,1,1,27.8,10.0,0
P101403,41,F,Northeast,Medicare,0,67,4,0,69.9,2,0,8.6,7.9,0
P101404,30,F,Northeast,Commercial,1,87,3,3,68.3,3,0,78.3,5.2,0
P101405,29,M,West,Medicare,0,73,2,0,66.2,6,0,74.6,4.5,0
P101406,42,M,Northeast,Commercial,3,30,4,2,7.0,2,1,39.3,7.6,0
P101407,80,F,South,Medicare,1,92,3,0,48.2,2,1,41.1,7.2,0
P101408,18,M,Midwest,Commercial,0,46,3,2,92.0,2,0,25.4,8.2,0
P101409,38,F,South,Commercial,2,83,2,0,113.4,3,0,78.9,5.5,0
P101410,22,F,South,Medicaid,0,47,0,0,80.2,1,1,10.6,7.9,0
P101411,58,F,Northeast,Commercial,1,31,8,0,61.5,0,0,221.2,7.3,1
P101412,36,M,South,Medicare,0,69,6,1,39.2,5,2,66.1,5.8,0
P101413,75,F,West,Commercial,0,70,7,0,91.3,7,0,5.8,10.0,0
P101414,60,F,Midwest,Commercial,1,12,3,4,56.1,1,2,55.2,9.0,0
P101415,74,M,West,Commercial,3,8,1,0,53.8,1,0,94.0,7.3,1
P101416,63,M,Midwest,Medicaid,1,72,8,1,88.7,1,0,78.3,5.1,0
P101417,49,F,West,Commercial,1,13,4,2,7.0,3,0,9.7,8.4,0
P101418,79,F,South,Commercial,1,44,5,0,58.2,2,0,5.2,6.3,0
P101419,52,F,Midwest,Medicare,1,44,4,2,23.1,2,0,14.2,8.7,0
P101420,86,F,Midwest,Commercial,2,42,1,1,73.8,5,0,16.1,8.2,0
P101421,89,F,West,Medicaid,1,44,5,0,100.4,1,0,65.2,5.6,1
P101422,60,M,Midwest,Uninsured,1,91,4,0,72.3,2,0,35.5,7.4,0
P101423,66,F,South,Medicare,2,49,7,0,109.3,3,1,5.9,9.3,1
P101424,36,M,Northeast,Medicare,3,83,8,2,65.2,2,0,0.5,4.7,0
P101425,76,F,West,Commercial,1,46,6,1,96.1,2,0,20.8,8.1,0
P101426,66,F,South,Uninsured,1,45,8,2,20.2,5,1,11.6,10.0,0
P101427,82,F,West,Medicare,3,61,8,0,65.3,1,2,68.4,5.5,0
P101428,37,F,Midwest,Commercial,0,23,7,2,26.9,1,0,109.3,4.4,1
P101429,74,F,Northeast,Uninsured,3,91,3,0,69.6,2,0,110.8,10.0,0
P101430,51,F,Midwest,Uninsured,0,89,4,0,52.0,0,0,46.2,3.3,0
P101431,31,M,South,Commercial,2,17,1,1,55.1,2,0,46.7,7.4,0
P101432,30,M,Northeast,Commercial,1,14,3,1,54.7,3,0,124.0,9.6,0
P101433,58,F,South,Medicare,0,34,4,2,86.2,3,0,127.9,9.9,0
P101434,41,M,Midwest,Medicaid,0,19,3,4,64.8,6,0,19.9,8.0,0
P101435,25,M,Northeast,Medicare,2,8,4,1,64.7,2,0,110.8,10.0,0
P101436,48,M,Midwest,Commercial,2,77,6,1,60.4,2,1,0.3,7.1,0
P101437,65,F,West,Commercial,0,19,5,0,78.0,2,1,42.5,6.7,0
P101438,40,F,Northeast,Commercial,0,36,2,1,54.5,4,1,35.2,7.7,0
P101439,86,F,Northeast,Commercial,0,94,6,2,32.4,6,0,6.5,8.2,0
P101440,74,F,Northeast,Medicaid,2,38,4,2,84.0,2,0,2.8,8.3,0
P101441,54,F,Midwest,Commercial,1,4,1,0,49.0,2,1,4.1,5.8,0
P101442,85,M,West,Commercial,0,24,6,1,67.0,2,0,25.3,7.7,1
P101443,49,M,West,Medicaid,1,21,2,3,79.1,2,0,13.7,5.6,0
P101444,28,F,Northeast,Commercial,0,53,4,0,33.3,2,0,38.0,7.2,0
P101445,20,F,South,Commercial,1,41,6,1,39.6,2,0,0.4,8.6,0
P101446,85,F,Northeast,Medicaid,1,8,1,2,24.2,2,0,172.2,8.5,1
P101447,87,F,South,Commercial,1,28,7,1,51.3,2,1,2.1,10.0,0
P101448,71,M,South,Medicaid,2,45,5,3,86.4,3,1,36.5,6.6,0
P101449,25,F,Midwest,Commercial,1,52,3,3,59.4,2,2,53.7,9.4,1
P101450,39,M,West,Commercial,1,40,7,0,95.3,2,1,25.5,10.0,0
P101451,20,M,West,Medicare,3,95,2,2,68.1,3,2,7.3,10.0,0
P101452,21,M,Northeast,Commercial,1,47,5,0,45.8,2,0,5.9,9.4,0
P101453,35,M,Northeast,Medicare,2,67,6,2,43.0,3,2,30.2,5.0,0
P101454,59,M,South,Commercial,1,55,3,1,99.6,3,0,12.7,5.7,0
P101455,22,F,South,Medicare,0,39,3,1,79.5,2,0,77.2,5.9,0
P101456,88,F,South,Commercial,1,3,5,0,55.5,7,0,6.9,7.7,0
P101457,50,M,Midwest,Medicaid,1,65,2,0,63.4,5,0,32.1,10.0,0
P101458,36,F,Midwest,Medicare,1,82,4,1,48.9,2,1,34.7,7.2,0
P101459,55,M,West,Medicare,0,83,5,1,7.0,2,1,82.0,6.1,0
P101460,74,F,Midwest,Commercial,1,76,1,1,62.2,1,0,65.7,9.7,0
P101461,40,F,South,Medicare,1,22,3,1,28.9,0,0,63.4,6.6,0
P101462,21,F,Northeast,Medicare,1,43,5,1,51.0,1,2,46.7,9.3,0
P101463,21,M,South,Commercial,2,69,3,0,28.5,2,0,14.6,6.8,0
P101464,79,F,West,Medicare,1,70,1,0,55.3,6,0,25.1,9.1,0
P101465,26,F,West,Commercial,1,59,3,1,35.1,1,1,134.3,8.0,1
P101466,63,F,South,Commercial,0,5,5,1,61.7,3,0,11.8,7.0,0
P101467,45,M,Northeast,Medicare,2,70,5,0,77.4,3,0,102.0,4.9,0
P101468,73,M,Northeast,Commercial,2,54,4,2,67.8,3,0,46.6,7.6,0
P101469,22,F,Northeast,Commercial,1,8,2,0,23.2,3,1,71.5,5.2,0
P101470,82,M,Midwest,Medicare,2,52,7,0,18.4,2,0,95.9,8.2,0
P101471,68,F,Midwest,Medicare,2,70,5,3,27.9,2,1,105.3,9.2,0
P101472,50,M,Midwest,Commercial,0,89,3,2,85.6,2,0,35.0,8.5,0
P101473,32,F,Northeast,Commercial,0,75,5,0,114.7,4,0,5.1,7.4,0
P101474,88,F,South,Commercial,2,25,3,0,43.2,2,0,30.9,7.4,0
P101475,39,M,Northeast,Medicare,0,66,9,0,34.4,2,1,22.1,8.8,0
P101476,53,M,South,Medicare,1,65,3,2,94.7,3,0,72.8,6.4,0
P101477,46,F,Midwest,Medicare,0,19,4,1,49.5,3,0,1.1,7.8,1
P101478,34,M,South,Medicaid,1,79,1,0,58.0,3,0,51.9,5.0,0
P101479,47,M,Midwest,Medicaid,2,16,5,1,64.1,2,1,13.1,6.2,1
P101480,28,F,South,Commercial,1,72,2,1,42.9,1,0,87.5,8.0,0
P101481,18,M,Midwest,Commercial,2,71,4,0,40.6,1,0,28.5,5.1,0
P101482,38,M,South,Commercial,2,92,5,3,58.1,1,0,242.8,7.9,1
P101483,26,F,South,Commercial,2,62,3,0,49.7,1,0,54.0,8.7,0
P101484,47,M,Northeast,Commercial,2,7,7,2,15.5,2,0,2.4,6.2,0
P101485,80,F,Midwest,Medicaid,2,94,7,3,37.5,1,1,24.4,8.1,0
P101486,29,M,West,Commercial,0,37,5,2,56.5,3,1,55.8,5.1,0
P101487,18,F,Midwest,Commercial,2,44,4,0,46.1,1,0,18.5,8.3,0
P101488,25,F,Midwest,Medicare,2,83,5,1,72.4,3,0,36.7,6.7,0
P101489,54,M,West,Uninsured,1,22,3,0,40.5,2,1,115.2,5.8,0
P101490,37,M,Northeast,Commercial,5,63,7,1,105.3,4,0,22.7,6.8,0
P101491,53,M,West,Medicaid,1,74,1,1,61.3,3,1,24.4,5.4,1
P101492,20,M,Northeast,Medicaid,1,51,6,2,61.9,2,0,24.3,8.9,0
P101493,41,F,Midwest,Commercial,3,72,4,0,47.1,3,0,52.8,7.7,0
P101494,47,F,West,Medicare,2,68,4,2,53.4,1,1,118.7,9.4,1
P101495,49,F,West,Commercial,0,50,3,0,12.8,3,0,89.2,4.2,1
P101496,57,F,South,Commercial,0,9,3,0,60.0,5,0,16.6,9.1,0
P101497,74,F,West,Commercial,2,71,3,0,109.2,3,0,61.6,4.6,0
P101498,51,M,Midwest,Commercial,0,76,4,0,82.4,2,0,12.8,7.4,0
P101499,78,M,Northeast,Medicare,0,30,4,1,19.2,5,0,63.8,10.0,0
P101500,56,F,Northeast,Medicaid,2,78,4,2,67.3,2,0,0.9,4.6,0
P101501,36,F,West,Commercial,0,21,2,2,71.1,5,2,122.3,7.5,0
P101502,34,M,West,Medicare,0,17,4,0,98.0,6,1,68.8,5.6,1
P101503,41,F,West,Commercial,3,12,0,2,40.3,5,0,29.3,6.4,0
P101504,61,F,South,Commercial,1,53,4,2,117.1,2,0,21.3,5.7,0
P101505,35,F,South,Medicare,1,28,7,0,62.8,2,1,8.8,2.7,0
P101506,83,F,West,Commercial,2,66,4,2,39.3,2,2,23.6,8.4,0
P101507,52,F,Northeast,Medicaid,1,63,6,1,19.2,4,0,13.1,7.5,0
P101508,80,M,West,Commercial,1,41,4,0,57.0,2,0,2.0,5.8,0
P101509,67,F,Midwest,Medicaid,1,25,3,0,65.2,1,2,36.7,9.7,1
P101510,42,M,Midwest,Commercial,2,87,6,0,31.4,4,0,31.2,8.5,0
P101511,34,F,South,Commercial,1,84,3,0,75.6,0,0,15.2,7.5,0
P101512,71,M,West,Medicaid,0,33,7,1,73.2,3,1,42.6,8.5,0
P101513,41,F,Midwest,Medicare,1,24,1,2,60.2,0,1,155.3,8.5,1
P101514,35,F,Northeast,Commercial,3,77,2,1,38.5,7,0,57.9,7.4,1
P101515,84,F,Midwest,Medicaid,1,66,2,0,60.5,2,1,86.8,8.3,1
P101516,52,F,West,Commercial,0,44,2,1,106.0,3,0,53.9,7.9,1
P101517,21,F,Northeast,Commercial,0,51,7,0,36.9,1,0,19.9,6.8,0
P101518,53,M,Midwest,Commercial,1,69,2,1,16.1,2,0,0.4,6.2,0
P101519,51,F,Northeast,Medicare,0,21,4,1,50.7,4,1,88.9,6.3,1
P101520,80,F,Midwest,Medicare,1,95,7,0,39.7,2,0,17.1,5.9,0
P101521,69,F,West,Medicaid,0,53,5,1,13.7,0,2,21.9,7.2,0
P101522,31,M,South,Medicare,2,13,3,1,70.2,3,1,252.5,8.4,1
P101523,28,M,Northeast,Commercial,1,91,6,2,27.0,2,0,100.5,9.1,0
P101524,61,M,Northeast,Commercial,0,95,4,2,24.4,1,0,4.9,7.9,0
P101525,21,M,Midwest,Commercial,2,90,3,1,80.5,4,0,35.7,9.5,0
P101526,40,M,West,Medicare,3,67,3,1,95.0,2,0,30.1,5.4,0
P101527,27,M,South,Commercial,2,28,4,0,124.7,3,0,5.5,9.4,1
P101528,19,F,West,Medicare,2,51,5,2,21.1,2,1,101.7,9.3,0
P101529,84,M,South,Medicare,3,51,6,0,69.8,0,0,49.9,5.0,0
P101530,24,M,Northeast,Medicaid,1,49,3,0,25.0,3,0,83.7,5.4,0
P101531,18,F,Midwest,Commercial,1,15,5,1,61.8,3,0,22.4,6.3,0
P101532,85,M,West,Commercial,2,30,4,1,56.1,3,0,130.3,8.4,0
P101533,31,F,South,Medicaid,2,45,4,1,7.0,3,1,11.8,3.4,0
P101534,76,F,West,Medicare,0,51,7,0,73.2,2,0,32.9,8.0,0
P101535,20,F,Midwest,Medicare,2,31,3,0,60.0,1,0,72.1,8.5,0
P101536,29,M,South,Medicare,0,70,2,2,75.1,2,0,55.9,10.0,0
P101537,25,M,Midwest,Medicaid,0,89,4,0,28.5,4,1,45.2,10.0,1
P101538,68,F,South,Commercial,1,45,7,1,112.9,4,1,5.6,6.7,0
P101539,62,F,Northeast,Medicaid,1,61,2,1,66.6,0,1,75.1,6.4,0
P101540,52,F,West,Commercial,3,19,4,1,68.3,1,0,46.5,9.5,1
P101541,35,F,South,Uninsured,2,18,0,0,94.5,2,1,22.1,9.8,0
P101542,24,M,Midwest,Commercial,0,7,2,0,59.7,1,0,133.8,8.5,0
P101543,58,F,Midwest,Commercial,0,95,7,3,37.6,3,1,100.8,5.3,0
P101544,34,F,Northeast,Commercial,2,29,7,2,87.2,2,0,27.2,7.4,0
P101545,60,F,Midwest,Medicaid,4,66,8,1,56.2,0,0,18.2,6.5,0
P101546,67,M,South,Uninsured,0,60,3,4,84.1,2,1,5.2,5.3,1
P101547,79,F,Midwest,Commercial,1,13,7,0,57.1,2,1,106.7,8.0,1
P101548,53,M,South,Commercial,1,16,2,2,114.3,3,1,6.2,5.9,0
P101549,18,F,West,Commercial,0,76,4,0,58.6,5,0,10.6,10.0,0
P101550,38,F,Northeast,Commercial,3,76,5,2,44.0,1,0,142.3,5.6,0
P101551,79,M,Northeast,Medicaid,1,53,7,1,68.1,3,0,10.1,3.2,0
P101552,56,F,South,Commercial,1,33,1,2,47.8,3,0,26.4,7.8,0
P101553,62,M,Northeast,Uninsured,1,39,2,0,37.9,2,0,20.6,10.0,1
P101554,50,F,Northeast,Medicaid,1,76,4,2,93.3,3,1,21.0,7.8,0
P101555,29,M,Midwest,Commercial,1,19,5,1,27.7,4,0,133.0,6.5,0
P101556,82,M,West,Medicare,2,9,4,1,85.4,4,1,1.0,5.6,0
P101557,73,M,Midwest,Uninsured,0,27,4,0,99.7,4,1,84.0,4.9,0
P101558,89,F,South,Medicaid,2,19,2,1,51.1,3,0,59.0,6.4,0
P101559,79,M,West,Medicare,1,16,8,0,66.3,3,1,62.9,5.6,0
P101560,38,M,South,Commercial,1,45,2,0,38.7,1,0,58.0,7.8,0
P101561,36,F,Northeast,Commercial,3,77,5,1,88.2,1,0,11.7,7.2,1
P101562,35,F,West,Medicaid,0,66,2,2,27.3,4,1,7.3,7.6,0
P101563,84,M,Midwest,Commercial,1,26,2,1,84.4,5,0,2.6,5.9,0
P101564,58,F,South,Medicare,2,41,5,0,59.7,5,0,24.8,7.2,0
P101565,50,M,Midwest,Medicare,1,45,2,2,38.3,0,1,10.4,9.2,0
P101566,87,M,Midwest,Commercial,1,37,4,0,42.0,3,0,75.6,4.3,0
P101567,61,F,Northeast,Commercial,0,92,5,1,71.7,2,1,44.1,6.0,0
P101568,83,M,Northeast,Commercial,1,91,3,1,29.6,2,0,0.2,6.9,0
P101569,88,M,Midwest,Medicaid,4,95,4,2,73.1,0,1,3.6,6.7,0
P101570,23,F,Northeast,Commercial,0,40,4,1,63.7,2,1,54.1,10.0,0
P101571,44,M,Midwest,Commercial,2,76,3,0,49.5,3,1,36.6,4.5,0
P101572,70,F,South,Uninsured,1,70,2,1,71.6,6,0,5.8,2.2,0
P101573,76,F,Northeast,Medicare,5,76,5,0,39.4,1,1,48.0,9.6,0
P101574,28,M,Midwest,Medicare,1,16,5,2,52.4,3,0,2.4,4.8,0
P101575,40,F,South,Medicaid,4,90,1,0,49.7,5,0,138.8,6.1,1
P101576,57,M,South,Commercial,1,90,2,0,27.6,2,0,97.7,8.1,0
P101577,75,F,Northeast,Uninsured,1,76,8,0,51.0,3,2,73.7,9.8,0
P101578,26,F,Midwest,Medicaid,1,55,5,1,20.2,2,0,8.5,6.2,0
P101579,61,F,West,Commercial,0,43,6,2,45.4,2,0,13.8,6.4,0
P101580,39,M,Midwest,Commercial,0,24,3,1,16.1,7,0,8.3,5.3,0
P101581,33,M,Northeast,Commercial,1,6,5,1,33.8,2,0,28.3,7.5,0
P101582,55,M,West,Medicare,0,92,2,1,36.3,1,0,1.4,10.0,0
P101583,47,M,Northeast,Medicare,0,20,7,1,69.7,2,1,53.5,6.3,0
P101584,63,M,South,Medicare,0,33,3,1,35.3,5,1,23.2,5.9,0
P101585,40,M,Northeast,Uninsured,0,43,6,0,28.1,2,1,153.6,7.2,0
P101586,77,F,West,Medicare,2,65,3,2,49.8,0,0,0.5,8.5,0
P101587,23,M,Northeast,Medicaid,1,26,2,0,106.8,1,0,14.4,9.0,0
P101588,80,M,Midwest,Medicare,2,21,7,2,17.8,1,0,24.8,7.2,0
P101589,20,M,Northeast,Medicare,0,32,3,1,76.8,1,0,88.9,10.0,1
P101590,70,F,Northeast,Commercial,1,32,3,1,68.2,1,1,16.5,8.6,1
P101591,42,F,Midwest,Medicare,0,6,4,0,111.6,4,1,14.7,7.5,0
P101592,45,M,West,Medicare,2,38,8,2,66.8,2,1,75.6,7.4,0
P101593,19,F,Northeast,Commercial,1,53,4,2,60.5,4,0,24.6,3.7,0
P101594,68,F,Northeast,Medicaid,1,43,8,2,60.4,3,0,10.5,6.4,0
P101595,29,M,South,Medicare,2,34,4,0,58.6,2,1,125.7,5.6,0
P101596,65,F,West,Commercial,3,88,4,1,77.0,2,0,36.4,7.0,0
P101597,70,F,Northeast,Medicaid,1,25,1,1,46.1,1,1,4.7,5.9,0
P101598,78,F,Northeast,Commercial,1,81,6,0,135.4,1,1,30.8,4.9,0
P101599,68,F,South,Medicare,2,58,2,3,81.0,4,0,3.9,9.1,0
P101600,39,M,South,Medicare,0,62,4,0,54.7,3,1,5.1,4.4,0
P101601,71,M,Northeast,Commercial,3,27,1,1,53.3,1,0,1.5,10.0,0
P101602,77,M,Midwest,Commercial,0,92,3,0,59.1,3,0,0.3,5.5,0
P101603,40,M,Midwest,Commercial,1,46,3,0,58.4,3,0,55.9,7.3,0
P101604,26,M,Northeast,Commercial,0,49,1,2,75.6,3,0,5.7,5.0,0
P101605,82,F,Midwest,Medicare,2,24,4,3,67.0,2,0,95.5,5.7,0
P101606,28,M,Northeast,Commercial,1,46,2,3,96.2,5,1,35.5,8.9,1
P101607,60,F,Midwest,Uninsured,1,65,2,1,35.6,3,0,48.4,6.1,0
P101608,35,F,South,Commercial,1,90,3,1,58.8,1,0,36.6,6.3,0
P101609,27,M,Northeast,Commercial,1,82,3,0,35.4,1,0,14.6,9.2,0
P101610,73,M,Northeast,Medicaid,2,15,7,0,47.9,1,1,125.3,10.0,0
P101611,28,F,West,Medicare,2,8,6,0,46.9,5,2,56.1,6.8,0
P101612,66,M,Midwest,Medicare,3,91,2,1,79.3,3,0,30.2,4.0,0
P101613,67,F,Midwest,Medicare,1,78,2,4,43.8,1,0,62.5,6.9,0
P101614,22,F,Northeast,Medicaid,0,15,5,1,94.8,5,0,81.4,7.0,0
P101615,30,F,Northeast,Commercial,1,81,1,1,96.2,2,1,38.8,7.4,0
P101616,75,F,Northeast,Commercial,1,73,6,1,77.8,4,1,36.7,8.6,0
P101617,54,M,South,Uninsured,0,92,7,1,31.4,1,0,94.5,9.0,0
P101618,26,F,South,Commercial,2,16,5,2,95.8,3,1,34.8,6.0,1
P101619,89,F,West,Medicare,1,79,8,2,49.2,0,0,77.7,7.7,0
P101620,37,F,West,Medicare,0,35,3,1,51.6,4,0,85.1,7.8,0
P101621,18,M,South,Medicare,3,53,1,2,72.9,2,0,20.1,10.0,1
P101622,84,M,South,Medicaid,2,25,2,1,38.5,2,1,126.6,9.1,1
P101623,19,M,South,Uninsured,0,7,5,3,91.1,5,0,39.0,6.3,1
P101624,57,F,Midwest,Commercial,0,67,8,0,79.9,2,0,7.0,5.3,1
P101625,89,M,Midwest,Medicare,2,8,2,1,134.2,2,0,24.2,6.6,0
P101626,59,M,Midwest,Medicare,0,45,3,0,67.5,2,0,61.6,7.6,0
P101627,60,F,Northeast,Commercial,0,19,1,0,56.7,1,0,43.1,7.0,0
P101628,45,F,South,Medicaid,3,88,4,0,110.1,3,0,29.0,5.9,0
P101629,27,F,West,Medicare,0,43,6,0,13.4,1,2,40.6,5.9,1
P101630,59,F,South,Commercial,1,18,2,1,65.7,1,0,75.6,9.1,1
P101631,82,F,Northeast,Medicaid,0,91,5,0,56.6,2,0,30.9,4.1,0
P101632,24,F,Northeast,Medicaid,2,66,5,2,90.8,1,0,67.8,9.7,0
P101633,81,F,Northeast,Commercial,3,17,0,0,137.7,4,1,6.2,7.6,1
P101634,47,M,West,Medicaid,0,34,4,1,43.1,2,1,20.4,6.0,0
P101635,56,F,Northeast,Commercial,1,52,3,1,88.9,2,0,81.8,7.5,0
P101636,29,F,Midwest,Commercial,0,74,3,0,94.8,2,0,12.5,9.2,0
P101637,62,M,South,Commercial,0,95,1,3,92.9,1,0,67.6,8.0,0
P101638,31,F,Northeast,Medicaid,1,80,1,1,66.1,1,0,47.6,6.4,0
P101639,37,F,West,Commercial,3,2,2,0,77.9,0,1,46.8,6.7,1
P101640,69,F,Midwest,Commercial,1,46,4,0,36.2,3,0,62.7,7.1,0
P101641,21,F,West,Medicare,0,5,6,1,104.4,2,1,18.6,8.3,0
P101642,50,F,West,Commercial,2,29,2,1,33.0,5,1,4.9,4.6,0
P101643,60,F,West,Commercial,1,26,0,0,35.7,1,0,32.8,6.5,0
P101644,27,F,Midwest,Commercial,1,26,10,0,52.9,2,0,8.1,7.4,0
P101645,39,M,Midwest,Medicaid,0,22,3,2,45.7,4,0,1.7,7.4,0
P101646,42,M,Midwest,Medicare,1,39,3,1,70.9,4,1,22.7,6.8,0
P101647,65,F,South,Medicaid,1,48,6,1,52.1,2,0,18.7,7.7,0
P101648,88,F,Northeast,Commercial,0,91,10,0,38.3,2,0,11.0,3.9,0
P101649,78,F,South,Medicare,1,40,6,0,32.0,0,0,76.8,4.3,1
P101650,31,M,South,Medicaid,3,3,5,2,89.7,3,0,88.8,10.0,0
P101651,19,M,Northeast,Commercial,4,56,7,2,73.2,3,0,15.6,7.4,0
P101652,21,F,West,Commercial,0,29,3,0,27.5,3,0,27.1,7.2,0
P101653,60,F,West,Commercial,3,14,1,0,76.0,0,0,30.5,4.3,0
P101654,29,F,South,Commercial,1,64,5,2,52.0,6,0,10.5,3.7,0
P101655,34,M,South,Commercial,0,66,1,0,20.6,4,0,3.4,8.2,0
P101656,79,M,West,Uninsured,1,34,3,1,29.0,2,0,169.4,9.8,0
P101657,80,F,South,Medicare,0,21,1,0,85.4,2,0,27.2,5.8,0
P101658,78,M,Midwest,Medicare,2,47,5,0,93.8,1,0,7.1,8.0,0
P101659,36,F,Midwest,Commercial,0,43,5,0,77.6,0,1,18.0,9.4,0
P101660,62,M,South,Medicare,0,93,2,0,41.7,5,2,61.7,6.9,1
P101661,61,M,West,Medicare,2,4,1,3,72.9,4,0,4.7,9.7,0
P101662,31,F,Northeast,Medicaid,4,18,4,2,72.3,1,0,19.0,6.8,0
P101663,57,F,Northeast,Commercial,2,76,5,3,7.0,2,1,34.4,8.0,0
P101664,55,M,Midwest,Medicaid,1,91,3,1,74.6,2,1,122.6,10.0,1
P101665,46,F,Midwest,Commercial,2,60,4,0,64.8,0,0,42.9,8.8,1
P101666,72,M,West,Medicare,0,31,6,0,118.6,2,0,28.0,7.2,0
P101667,66,F,Midwest,Medicaid,1,20,1,0,109.7,3,0,1.0,6.4,0
P101668,56,M,Northeast,Medicare,0,81,6,3,58.0,5,0,12.8,9.4,0
P101669,70,F,West,Medicare,3,58,6,1,71.1,3,0,26.1,8.6,0
P101670,72,F,South,Medicaid,3,39,8,0,63.1,4,0,66.9,8.7,0
P101671,58,F,Northeast,Medicaid,2,42,6,1,48.3,2,0,16.2,7.8,1
P101672,37,F,Midwest,Commercial,0,15,3,1,25.9,1,0,54.6,9.0,0
P101673,72,F,Northeast,Commercial,0,79,3,1,43.3,2,0,20.5,5.8,0
P101674,69,M,South,Medicare,2,5,2,3,48.6,3,0,37.6,6.2,0
P101675,88,F,South,Uninsured,0,94,0,1,89.9,1,2,4.5,5.9,0
P101676,28,F,Northeast,Medicare,3,16,8,1,65.3,2,2,10.6,8.6,0
P101677,48,F,West,Commercial,2,12,6,1,45.9,5,0,17.1,6.3,1
P101678,84,F,Midwest,Medicare,3,7,7,1,41.6,3,0,29.4,6.1,0
P101679,55,M,West,Commercial,3,47,5,0,71.0,4,0,77.0,7.7,0
P101680,85,M,South,Commercial,2,6,3,0,52.2,1,2,79.4,5.7,0
P101681,18,F,Midwest,Commercial,1,25,4,0,33.7,1,0,50.2,8.4,0
P101682,20,M,West,Commercial,0,76,4,0,36.8,5,0,20.1,6.5,0
P101683,75,M,Northeast,Medicare,2,72,6,0,104.1,3,0,28.9,10.0,0
P101684,43,M,West,Commercial,2,33,3,0,56.8,5,1,91.2,9.9,0
P101685,55,F,Northeast,Commercial,2,4,0,1,87.5,2,0,12.6,10.0,0
P101686,48,F,West,Medicare,0,16,4,0,15.9,3,0,93.4,5.5,0
P101687,47,F,Midwest,Commercial,1,52,7,0,89.6,4,0,23.8,7.0,0
P101688,85,M,Midwest,Commercial,0,45,7,0,79.5,1,0,4.0,9.4,0
P101689,24,M,Northeast,Commercial,2,82,7,0,82.3,1,0,32.6,10.0,0
P101690,73,F,Midwest,Commercial,1,46,3,0,20.0,3,0,91.4,4.7,0
P101691,82,F,Midwest,Medicare,3,37,1,0,60.8,2,1,154.2,8.7,0
P101692,65,M,West,Commercial,0,60,2,0,39.5,1,0,10.6,7.8,0
P101693,46,M,West,Commercial,3,80,6,1,30.7,3,1,34.6,8.1,0
P101694,29,F,South,Commercial,3,78,5,2,13.0,4,0,67.7,5.6,0
P101695,67,M,South,Commercial,0,14,3,0,33.1,5,1,60.5,6.8,0
P101696,51,F,South,Commercial,2,40,3,1,31.3,4,0,220.2,9.3,0
P101697,28,F,South,Commercial,1,88,2,4,79.6,0,1,0.8,9.2,1
P101698,43,M,Northeast,Commercial,2,77,2,1,44.8,4,1,20.2,7.9,0
P101699,87,M,Northeast,Commercial,0,76,8,1,56.1,3,0,88.1,9.8,0
P101700,37,M,West,Medicaid,1,11,4,0,90.0,3,0,5.7,9.2,0
P101701,30,F,South,Commercial,1,38,2,0,61.8,4,0,97.3,10.0,0
P101702,67,F,South,Commercial,1,80,2,1,42.1,2,0,20.1,8.6,0
P101703,32,F,Midwest,Medicare,0,13,3,2,65.1,2,1,2.2,10.0,1
P101704,84,F,Midwest,Commercial,2,69,5,0,40.4,2,0,25.4,7.0,0
P101705,79,F,South,Medicaid,1,50,7,0,16.1,3,2,50.4,10.0,0
P101706,88,F,West,Commercial,1,70,4,0,69.3,3,1,11.0,5.7,0
P101707,83,F,Northeast,Medicare,1,64,2,0,76.2,4,0,84.3,7.3,1
P101708,35,F,South,Medicaid,1,10,4,1,55.2,2,0,12.4,8.8,0
P101709,33,F,Northeast,Commercial,1,13,2,1,56.7,3,0,25.3,2.7,0
P101710,42,M,Midwest,Commercial,0,32,1,2,49.4,2,3,14.6,6.5,0
P101711,51,F,Northeast,Medicare,0,89,4,1,98.7,2,0,38.8,10.0,0
P101712,81,M,West,Uninsured,0,90,4,1,67.5,3,2,69.1,10.0,0
P101713,70,M,Midwest,Commercial,2,73,4,0,56.8,1,0,128.9,4.8,0
P101714,64,M,Northeast,Medicare,2,23,4,0,84.2,1,0,63.3,4.6,1
P101715,81,F,Midwest,Commercial,1,91,6,1,86.5,1,0,83.3,4.8,1
P101716,64,F,South,Medicare,2,69,6,1,71.1,0,0,142.8,6.0,0
P101717,45,M,Midwest,Commercial,4,29,3,2,84.2,2,0,22.5,7.5,0
P101718,47,F,Northeast,Medicare,2,68,2,1,73.9,2,1,20.8,9.1,0
P101719,55,F,Midwest,Commercial,0,42,4,2,61.2,3,0,8.7,9.4,0
P101720,24,F,Northeast,Medicare,0,46,3,1,84.8,0,1,50.9,10.0,0
P101721,71,M,Northeast,Commercial,0,23,4,1,36.6,2,0,47.2,10.0,0
P101722,64,F,Midwest,Medicare,2,62,3,0,36.1,2,1,122.4,3.3,0
P101723,70,M,Midwest,Medicare,1,27,6,1,72.4,2,0,5.2,6.7,0
P101724,56,F,South,Medicaid,2,88,3,0,43.0,3,0,53.1,5.0,1
P101725,74,F,Northeast,Uninsured,2,14,3,0,80.5,4,2,111.8,10.0,0
P101726,86,M,South,Medicare,2,24,1,0,66.3,4,1,256.8,6.8,1
P101727,59,F,West,Medicare,1,12,2,3,111.8,1,0,106.3,6.2,1
P101728,49,M,Midwest,Commercial,2,23,2,0,35.3,2,2,71.8,8.9,0
P101729,25,F,Northeast,Medicaid,3,64,3,0,83.3,3,0,22.3,7.1,0
P101730,74,F,West,Medicare,1,90,5,1,47.6,2,0,89.6,9.5,0
P101731,83,M,South,Commercial,2,15,3,2,67.3,2,0,17.4,6.4,1
P101732,68,F,Midwest,Commercial,3,22,6,2,78.2,4,1,50.0,9.3,0
P101733,80,F,Northeast,Medicaid,2,13,3,1,69.9,5,3,0.8,3.0,0
P101734,80,M,South,Medicaid,0,77,3,0,72.7,3,0,4.6,10.0,0
P101735,75,M,West,Medicaid,2,51,2,0,70.5,3,1,55.2,8.9,1
P101736,54,M,South,Medicare,1,35,6,0,54.0,3,0,8.4,8.2,0
P101737,25,F,Northeast,Commercial,2,67,6,2,81.4,2,0,34.1,6.6,0
P101738,18,F,Northeast,Medicaid,2,9,9,0,82.8,3,0,46.6,7.5,0
P101739,32,M,West,Medicare,3,74,5,2,51.7,5,1,93.5,7.4,0
P101740,49,F,West,Medicare,0,10,7,2,40.5,4,0,52.6,7.2,0
P101741,71,F,Northeast,Medicare,2,56,3,1,66.9,5,1,27.6,8.1,0
P101742,50,M,West,Medicare,1,3,5,0,65.3,2,0,5.4,7.3,0
P101743,19,F,West,Medicare,2,20,3,1,20.0,3,1,118.3,7.4,1
P101744,33,F,South,Medicare,2,60,0,2,65.8,4,0,6.9,6.8,0
P101745,88,F,Midwest,Medicaid,1,55,6,1,40.0,0,0,2.2,7.3,0
P101746,89,F,South,Medicaid,0,43,7,1,12.1,3,0,153.9,8.0,1
P101747,45,M,Northeast,Commercial,1,60,3,0,69.8,1,1,15.3,7.8,0
P101748,75,M,Midwest,Commercial,0,80,4,0,29.8,1,2,86.7,7.4,0
P101749,69,F,Northeast,Medicare,1,25,5,2,92.3,2,0,28.4,7.0,1
P101750,85,F,South,Medicare,0,93,4,0,79.6,4,1,19.1,8.6,0
P101751,81,M,South,Medicare,3,14,3,1,66.2,1,3,37.6,6.4,0
P101752,63,F,Northeast,Medicaid,1,93,4,0,94.8,3,1,51.9,4.4,0
P101753,46,F,West,Commercial,2,88,2,0,84.1,4,0,47.2,7.4,0
P101754,63,M,Midwest,Commercial,2,41,4,0,37.7,2,0,4.4,9.1,0
P101755,40,M,West,Medicaid,0,10,3,0,85.3,5,0,42.9,8.4,0
P101756,43,F,Midwest,Medicaid,1,39,8,1,42.9,2,1,42.2,9.0,0
P101757,61,M,Northeast,Commercial,0,27,1,2,83.0,0,1,54.8,6.8,0
P101758,59,F,South,Commercial,0,56,4,3,49.5,2,3,61.6,8.3,1
P101759,59,M,South,Commercial,2,22,4,1,28.5,2,0,8.3,10.0,0
P101760,45,F,West,Medicare,1,7,2,1,70.7,2,0,2.0,5.4,0
P101761,47,F,Northeast,Medicare,0,85,2,1,48.0,4,0,60.5,8.4,0
P101762,18,M,Midwest,Commercial,3,83,0,2,87.0,3,0,14.8,6.9,1
P101763,61,F,Northeast,Commercial,1,48,5,1,92.7,3,0,76.3,9.9,0
P101764,59,F,West,Medicare,2,81,4,2,16.8,1,2,221.1,7.5,0
P101765,85,F,Midwest,Medicare,0,91,4,0,60.0,3,0,8.5,7.0,0
P101766,54,M,South,Medicare,2,88,5,0,76.3,1,0,11.5,5.0,0
P101767,51,M,South,Commercial,0,79,7,1,63.1,1,1,14.5,5.8,0
P101768,22,F,South,Commercial,1,5,2,0,63.6,2,0,18.5,6.9,0
P101769,32,M,Northeast,Commercial,1,72,4,3,66.8,1,1,18.3,9.2,0
P101770,42,M,Midwest,Uninsured,0,88,4,1,20.0,2,0,125.6,10.0,0
P101771,45,F,West,Commercial,1,17,2,2,99.9,3,0,39.2,7.3,0
P101772,44,F,Northeast,Medicare,1,7,4,1,76.5,2,0,86.6,6.9,1
P101773,46,F,Midwest,Medicare,1,33,2,2,43.7,3,0,56.3,8.2,0
P101774,73,F,Midwest,Medicaid,1,79,3,3,41.3,4,0,23.5,7.9,0
P101775,27,F,West,Commercial,1,78,1,3,81.7,6,0,70.2,7.2,0
P101776,41,F,West,Commercial,2,56,2,0,66.6,3,0,17.7,7.5,1
P101777,29,F,Northeast,Medicaid,0,94,4,1,69.1,3,1,9.6,8.0,0
P101778,40,F,Northeast,Commercial,0,16,2,4,73.9,2,1,11.3,9.6,0
P101779,67,M,West,Medicare,0,84,5,1,65.7,1,1,7.1,6.3,0
P101780,21,F,Northeast,Commercial,1,83,5,3,13.0,1,0,3.9,5.2,0
P101781,42,M,Midwest,Uninsured,2,91,4,1,49.8,2,0,1.8,7.8,0
P101782,19,M,West,Medicare,0,28,2,0,74.0,2,0,52.6,5.9,0
P101783,86,M,Midwest,Commercial,0,61,3,0,76.1,1,0,84.4,10.0,0
P101784,70,M,Northeast,Medicaid,0,27,9,0,48.2,5,0,18.5,8.2,0
P101785,35,M,Northeast,Medicare,1,46,5,0,59.1,5,0,21.5,7.3,0
P101786,32,F,Midwest,Medicare,0,92,3,3,89.1,0,0,169.8,7.4,0
P101787,25,M,West,Commercial,0,49,4,4,95.1,4,0,223.5,8.2,1
P101788,52,F,South,Commercial,1,74,8,1,68.3,2,4,18.8,8.6,0
P101789,72,M,Midwest,Medicare,2,44,2,0,82.2,5,0,106.9,10.0,0
P101790,60,F,West,Commercial,1,1,1,0,68.9,2,1,20.4,5.6,0
P101791,81,F,West,Medicaid,1,15,7,2,77.6,4,0,65.7,9.3,0
P101792,42,F,Midwest,Commercial,1,64,3,1,59.8,1,1,107.4,10.0,0
P101793,38,M,Midwest,Medicare,0,30,3,0,44.9,5,0,34.9,8.2,0
P101794,52,F,West,Commercial,2,30,6,1,106.3,3,0,19.6,7.7,0
P101795,32,F,West,Medicare,3,9,5,1,105.0,1,1,140.6,6.9,1
P101796,88,F,South,Commercial,2,78,9,0,60.7,2,1,28.0,7.4,0
P101797,31,F,Midwest,Commercial,0,9,2,1,69.9,3,0,122.7,7.5,0
P101798,52,M,South,Commercial,1,52,4,0,64.3,1,2,29.3,9.6,0
P101799,55,M,West,Medicare,0,30,2,1,61.3,3,0,69.5,9.8,0
P101800,22,F,Northeast,Commercial,2,87,2,2,62.4,1,0,75.5,6.6,0
P101801,51,F,Northeast,Medicaid,0,64,4,1,89.3,2,0,73.5,9.9,0
P101802,50,F,South,Commercial,3,7,2,1,33.3,1,1,6.0,7.9,0
P101803,36,F,Northeast,Medicare,1,59,2,0,44.7,1,1,7.2,8.0,0
P101804,27,M,Midwest,Medicare,3,16,6,0,83.4,2,1,82.5,9.2,0
P101805,21,M,Midwest,Commercial,2,54,1,2,64.7,4,1,93.4,7.2,0
P101806,18,F,West,Commercial,1,24,2,2,92.4,4,0,14.8,7.8,0
P101807,52,M,Midwest,Commercial,3,72,5,3,62.8,7,0,63.7,8.2,0
P101808,24,F,Midwest,Medicare,1,45,3,1,69.9,3,2,121.9,10.0,0
P101809,87,M,Midwest,Uninsured,0,41,3,1,55.9,2,1,137.5,4.2,0
P101810,35,F,Northeast,Commercial,1,84,5,0,94.8,1,0,64.3,7.9,0
P101811,64,M,Midwest,Medicare,1,42,5,1,82.8,4,1,151.7,5.8,0
P101812,66,F,Northeast,Medicare,3,23,5,3,32.8,0,0,86.6,9.8,0
P101813,53,M,Midwest,Medicare,1,50,4,3,76.6,3,1,36.0,5.5,1
P101814,81,F,West,Medicare,1,77,4,0,86.9,0,1,35.1,9.6,0
P101815,25,F,West,Uninsured,4,7,2,0,60.2,2,0,1.6,6.6,0
P101816,34,F,Midwest,Medicare,0,27,3,3,78.5,4,0,6.3,10.0,0
P101817,36,F,South,Medicaid,1,56,6,0,93.6,2,0,0.1,5.8,0
P101818,27,M,West,Commercial,3,23,3,1,58.6,5,0,38.3,7.9,0
P101819,39,M,West,Medicaid,0,72,3,0,69.7,2,1,67.7,8.4,0
P101820,40,M,South,Uninsured,0,6,1,1,49.2,4,1,12.6,7.2,0
P101821,73,F,Northeast,Medicaid,1,26,1,1,74.5,2,1,55.1,5.1,1
P101822,39,M,Midwest,Commercial,3,56,2,2,37.6,1,1,58.6,8.2,0
P101823,81,M,Midwest,Medicaid,4,82,8,2,77.9,4,0,2.4,4.3,0
P101824,73,F,West,Commercial,0,34,6,1,99.6,3,1,35.7,8.1,0
P101825,82,F,West,Medicare,1,26,5,0,39.2,4,0,56.1,7.8,0
P101826,25,F,Northeast,Commercial,1,89,1,0,94.7,3,0,4.2,6.5,0
P101827,88,F,South,Medicare,1,49,3,1,60.9,6,0,4.1,3.1,0
P101828,62,M,West,Commercial,0,20,3,2,45.7,0,0,28.4,3.7,1
P101829,88,M,South,Commercial,4,84,4,2,56.6,4,1,86.4,5.9,0
P101830,43,M,South,Commercial,2,3,3,0,62.7,5,0,57.1,7.1,0
P101831,86,F,South,Commercial,2,71,3,3,52.0,2,0,63.4,8.3,1
P101832,60,M,South,Commercial,1,87,1,1,90.4,3,0,28.6,7.8,0
P101833,23,M,Midwest,Medicaid,2,55,4,1,55.1,3,1,145.1,5.1,0
P101834,47,F,South,Medicare,2,87,3,3,69.9,2,0,67.5,10.0,0
P101835,27,M,South,Medicaid,3,60,3,0,114.9,3,0,4.0,9.6,0
P101836,85,F,South,Medicaid,0,57,3,0,57.7,3,0,5.0,7.3,0
P101837,39,F,Northeast,Commercial,1,11,3,3,49.8,3,1,59.5,9.1,1
P101838,34,F,West,Medicare,0,17,7,1,52.4,1,0,119.6,6.0,0
P101839,57,F,West,Medicare,3,67,4,0,89.8,4,0,56.1,6.9,0
P101840,48,M,South,Commercial,3,65,3,1,59.5,3,0,2.0,3.9,0
P101841,24,F,Northeast,Medicare,1,59,7,2,68.4,0,0,68.8,6.2,0
P101842,76,F,Midwest,Medicare,0,20,6,3,44.3,3,1,27.6,6.9,0
P101843,78,F,Midwest,Medicare,0,9,2,1,54.3,0,0,118.4,8.9,0
P101844,71,F,Midwest,Medicare,3,9,5,3,85.8,2,0,15.8,9.0,0
P101845,62,F,Midwest,Commercial,1,12,4,0,25.2,5,0,96.3,5.4,0
P101846,46,F,Midwest,Medicaid,0,21,3,1,17.2,2,1,111.3,5.8,0
P101847,57,M,Northeast,Commercial,0,93,3,0,49.0,3,1,20.0,6.8,1
P101848,55,F,Northeast,Medicaid,1,75,1,1,51.5,1,1,27.8,9.9,0
P101849,29,M,Northeast,Commercial,1,17,2,0,54.7,2,0,15.6,9.2,0
P101850,23,F,Northeast,Medicare,3,30,0,0,55.4,3,2,20.2,8.1,0
P101851,36,M,West,Medicare,1,86,9,3,61.7,2,0,44.2,8.3,0
P101852,50,M,Midwest,Commercial,1,43,4,0,51.1,1,0,11.6,7.7,0
P101853,29,F,Midwest,Commercial,3,27,5,0,95.4,1,0,79.0,8.2,0
P101854,25,F,Midwest,Commercial,0,32,4,0,82.0,4,0,87.1,6.0,1
P101855,79,M,Northeast,Medicare,1,38,5,0,58.4,0,0,6.8,6.4,0
P101856,44,F,Northeast,Medicaid,0,52,8,0,84.1,3,0,43.7,6.0,0
P101857,60,M,West,Commercial,0,53,5,1,7.0,3,0,13.4,9.6,0
P101858,55,F,South,Medicare,0,51,1,0,69.8,3,0,51.1,10.0,0
P101859,70,F,Midwest,Medicaid,0,60,5,1,82.8,2,0,10.9,7.5,0
P101860,71,F,West,Medicare,1,29,3,0,47.2,0,1,19.7,10.0,0
P101861,39,M,Northeast,Medicaid,1,48,3,2,74.6,4,0,49.5,8.8,1
P101862,79,F,West,Commercial,1,79,6,0,45.5,3,0,12.2,7.3,1
P101863,44,M,Midwest,Commercial,1,34,5,0,69.7,2,0,64.9,4.0,1
P101864,78,M,South,Commercial,4,94,2,1,28.7,1,2,4.6,10.0,1
P101865,47,F,South,Commercial,1,48,3,2,83.9,2,0,37.0,9.2,0
P101866,25,F,Northeast,Medicare,0,36,10,2,61.4,3,0,13.2,7.4,0
P101867,72,F,Northeast,Medicaid,0,67,2,0,67.1,2,1,113.9,7.6,1
P101868,20,F,Northeast,Commercial,1,38,2,3,59.5,2,0,44.4,10.0,1
P101869,73,M,West,Medicaid,0,38,5,0,88.4,2,1,12.6,6.9,0
P101870,21,F,Northeast,Commercial,3,36,4,1,67.6,4,0,49.6,4.9,0
P101871,32,F,South,Commercial,0,52,1,0,84.9,3,0,4.0,10.0,0
P101872,61,M,Northeast,Medicaid,1,4,4,0,47.7,5,0,20.1,6.5,0
P101873,85,M,South,Medicaid,0,37,1,2,75.5,3,0,16.1,6.7,0
P101874,47,F,Northeast,Medicare,1,73,5,0,100.7,4,0,5.4,4.4,1
P101875,26,M,South,Commercial,2,32,7,1,101.7,2,1,23.3,10.0,0
P101876,34,F,Midwest,Commercial,0,52,2,2,7.0,3,0,136.9,9.1,0
P101877,82,M,West,Commercial,0,29,3,3,65.4,1,2,37.7,4.3,1
P101878,70,F,South,Medicaid,0,90,4,1,24.4,3,0,0.1,9.2,0
P101879,25,F,Midwest,Commercial,2,22,2,0,51.6,4,0,7.9,8.8,0
P101880,45,F,Midwest,Medicare,0,74,5,0,47.6,1,1,5.6,9.8,1
P101881,37,M,West,Commercial,3,73,4,3,76.4,3,0,39.1,6.5,1
P101882,30,M,West,Medicare,1,39,5,0,57.8,3,0,11.3,4.3,0
P101883,78,F,Northeast,Commercial,2,94,2,2,42.8,3,1,4.5,6.5,0
P101884,62,M,Midwest,Medicare,0,94,3,3,74.5,5,0,34.3,4.8,0
P101885,30,M,West,Medicare,1,3,4,0,35.3,3,3,28.3,9.5,0
P101886,64,F,South,Uninsured,1,55,4,1,41.9,1,0,15.3,3.1,0
P101887,47,M,Midwest,Medicaid,1,19,4,3,51.7,3,1,3.9,7.0,0
P101888,22,F,South,Medicare,2,95,3,2,56.2,2,1,5.3,5.7,0
P101889,50,M,South,Commercial,0,92,7,0,65.6,3,0,74.6,6.4,0
P101890,31,F,Northeast,Medicaid,1,41,1,1,65.9,4,0,6.9,7.0,1
P101891,35,F,Northeast,Medicaid,1,33,5,1,45.7,3,0,7.5,8.2,0
P101892,81,F,Midwest,Medicaid,0,78,5,0,67.1,3,1,4.7,7.5,0
P101893,69,F,West,Medicare,0,37,2,2,63.2,0,1,38.5,7.4,0
P101894,27,M,Midwest,Commercial,0,70,3,1,61.3,0,0,150.2,7.0,0
P101895,79,F,Northeast,Medicaid,0,63,1,1,22.6,4,2,14.2,9.8,1
P101896,59,F,Northeast,Commercial,1,27,5,0,72.2,3,0,7.0,8.8,0
P101897,80,F,Midwest,Commercial,2,34,6,0,75.4,3,0,92.7,6.3,1
P101898,71,M,Northeast,Commercial,3,89,2,2,79.4,2,0,31.2,5.0,0
P101899,42,M,Midwest,Medicare,1,47,13,2,64.3,0,0,42.2,7.8,0
P101900,56,F,West,Commercial,1,40,5,0,87.2,4,0,51.1,7.7,0
P101901,56,F,Northeast,Medicare,1,86,4,1,72.5,1,1,59.8,6.1,0
P101902,69,F,Midwest,Medicare,0,55,2,0,50.1,3,0,12.7,6.2,0
P101903,35,M,West,Medicare,0,54,2,0,58.8,1,1,0.9,8.2,0
P101904,41,M,South,Commercial,1,37,6,4,46.1,1,0,27.4,10.0,1
P101905,35,M,West,Medicaid,0,64,6,3,35.6,3,0,52.1,9.9,0
P101906,39,M,West,Commercial,2,5,3,1,77.8,3,0,13.6,6.1,0
P101907,29,F,South,Commercial,3,21,4,2,53.9,2,1,70.2,7.6,1
P101908,20,M,South,Medicare,3,78,3,0,77.6,3,0,14.4,8.2,0
P101909,85,F,Midwest,Commercial,0,25,4,3,106.9,3,0,37.1,8.5,0
P101910,23,F,Midwest,Medicare,0,94,3,3,86.4,3,1,11.0,10.0,0
P101911,81,F,South,Commercial,3,85,3,1,36.2,5,0,6.2,7.0,0
P101912,18,F,Northeast,Medicaid,3,37,4,1,46.2,0,2,58.9,5.9,1
P101913,73,M,Midwest,Commercial,1,88,4,0,74.6,1,0,74.8,7.8,0
P101914,41,F,Northeast,Uninsured,0,68,3,2,70.7,1,0,64.8,5.9,0
P101915,55,M,Northeast,Medicare,0,77,3,1,93.4,3,0,81.2,7.6,0
P101916,38,M,Northeast,Commercial,0,45,0,0,51.1,3,0,11.1,6.3,0
P101917,53,M,South,Medicare,0,12,6,1,28.7,5,0,17.8,8.8,0
P101918,50,M,Northeast,Commercial,0,52,4,5,37.1,3,0,5.8,9.9,0
P101919,56,F,South,Uninsured,2,78,6,0,90.0,1,0,16.0,5.5,0
P101920,46,F,Northeast,Medicaid,0,9,6,0,64.3,2,0,181.9,5.7,1
P101921,56,F,South,Medicare,4,2,3,2,81.1,3,0,8.2,5.7,0
P101922,77,F,West,Commercial,1,78,4,1,51.8,4,0,0.2,6.9,0
P101923,49,M,South,Uninsured,1,57,6,0,42.0,2,0,26.4,9.2,0
P101924,44,F,Midwest,Medicare,0,50,4,1,76.7,2,1,22.0,4.8,0
P101925,27,F,Northeast,Medicare,1,65,5,1,27.1,4,0,26.7,8.0,0
P101926,43,F,Northeast,Commercial,1,66,6,1,72.5,4,0,84.0,10.0,0
P101927,27,F,West,Commercial,1,41,1,3,100.9,2,1,27.3,5.9,1
P101928,31,M,Midwest,Medicare,3,59,5,1,7.0,0,0,195.1,6.3,0
P101929,86,F,Northeast,Medicare,1,46,3,0,36.8,3,0,105.7,6.4,1
P101930,24,M,Midwest,Medicaid,0,20,3,1,59.7,3,0,10.8,10.0,0
P101931,52,M,Northeast,Medicare,0,71,5,1,48.6,1,0,3.8,7.7,0
P101932,78,M,Northeast,Medicare,2,36,6,0,57.1,2,1,18.2,9.1,0
P101933,86,F,South,Medicare,0,86,8,3,115.5,1,0,28.4,6.4,0
P101934,28,M,Midwest,Medicaid,5,38,2,2,43.9,1,0,9.0,9.1,1
P101935,29,F,Midwest,Commercial,2,18,3,2,54.9,3,0,9.4,7.3,0
P101936,44,F,West,Medicaid,2,79,7,0,35.5,2,0,292.5,10.0,1
P101937,57,M,Northeast,Commercial,2,14,3,1,25.1,1,1,85.0,9.0,0
P101938,87,M,Northeast,Medicare,1,94,3,1,71.1,2,0,45.3,10.0,0
P101939,32,F,Midwest,Medicaid,5,60,8,2,19.6,3,0,48.2,9.5,0
P101940,29,M,West,Medicaid,1,46,3,1,27.6,3,0,69.1,5.9,0
P101941,36,F,Midwest,Commercial,1,22,3,0,61.1,0,1,10.3,10.0,0
P101942,80,M,Midwest,Medicare,1,20,6,2,74.7,5,0,0.5,10.0,0
P101943,20,M,Northeast,Commercial,1,19,2,4,38.3,1,0,10.6,5.1,0
P101944,45,M,West,Commercial,0,80,0,1,41.5,2,0,21.2,7.4,0
P101945,26,M,West,Medicaid,1,20,5,0,19.2,4,0,25.0,6.1,1
P101946,29,M,Midwest,Medicaid,1,4,5,1,72.7,1,0,84.9,8.2,0
P101947,84,M,South,Commercial,1,19,3,2,60.9,3,0,32.7,7.8,0
P101948,18,M,Midwest,Medicaid,5,58,1,2,60.3,4,0,94.6,8.4,0
P101949,41,M,Midwest,Commercial,1,46,6,0,27.2,0,0,15.8,6.4,0
P101950,83,F,West,Medicaid,2,36,4,1,80.3,5,0,9.3,4.8,0
P101951,61,M,Northeast,Medicaid,1,92,3,3,47.5,0,0,9.8,5.4,0
P101952,23,F,Midwest,Medicaid,2,33,1,0,82.2,0,0,18.9,8.8,1
P101953,51,M,Midwest,Medicaid,1,79,4,1,43.6,0,0,7.8,6.0,0
P101954,87,F,South,Uninsured,2,12,4,0,68.2,4,1,13.8,4.8,0
P101955,46,F,West,Medicare,1,52,4,1,41.1,3,0,81.8,5.9,0
P101956,56,M,Northeast,Commercial,2,13,2,2,84.0,1,0,53.3,9.1,0
P101957,56,F,Northeast,Commercial,0,8,5,0,29.8,0,1,154.6,5.9,1
P101958,65,F,West,Medicaid,1,65,4,1,67.5,1,0,30.7,8.3,0
P101959,31,M,Northeast,Commercial,0,64,3,1,29.5,1,0,13.0,7.5,0
P101960,78,F,South,Medicaid,1,55,5,1,49.3,4,0,42.8,7.7,0
P101961,89,F,South,Commercial,2,43,5,2,76.0,2,0,16.6,8.2,0
P101962,28,F,Midwest,Medicaid,1,26,4,1,31.5,2,0,205.2,4.9,1
P101963,76,F,Northeast,Medicare,3,74,2,0,71.7,1,0,1.6,8.0,0
P101964,76,F,South,Medicaid,2,18,4,0,78.9,2,1,73.3,6.8,0
P101965,71,F,West,Uninsured,1,47,3,0,10.0,3,0,3.9,6.9,0
P101966,44,F,South,Commercial,2,90,5,1,71.9,3,0,51.9,6.6,0
P101967,51,F,Midwest,Medicare,1,64,3,1,88.1,2,1,38.1,7.0,0
P101968,78,F,West,Commercial,3,81,3,0,41.3,6,0,3.0,8.1,0
P101969,29,M,Midwest,Medicaid,1,20,3,0,38.5,4,0,4.8,8.8,0
P101970,77,M,West,Medicaid,2,3,4,2,19.4,5,0,150.9,9.1,0
P101971,84,F,West,Commercial,3,80,2,1,36.0,1,0,48.2,10.0,1
P101972,67,F,Midwest,Commercial,1,54,5,1,85.5,1,0,31.9,7.6,0
P101973,42,M,West,Commercial,3,75,6,2,49.6,1,1,88.2,9.7,0
P101974,58,M,Midwest,Commercial,2,81,4,0,72.5,3,1,75.3,6.4,1
P101975,21,F,West,Medicaid,0,36,4,0,44.4,1,0,24.7,5.9,0
P101976,85,F,Midwest,Commercial,0,11,5,0,57.2,3,2,10.8,6.6,0
P101977,42,F,South,Medicaid,1,92,6,0,91.1,3,0,114.6,6.0,0
P101978,22,M,Midwest,Uninsured,0,29,5,0,93.7,3,0,15.9,9.5,0
P101979,75,M,South,Medicaid,3,16,2,1,63.8,4,0,13.4,10.0,0
P101980,65,M,South,Medicare,3,55,8,1,54.8,2,1,14.9,8.6,0
P101981,62,F,South,Commercial,3,2,2,1,40.2,4,2,70.2,7.5,1
P101982,21,F,South,Medicaid,0,6,3,0,80.1,2,0,0.8,7.6,0
P101983,72,F,South,Medicare,1,73,6,0,57.0,2,0,94.2,8.1,0
P101984,63,F,Midwest,Uninsured,0,9,3,2,92.4,1,0,89.1,10.0,0
P101985,75,F,South,Commercial,1,58,5,0,17.9,2,0,45.2,9.3,0
P101986,77,M,South,Commercial,3,44,4,2,49.2,2,0,8.5,10.0,0
P101987,33,F,Northeast,Uninsured,0,11,6,3,56.3,2,2,25.9,7.1,1
P101988,33,M,South,Medicaid,0,90,5,0,72.8,2,0,204.2,7.3,0
P101989,84,F,South,Commercial,1,16,2,1,27.7,5,2,23.0,8.1,0
P101990,56,F,West,Medicare,1,62,4,2,56.6,3,0,124.8,6.0,0
P101991,49,M,South,Commercial,1,13,9,0,84.4,0,0,26.7,9.1,0
P101992,38,M,Northeast,Medicare,1,57,5,1,67.9,2,0,17.7,6.4,0
P101993,64,F,South,Commercial,1,16,1,2,68.4,2,0,42.7,5.2,1
P101994,72,M,Midwest,Commercial,0,85,1,0,39.7,3,0,9.6,10.0,0
P101995,18,F,Northeast,Commercial,0,44,4,0,54.6,6,1,59.6,9.9,0
P101996,57,F,Northeast,Commercial,3,1,3,0,34.4,5,1,17.6,8.5,1
P101997,89,F,South,Medicare,1,5,2,2,85.3,2,0,9.7,9.1,0
P101998,38,F,South,Commercial,2,52,7,1,70.6,4,1,202.7,8.9,1
P101999,38,M,South,Medicare,0,50,7,1,63.2,3,0,17.5,7.3,0
P102000,81,F,Northeast,Medicare,1,32,0,0,64.4,2,0,4.3,10.0,0
P102001,22,M,Midwest,Medicare,0,58,4,3,90.4,3,0,60.4,10.0,0
P102002,46,M,Northeast,Medicare,1,76,5,2,110.4,0,1,18.1,9.0,0
P102003,50,F,Midwest,Commercial,2,70,1,0,62.1,2,1,132.8,5.0,1
P102004,75,F,Midwest,Commercial,1,72,4,1,62.1,1,0,64.1,5.0,0
P102005,27,F,Northeast,Medicaid,2,90,2,1,69.9,1,1,32.2,8.5,0
P102006,49,M,South,Medicaid,3,20,5,1,96.3,2,0,20.1,9.9,0
P102007,28,M,Northeast,Uninsured,0,8,5,2,79.4,1,0,73.5,5.6,1
P102008,74,M,Midwest,Uninsured,3,12,8,0,70.0,3,1,119.1,9.5,0
P102009,63,F,South,Medicare,0,4,4,0,79.3,2,1,6.3,6.5,0
P102010,53,F,South,Medicaid,4,28,5,1,70.4,2,0,26.3,8.3,0
P102011,46,M,Northeast,Commercial,2,14,3,1,25.1,1,2,24.1,7.2,1
P102012,29,F,South,Medicaid,1,88,5,2,86.8,3,1,1.1,6.8,0
P102013,84,M,South,Uninsured,0,33,0,0,40.1,3,0,7.2,7.2,0
P102014,64,F,Northeast,Medicaid,1,21,3,4,57.9,2,0,3.5,8.5,0
P102015,40,F,West,Commercial,2,50,7,1,40.7,5,0,15.8,10.0,0
P102016,47,F,South,Commercial,2,41,4,0,53.4,5,2,251.6,6.5,1
P102017,70,F,Northeast,Commercial,3,1,7,1,66.0,3,1,12.6,6.9,0
P102018,69,M,Midwest,Commercial,0,92,3,2,94.0,4,0,7.2,8.5,0
P102019,51,F,South,Medicaid,1,66,1,0,49.5,3,2,42.8,8.5,0
P102020,39,M,South,Medicare,0,79,4,0,96.6,2,0,54.5,5.8,0
P102021,65,M,Midwest,Commercial,1,91,5,1,20.0,1,0,9.3,3.3,1
P102022,65,M,Northeast,Medicare,2,85,5,3,29.2,3,1,15.2,5.3,0
P102023,61,M,Midwest,Commercial,3,24,4,0,38.8,1,0,0.5,6.5,0
P102024,23,M,Northeast,Medicare,0,73,4,0,79.1,1,0,36.4,7.4,1
P102025,52,M,Northeast,Commercial,0,1,3,0,36.7,2,1,121.1,9.1,0
P102026,62,F,Northeast,Medicare,3,35,1,4,28.8,3,1,62.8,5.0,1
P102027,86,F,Northeast,Medicare,2,72,4,1,104.9,2,0,49.0,7.1,1
P102028,55,M,South,Medicare,0,67,4,1,56.7,1,0,19.2,10.0,0
P102029,42,F,West,Medicaid,2,74,3,2,97.2,2,1,82.4,6.5,1
P102030,58,F,West,Commercial,2,72,2,1,85.8,7,0,9.1,9.6,0
P102031,30,M,Northeast,Medicare,0,5,4,1,80.2,1,0,27.1,9.1,0
P102032,24,F,West,Commercial,1,56,1,0,91.5,1,0,53.5,9.9,0
P102033,66,M,Midwest,Medicare,0,59,4,1,53.3,2,0,1.2,6.4,0
P102034,89,M,Midwest,Medicare,3,15,5,1,31.1,2,0,151.0,7.5,1
P102035,78,F,West,Medicare,2,24,3,0,72.9,3,0,108.9,6.7,0
P102036,60,M,South,Medicaid,1,47,2,0,51.2,0,1,12.9,9.8,0
P102037,20,F,South,Commercial,3,61,4,1,75.0,3,1,11.6,7.5,1
P102038,89,M,Midwest,Medicaid,1,81,5,0,82.6,0,0,115.9,7.5,0
P102039,50,M,Midwest,Commercial,0,70,7,0,39.9,2,0,3.4,3.1,0
P102040,38,F,Midwest,Medicare,1,93,4,0,45.2,0,1,3.3,4.6,0
P102041,82,F,Northeast,Medicaid,1,22,4,0,57.8,3,1,42.4,9.4,0
P102042,71,F,West,Medicare,2,38,5,2,91.7,3,0,103.3,9.2,0
P102043,71,F,South,Medicaid,1,25,4,0,40.4,3,0,5.1,7.9,0
P102044,37,F,West,Medicaid,1,85,5,4,105.9,3,0,54.2,10.0,0
P102045,89,M,South,Commercial,1,59,5,0,18.9,2,0,43.9,7.0,0
P102046,50,F,Northeast,Uninsured,1,49,1,0,100.5,2,0,57.9,8.8,0
P102047,56,M,West,Medicaid,1,56,4,1,66.0,1,0,2.7,8.6,0
P102048,72,F,Midwest,Commercial,3,32,4,0,73.4,3,1,19.3,9.4,0
P102049,65,M,Northeast,Commercial,2,85,3,0,74.4,5,1,14.2,9.0,0
P102050,30,F,Northeast,Commercial,1,59,2,1,7.0,4,0,2.5,5.5,0
P102051,39,F,Northeast,Medicaid,0,49,6,0,52.9,3,1,85.6,5.6,0
P102052,44,M,Northeast,Uninsured,1,67,7,0,56.3,4,0,39.0,7.4,0
P102053,86,F,West,Medicaid,1,76,3,1,90.3,4,1,132.2,8.8,1
P102054,69,M,Northeast,Commercial,0,38,4,1,57.9,1,1,4.6,10.0,0
P102055,44,F,Northeast,Commercial,0,70,4,1,95.6,2,0,8.3,8.8,0
P102056,70,M,West,Medicare,3,76,4,0,105.5,3,1,62.9,6.9,0
P102057,71,M,West,Commercial,1,64,3,2,74.7,1,1,133.5,7.2,1
P102058,46,M,Northeast,Commercial,1,12,4,2,64.8,2,1,11.6,9.1,0
P102059,47,F,Midwest,Commercial,1,19,4,1,34.5,5,0,11.5,7.0,0
P102060,82,F,Midwest,Commercial,2,3,9,0,76.2,2,2,8.0,8.8,0
P102061,58,F,Midwest,Commercial,1,27,6,0,52.4,2,0,8.0,4.0,0
P102062,28,F,South,Medicaid,2,16,5,2,95.3,1,1,0.4,5.5,0
P102063,69,F,West,Commercial,2,54,5,3,23.9,2,0,4.0,8.5,0
P102064,60,M,West,Commercial,0,87,2,1,43.7,2,0,10.3,10.0,1
P102065,54,F,Midwest,Medicare,2,7,0,0,83.8,1,1,20.4,6.5,0
P102066,70,M,West,Uninsured,0,28,8,0,103.6,7,0,15.4,8.6,0
P102067,83,F,Northeast,Medicaid,0,5,4,2,78.7,4,0,110.2,10.0,0
P102068,41,F,Midwest,Medicare,0,8,5,2,92.6,2,1,4.7,8.4,1
P102069,48,F,West,Medicare,0,5,3,1,65.3,9,0,105.9,7.5,0
P102070,31,F,Midwest,Medicare,1,58,4,2,103.4,2,0,166.4,10.0,0
P102071,64,F,West,Medicare,1,88,6,0,67.1,1,0,161.1,5.3,0
P102072,46,F,South,Medicare,2,69,6,1,74.0,2,1,63.1,3.8,1
P102073,42,F,West,Medicare,1,66,2,0,66.4,1,0,50.5,5.0,0
P102074,68,M,West,Medicare,0,15,6,2,54.7,3,1,54.8,4.4,0
P102075,47,F,Midwest,Commercial,1,80,5,0,72.1,5,0,23.5,5.9,0
P102076,51,F,Midwest,Commercial,2,56,5,0,67.7,1,2,19.0,7.2,0
P102077,49,F,Midwest,Commercial,1,92,4,1,72.8,2,1,33.8,6.5,0
P102078,36,F,South,Commercial,4,38,3,2,7.0,5,0,3.2,3.1,0
P102079,27,M,Midwest,Medicare,0,67,5,1,39.7,1,0,19.2,7.0,0
P102080,77,F,West,Medicare,0,46,3,1,48.4,4,0,177.9,7.4,1
P102081,24,M,Northeast,Commercial,1,49,3,1,24.1,5,0,91.2,8.7,0
P102082,41,F,Northeast,Commercial,3,11,3,2,38.1,1,0,36.2,9.5,0
P102083,66,F,South,Commercial,0,46,6,5,79.1,2,0,18.8,8.7,0
P102084,27,M,South,Medicare,1,16,3,1,69.3,5,0,1.8,2.7,0
P102085,65,F,Midwest,Commercial,3,71,12,2,85.8,2,0,56.7,6.2,1
P102086,70,M,South,Commercial,1,68,3,1,84.1,2,0,2.7,6.6,0
P102087,65,F,Midwest,Commercial,3,83,3,0,86.0,2,0,23.2,5.5,0
P102088,39,M,Northeast,Medicare,1,44,5,1,62.4,4,0,64.9,10.0,0
P102089,19,F,South,Commercial,1,79,6,0,95.0,3,1,26.9,6.7,0
P102090,81,F,Midwest,Medicare,1,85,6,0,47.1,7,0,5.5,5.7,0
P102091,41,M,South,Medicare,1,47,4,1,93.7,0,0,0.2,8.4,0
P102092,75,F,Midwest,Medicaid,1,90,3,1,83.4,5,0,30.4,4.7,1
P102093,32,F,Midwest,Medicare,2,74,1,1,77.5,7,1,37.5,5.7,1
P102094,29,M,South,Commercial,1,28,3,1,60.7,0,3,17.7,8.2,0
P102095,74,M,South,Commercial,2,46,4,3,44.2,0,1,41.3,5.8,0
P102096,85,M,West,Medicaid,1,10,3,0,61.2,4,0,11.2,10.0,0
P102097,79,M,West,Commercial,3,37,4,0,23.1,1,1,39.8,8.6,0
P102098,72,M,Northeast,Medicaid,0,35,4,2,87.1,1,0,59.0,7.7,0
P102099,35,M,Midwest,Medicare,2,29,4,2,49.1,6,0,46.2,8.0,0
P102100,83,M,South,Commercial,0,34,6,1,50.7,0,0,90.0,5.0,0
P102101,66,F,Northeast,Commercial,0,6,1,2,15.4,4,1,66.9,7.4,0
P102102,30,F,Midwest,Medicaid,1,44,3,4,34.8,3,0,12.7,5.3,0
P102103,27,M,Northeast,Uninsured,1,20,4,3,126.5,2,1,47.2,9.7,1
P102104,80,M,South,Medicaid,3,22,5,0,44.9,5,0,44.0,10.0,0
P102105,37,F,Midwest,Commercial,0,70,7,1,86.4,1,0,40.7,5.2,0
P102106,73,F,West,Medicaid,0,85,7,0,28.5,4,0,39.9,6.6,0
P102107,27,F,South,Commercial,0,17,3,2,26.9,2,0,37.9,7.8,0
P102108,38,F,West,Commercial,2,54,4,0,59.8,6,1,48.2,9.7,0
P102109,38,M,West,Medicare,1,86,4,0,61.8,0,0,44.0,10.0,0
P102110,38,F,South,Uninsured,2,58,5,2,45.2,8,0,26.6,7.5,0
P102111,66,M,Northeast,Commercial,0,8,6,1,60.1,5,1,104.4,10.0,0
P102112,83,M,Midwest,Medicare,1,74,7,3,40.8,3,0,44.8,7.7,0
P102113,83,M,Northeast,Commercial,1,5,4,1,90.5,2,0,95.5,6.8,1
P102114,71,F,West,Commercial,2,59,4,1,110.5,4,0,42.8,4.8,0
P102115,32,M,South,Commercial,0,46,4,0,86.3,3,0,50.0,6.3,0
P102116,87,M,West,Medicaid,1,51,4,2,26.0,1,1,30.4,7.5,0
P102117,57,M,Midwest,Commercial,1,22,2,1,71.3,0,1,30.0,6.7,0
P102118,57,F,South,Medicare,1,85,6,3,45.6,3,0,47.8,10.0,0
P102119,68,F,West,Commercial,2,10,5,1,45.6,1,1,18.4,8.0,1
P102120,73,M,West,Medicare,0,90,6,1,77.9,2,0,34.3,7.1,1
P102121,86,F,West,Commercial,0,6,6,1,62.8,1,0,100.0,4.8,0
P102122,59,F,Northeast,Commercial,0,29,3,1,63.0,1,0,21.6,6.8,0
P102123,61,M,South,Medicare,0,51,4,2,61.3,4,0,30.2,6.5,0
P102124,71,M,West,Medicare,1,50,4,1,37.6,2,0,24.4,7.3,0
P102125,36,F,West,Medicaid,4,25,6,1,34.7,3,1,62.1,10.0,0
P102126,40,F,South,Commercial,1,28,6,1,53.0,5,0,44.7,8.7,0
P102127,63,F,Northeast,Medicare,0,53,7,1,55.2,1,1,29.0,8.1,0
P102128,22,M,South,Medicaid,2,3,2,0,70.4,3,2,57.3,7.0,0
P102129,41,M,Midwest,Commercial,1,15,3,2,82.2,4,0,105.6,6.8,0
P102130,69,F,Midwest,Medicaid,1,38,4,0,55.6,4,0,18.0,8.1,0
P102131,88,F,West,Uninsured,2,3,4,0,64.4,2,0,57.3,8.6,0
P102132,55,F,Northeast,Medicaid,3,9,5,1,83.0,2,1,26.6,8.7,0
P102133,46,F,South,Medicare,1,3,2,2,53.7,2,0,2.1,9.1,0
P102134,49,M,South,Medicare,3,78,1,0,70.8,1,1,6.0,9.1,0
P102135,67,F,West,Medicare,0,11,4,0,65.4,3,0,62.0,5.1,0
P102136,57,F,Northeast,Medicare,0,18,5,2,52.0,4,0,4.1,8.0,0
P102137,19,F,Northeast,Uninsured,0,76,8,0,28.2,1,0,46.7,9.6,0
P102138,56,F,South,Commercial,0,42,5,1,36.4,1,1,82.4,6.6,1
P102139,46,M,Northeast,Medicaid,1,43,1,2,86.0,2,0,5.4,6.0,0
P102140,68,M,Midwest,Medicare,2,63,4,0,19.6,2,1,37.7,4.3,1
P102141,81,M,Midwest,Commercial,1,60,4,1,104.4,3,1,16.4,5.8,0
P102142,87,F,Midwest,Medicare,0,40,8,1,43.1,4,1,83.2,7.1,0
P102143,61,M,West,Medicaid,1,84,4,1,15.8,2,3,128.4,9.5,0
P102144,44,F,South,Medicare,1,22,5,1,46.5,0,1,83.5,4.9,0
P102145,49,M,South,Medicaid,1,21,4,1,7.0,3,1,7.0,9.6,0
P102146,30,M,South,Commercial,2,49,0,0,17.3,1,0,25.6,7.7,0
P102147,85,F,West,Medicaid,1,83,5,1,62.5,4,3,22.5,4.8,1
P102148,79,M,Midwest,Medicare,1,86,2,1,20.9,3,1,122.7,8.7,0
P102149,79,F,Northeast,Medicaid,0,71,5,2,22.1,3,0,17.0,8.7,0
P102150,41,M,Midwest,Commercial,2,1,6,0,61.4,1,0,29.6,7.9,0
P102151,41,F,Midwest,Commercial,1,70,2,2,61.8,2,0,7.5,8.3,0
P102152,79,F,Northeast,Medicaid,1,16,5,0,72.4,2,0,138.8,8.8,0
P102153,57,F,Midwest,Commercial,1,83,3,2,65.8,2,0,72.3,7.8,0
P102154,68,F,Midwest,Commercial,2,11,3,1,58.6,2,1,1.3,9.2,0
P102155,53,F,Northeast,Medicaid,0,12,4,0,74.2,2,0,20.0,5.3,0
P102156,49,F,Northeast,Medicare,2,49,3,1,82.7,0,0,18.5,8.2,0
P102157,63,M,Midwest,Medicaid,3,52,6,3,61.6,5,0,73.2,8.2,0
P102158,76,F,Midwest,Medicare,0,33,6,2,72.7,0,2,23.2,9.5,0
P102159,42,F,Midwest,Medicaid,2,46,3,0,7.0,2,0,40.4,8.8,0
P102160,76,M,South,Medicare,1,68,3,2,49.0,3,1,140.5,6.8,0
P102161,35,M,Midwest,Medicare,2,64,3,0,95.9,3,1,48.9,8.6,0
P102162,47,F,West,Medicaid,2,68,4,1,45.9,4,0,27.0,6.0,0
P102163,83,F,Northeast,Medicare,1,23,2,0,72.5,1,0,5.7,5.8,0
P102164,86,M,Midwest,Commercial,2,54,7,2,65.8,2,0,48.4,7.4,0
P102165,84,M,Northeast,Commercial,2,13,5,0,44.2,0,0,0.6,5.7,1
P102166,40,F,Northeast,Medicare,1,24,3,0,71.3,1,0,33.9,7.1,1
P102167,78,M,West,Medicaid,0,93,5,1,48.5,0,0,39.1,8.7,0
P102168,85,F,Northeast,Medicare,1,5,5,2,47.7,4,0,35.4,9.2,0
P102169,88,F,Midwest,Medicaid,3,45,4,0,47.4,1,0,16.9,5.6,0
P102170,19,M,Midwest,Medicaid,3,47,5,0,38.2,3,0,13.2,3.8,0
P102171,71,M,West,Commercial,1,23,5,1,34.9,3,1,27.8,5.8,1
P102172,89,M,Midwest,Medicare,1,5,2,0,47.7,1,1,52.6,6.9,0
P102173,73,F,Midwest,Medicare,1,13,5,1,61.6,1,1,61.7,10.0,0
P102174,34,F,West,Commercial,1,70,4,0,50.5,0,1,165.4,6.2,0
P102175,72,F,West,Medicare,2,57,4,0,48.8,1,0,40.8,10.0,0
P102176,25,F,Midwest,Medicare,3,53,5,1,124.1,2,0,12.5,8.8,0
P102177,52,F,Northeast,Medicaid,1,15,3,0,78.0,0,0,49.2,7.4,0
P102178,63,F,Northeast,Medicare,3,52,1,2,18.7,4,0,14.2,7.2,0
P102179,50,M,South,Commercial,4,18,5,1,66.3,1,0,19.7,9.6,0
P102180,68,M,Midwest,Medicare,1,30,5,1,67.2,4,0,111.5,6.5,1
P102181,35,F,Midwest,Medicaid,0,91,5,0,147.7,5,0,12.2,10.0,0
P102182,61,F,West,Medicare,2,43,5,2,68.5,3,1,4.2,8.6,1
P102183,64,M,Northeast,Commercial,2,3,0,2,112.7,3,1,86.0,7.0,1
P102184,63,F,Northeast,Medicaid,0,57,7,0,49.9,3,1,32.0,7.8,0
P102185,38,M,Northeast,Commercial,1,18,4,0,40.6,6,0,7.2,9.5,0
P102186,39,F,Midwest,Commercial,0,1,5,1,31.1,4,0,32.9,10.0,0
P102187,36,M,Midwest,Commercial,1,64,4,2,82.1,3,0,162.4,8.2,1
P102188,51,M,Northeast,Medicare,1,61,3,1,37.1,4,1,94.0,6.7,0
P102189,60,M,West,Medicaid,2,21,2,1,43.8,1,0,12.8,8.0,0
P102190,44,M,South,Commercial,1,71,4,2,72.9,2,0,13.9,5.5,0
P102191,47,M,Midwest,Medicaid,0,18,1,1,51.8,2,3,16.0,8.9,0
P102192,38,F,West,Medicare,0,48,4,0,63.8,4,1,4.6,6.4,0
P102193,33,M,Northeast,Medicaid,1,53,6,1,28.6,5,1,9.1,6.7,0
P102194,65,M,West,Medicaid,0,11,4,2,7.0,0,1,70.5,9.2,0
P102195,76,M,West,Medicaid,0,67,4,0,92.1,5,0,11.3,9.1,0
P102196,38,F,West,Commercial,2,48,4,2,89.0,5,0,10.2,6.0,0
P102197,79,F,Northeast,Commercial,1,41,4,1,53.8,3,0,30.6,8.0,0
P102198,59,M,South,Medicaid,0,71,4,0,62.6,2,1,13.8,7.7,0
P102199,30,M,Northeast,Medicare,1,75,2,0,36.5,3,0,44.3,6.4,0
P102200,44,F,South,Medicare,1,47,3,1,53.5,3,0,14.3,7.9,0
P102201,18,F,West,Medicaid,2,78,7,0,120.6,2,1,120.0,7.5,0
P102202,20,F,West,Medicaid,1,6,8,3,104.8,2,0,59.6,7.1,0
P102203,42,F,West,Medicare,0,60,3,1,67.0,4,2,95.9,9.2,1
P102204,50,F,South,Medicaid,0,27,5,1,12.4,1,0,0.3,5.2,0
P102205,75,F,West,Commercial,1,55,5,0,73.1,3,2,7.4,6.8,0
P102206,27,F,West,Medicaid,2,60,2,1,53.4,3,0,40.1,6.4,1
P102207,78,M,West,Uninsured,1,78,0,1,49.7,3,2,87.2,5.2,0
P102208,34,F,West,Commercial,1,54,7,0,59.9,0,1,82.7,7.8,0
P102209,27,F,Midwest,Commercial,1,2,1,0,108.2,4,0,16.0,5.9,0
P102210,68,F,Northeast,Medicaid,2,93,2,0,63.7,3,1,26.8,6.4,0
P102211,73,F,South,Medicare,1,49,8,4,84.9,2,1,31.9,8.7,0
P102212,61,M,West,Commercial,1,12,3,1,70.7,3,0,71.6,4.7,1
P102213,26,M,South,Commercial,1,13,2,2,69.9,1,1,11.3,8.5,1
P102214,26,F,Northeast,Commercial,0,4,4,1,76.7,1,2,31.6,10.0,0
P102215,46,F,West,Commercial,0,22,3,6,49.6,2,2,13.2,8.1,0
P102216,50,F,South,Medicaid,0,26,5,2,26.2,2,0,47.2,8.9,0
P102217,89,F,West,Medicare,2,91,3,1,100.0,2,0,66.1,10.0,0
P102218,38,F,South,Medicare,1,78,6,1,22.0,2,0,27.8,8.0,0
P102219,31,F,South,Commercial,4,1,4,2,67.3,4,0,79.9,8.3,1
P102220,86,F,South,Commercial,2,33,5,3,105.5,2,1,22.6,9.4,1
P102221,29,M,South,Commercial,1,30,4,2,68.7,0,1,33.8,6.6,0
P102222,19,F,South,Medicaid,2,43,5,0,75.1,3,0,17.2,6.2,0
P102223,48,F,South,Uninsured,0,15,2,1,75.2,3,1,2.8,7.5,0
P102224,46,F,West,Commercial,1,26,4,2,89.3,2,0,22.7,7.0,1
P102225,62,F,South,Uninsured,1,55,3,1,94.1,8,2,13.2,5.3,1
P102226,81,F,South,Commercial,1,50,6,1,24.3,5,1,71.7,5.2,0
P102227,85,F,West,Commercial,0,81,1,1,92.9,1,0,42.8,5.0,1
P102228,38,F,South,Medicaid,1,88,2,1,58.5,1,0,11.9,6.6,0
P102229,88,F,Northeast,Commercial,1,38,4,2,41.1,2,0,61.7,5.6,0
P102230,63,M,Northeast,Medicaid,0,78,4,2,33.2,1,0,34.1,8.5,0
P102231,23,M,South,Commercial,2,80,3,1,66.5,2,0,3.4,10.0,0
P102232,85,F,Midwest,Medicaid,1,33,2,6,46.1,2,0,52.0,8.4,0
P102233,27,F,West,Commercial,0,42,4,2,61.9,4,0,26.2,6.2,1
P102234,60,M,Northeast,Commercial,3,60,5,1,60.0,1,2,19.5,10.0,0
P102235,74,M,Midwest,Commercial,2,87,5,3,67.3,5,1,17.9,6.4,0
P102236,35,F,South,Medicaid,0,74,6,0,80.0,3,1,13.5,6.7,0
P102237,37,F,South,Medicare,1,81,2,3,89.5,3,0,31.7,7.0,0
P102238,52,F,South,Medicare,1,76,6,0,88.9,3,0,2.1,9.2,0
P102239,81,M,South,Commercial,1,17,7,2,98.0,3,0,10.3,6.0,0
P102240,34,F,Northeast,Commercial,2,21,6,2,53.5,0,0,40.3,10.0,0
P102241,65,F,Northeast,Commercial,2,85,3,0,41.7,7,0,24.5,4.1,1
P102242,50,F,Midwest,Medicaid,1,43,2,1,57.9,3,1,40.6,6.3,0
P102243,26,F,Northeast,Commercial,0,19,4,2,47.8,3,0,18.2,9.1,1
P102244,69,F,South,Commercial,0,29,3,4,27.2,1,0,20.4,10.0,0
P102245,77,M,Northeast,Medicare,0,47,2,1,53.6,3,0,79.8,10.0,1
P102246,59,F,Northeast,Medicare,2,53,3,1,77.2,4,2,37.4,8.6,1
P102247,30,F,Northeast,Commercial,2,19,5,1,90.3,2,0,14.0,6.1,0
P102248,29,F,South,Commercial,0,24,1,1,57.7,4,0,3.3,6.4,1
P102249,48,M,Northeast,Commercial,2,37,4,1,87.0,2,0,109.7,8.9,1
P102250,54,F,Northeast,Medicare,1,21,9,3,60.2,2,0,31.2,9.0,0
P102251,57,F,South,Commercial,2,94,2,1,7.0,0,0,12.7,6.8,0
P102252,35,F,South,Medicare,2,2,0,0,26.0,4,0,54.3,6.8,1
P102253,54,M,Northeast,Commercial,1,73,6,0,70.2,4,1,52.8,9.5,0
P102254,39,M,Northeast,Medicaid,0,28,4,0,14.7,2,0,65.8,9.0,0
P102255,67,M,West,Uninsured,0,53,4,0,26.6,2,0,129.7,8.2,0
P102256,75,M,Midwest,Commercial,2,30,4,0,21.9,5,1,127.5,6.3,0
P102257,64,F,Northeast,Medicare,2,89,0,0,54.7,3,1,2.0,8.3,0
P102258,18,F,South,Commercial,0,93,4,5,65.9,2,0,64.5,6.7,1
P102259,89,F,South,Medicaid,1,35,2,1,17.3,2,0,31.7,7.5,0
P102260,19,M,West,Medicare,2,3,4,1,78.9,2,1,39.3,7.9,0
P102261,89,M,West,Medicare,1,17,3,0,60.2,3,1,36.5,8.6,0
P102262,20,F,West,Commercial,1,69,5,3,26.9,2,0,34.0,4.0,0
P102263,55,M,Northeast,Commercial,3,79,3,0,60.9,3,2,56.7,9.4,0
P102264,25,F,South,Medicare,2,4,5,2,41.1,2,1,49.1,9.3,0
P102265,24,F,South,Medicare,2,2,4,2,40.7,4,0,4.9,8.9,0
P102266,67,F,Midwest,Medicaid,2,47,6,1,28.3,4,1,3.7,8.2,0
P102267,70,M,West,Medicaid,1,77,4,0,59.5,5,2,66.4,5.2,1
P102268,26,M,South,Medicare,0,73,8,0,53.7,3,0,17.4,9.3,0
P102269,88,F,Midwest,Medicare,2,3,5,0,53.4,1,0,26.1,6.5,0
P102270,41,M,South,Medicaid,2,94,3,1,56.8,6,0,0.1,6.3,0
P102271,40,M,Northeast,Medicaid,2,28,2,1,65.8,3,0,77.5,10.0,0
P102272,39,M,South,Medicaid,0,22,6,0,55.0,5,0,2.0,8.0,0
P102273,51,M,Midwest,Uninsured,3,34,1,2,10.3,4,1,37.8,7.1,0
P102274,30,F,South,Commercial,1,72,6,0,58.7,3,0,2.4,6.7,0
P102275,48,M,Midwest,Medicare,4,31,3,0,35.8,1,0,80.8,7.8,0
P102276,33,M,Midwest,Medicare,1,62,4,1,88.0,2,1,18.5,6.2,0
P102277,21,M,South,Commercial,1,24,5,0,70.6,3,0,20.2,3.1,0
P102278,44,F,West,Medicare,0,12,5,0,84.7,3,0,18.2,5.5,0
P102279,66,M,Northeast,Commercial,2,11,3,2,46.3,2,0,22.2,7.5,1
P102280,72,M,West,Medicare,1,42,1,3,82.2,2,0,37.9,8.9,0
P102281,43,F,Northeast,Commercial,1,1,4,1,32.0,2,0,124.4,8.7,0
P102282,41,M,South,Medicare,0,54,4,1,59.4,3,0,101.4,8.7,0
P102283,74,F,West,Medicare,1,74,12,0,37.2,3,0,121.3,5.9,0
P102284,67,F,Midwest,Medicare,2,54,2,1,74.8,1,0,17.1,7.9,0
P102285,77,F,South,Commercial,1,44,3,1,103.0,2,1,5.6,8.7,0
P102286,83,M,West,Medicare,0,17,3,1,68.7,1,0,192.4,8.8,0
P102287,77,M,Northeast,Commercial,3,16,1,2,22.6,3,0,11.3,6.5,0
P102288,85,F,Midwest,Commercial,1,12,5,0,43.1,0,1,91.4,8.6,0
P102289,47,M,Midwest,Commercial,0,8,2,1,136.4,2,0,42.9,7.7,0
P102290,46,F,Northeast,Medicaid,0,54,5,0,80.5,3,1,24.8,6.9,0
P102291,41,F,West,Commercial,0,27,3,0,40.6,3,0,9.3,5.6,0
P102292,34,M,West,Medicare,1,63,2,2,83.0,1,0,3.8,7.1,0
P102293,71,M,Northeast,Medicaid,1,34,2,2,63.1,2,0,187.3,6.3,1
P102294,69,M,Northeast,Commercial,0,31,5,2,125.6,2,0,47.9,5.7,0
P102295,75,M,Northeast,Medicaid,2,44,2,1,61.7,3,1,18.6,6.9,1
P102296,30,M,South,Commercial,1,35,5,1,53.6,5,0,68.9,6.7,0
P102297,53,F,South,Commercial,2,10,1,3,58.2,2,0,123.4,10.0,0
P102298,33,F,Midwest,Commercial,2,3,3,2,50.3,4,1,132.2,9.1,1
P102299,82,F,Midwest,Medicare,1,94,6,1,42.1,1,0,105.2,6.3,0
P102300,37,M,Northeast,Uninsured,0,11,4,0,31.9,2,1,16.8,9.5,0
P102301,28,M,South,Medicare,0,26,6,2,48.0,4,0,110.1,8.3,0
P102302,59,M,West,Medicare,3,39,4,0,79.2,2,0,4.4,5.1,0
P102303,81,F,West,Commercial,1,42,5,0,53.6,2,2,31.0,7.7,0
P102304,83,F,South,Medicaid,1,72,5,1,45.6,3,0,10.9,7.9,0
P102305,24,M,Northeast,Medicare,0,68,3,0,26.9,2,1,141.5,7.0,1
P102306,41,M,Northeast,Commercial,0,58,8,0,77.6,3,0,88.0,4.3,0
P102307,29,F,South,Uninsured,2,30,6,1,100.2,6,1,25.2,3.7,0
P102308,40,F,South,Commercial,2,91,4,2,38.8,1,2,7.3,8.8,0
P102309,56,F,South,Commercial,1,8,5,1,44.1,1,1,82.7,7.6,0
P102310,38,F,Northeast,Commercial,1,30,5,0,37.0,1,0,24.8,6.2,0
P102311,22,F,South,Commercial,0,36,3,2,80.5,3,0,90.3,9.4,0
P102312,54,F,South,Medicaid,3,34,7,2,86.0,3,0,37.5,7.6,0
P102313,21,M,South,Medicare,1,53,4,2,63.8,2,0,9.8,5.4,1
P102314,34,F,Northeast,Uninsured,1,5,4,2,30.3,1,0,4.0,7.8,0
P102315,18,F,West,Commercial,0,80,3,2,69.8,3,2,40.2,9.1,0
P102316,24,F,South,Medicare,0,16,3,2,65.9,1,0,4.5,3.5,0
P102317,49,M,South,Medicare,1,35,3,0,68.3,4,1,81.4,9.4,0
P102318,79,F,West,Medicare,1,56,7,1,33.9,3,2,66.1,9.6,0
P102319,73,F,Midwest,Medicare,0,85,7,0,32.2,2,0,66.3,8.5,0
P102320,25,F,Northeast,Medicare,1,53,6,0,19.4,1,1,42.4,7.4,0
P102321,20,M,Northeast,Medicare,0,52,4,1,88.8,4,0,3.3,8.0,0
P102322,42,M,Northeast,Medicaid,1,24,8,2,89.6,0,0,54.4,5.8,0
P102323,64,F,Midwest,Commercial,2,69,5,2,19.5,4,0,45.9,5.9,0
P102324,71,F,South,Medicare,2,54,3,1,40.1,3,0,26.9,10.0,0
P102325,77,F,South,Medicare,2,3,5,0,40.2,2,1,32.5,6.5,0
P102326,42,M,Midwest,Commercial,1,40,4,0,82.7,1,0,186.2,6.8,0
P102327,30,M,Midwest,Commercial,1,86,6,0,62.2,2,0,1.4,8.8,0
P102328,19,F,Northeast,Uninsured,1,82,2,1,98.6,3,0,17.9,4.0,1
P102329,28,F,Northeast,Commercial,0,21,1,1,52.7,1,0,59.0,6.4,0
P102330,22,M,West,Commercial,3,71,4,2,26.5,4,0,11.4,6.6,0
P102331,79,M,West,Medicare,1,31,5,1,41.6,2,0,52.5,7.6,0
P102332,37,F,West,Commercial,1,73,4,2,37.2,0,0,83.3,8.6,0
P102333,77,F,West,Commercial,0,50,6,1,86.3,1,0,24.1,7.3,0
P102334,57,F,South,Commercial,1,31,5,1,108.1,4,2,19.9,7.5,0
P102335,56,M,West,Commercial,1,92,6,2,72.3,0,0,11.1,4.9,0
P102336,50,M,West,Commercial,2,23,8,0,42.6,3,0,103.1,2.7,0
P102337,76,M,West,Medicaid,2,33,3,0,66.4,3,0,128.0,7.0,1
P102338,21,M,Northeast,Commercial,4,89,5,2,19.2,2,0,18.0,5.9,0
P102339,24,F,Northeast,Commercial,2,21,2,0,55.0,5,0,18.6,7.0,0
P102340,48,F,South,Medicare,2,19,4,3,18.2,3,0,17.3,8.3,0
P102341,46,F,Midwest,Commercial,2,92,4,0,72.0,2,0,32.4,5.1,0
P102342,57,M,West,Commercial,0,46,4,1,55.8,4,0,58.7,10.0,1
P102343,71,M,South,Commercial,1,77,5,2,80.5,2,0,16.7,8.5,0
P102344,60,F,West,Commercial,1,9,11,0,78.5,5,0,31.2,7.2,0
P102345,36,F,West,Commercial,0,64,3,1,46.1,2,0,16.2,8.1,0
P102346,41,M,West,Commercial,0,10,4,1,85.4,3,1,57.5,6.4,0
P102347,72,M,Northeast,Medicaid,0,39,1,2,30.4,1,0,41.5,6.4,1
P102348,32,M,Northeast,Uninsured,1,20,4,2,125.9,2,0,76.4,4.0,1
P102349,54,F,Northeast,Medicaid,0,40,5,0,26.5,2,1,39.9,3.2,1
P102350,56,M,Midwest,Commercial,2,38,3,0,78.6,1,0,90.6,7.3,0
P102351,72,M,Midwest,Medicaid,1,91,8,1,91.1,2,1,99.2,4.4,1
P102352,69,M,South,Medicare,5,63,4,1,64.5,5,0,14.2,8.7,0
P102353,51,M,Northeast,Commercial,2,7,7,1,34.2,0,1,118.1,7.0,0
P102354,40,M,Midwest,Medicaid,3,47,2,1,40.6,1,1,32.2,6.5,0
P102355,44,M,Midwest,Medicaid,1,72,6,2,34.4,3,0,176.3,6.2,1
P102356,47,M,South,Commercial,1,47,2,1,59.9,2,0,18.9,3.7,0
P102357,33,F,South,Uninsured,1,58,5,3,79.8,2,2,15.8,8.3,0
P102358,63,F,Midwest,Commercial,1,49,4,0,72.1,3,0,7.0,8.4,0
P102359,33,M,Midwest,Medicare,2,93,7,0,61.4,7,0,93.5,5.3,0
P102360,64,M,Midwest,Commercial,2,63,6,1,25.1,2,0,13.8,8.4,0
P102361,72,F,West,Commercial,1,54,6,1,102.5,2,0,9.8,5.1,0
P102362,87,F,South,Uninsured,0,90,3,0,55.6,1,2,27.8,4.7,0
P102363,26,M,Midwest,Medicare,1,27,8,2,50.5,2,0,9.9,9.8,0
P102364,72,M,West,Commercial,2,72,6,1,65.8,3,0,64.8,4.3,0
P102365,24,M,Northeast,Medicaid,3,75,4,4,18.5,3,1,93.3,4.2,0
P102366,42,F,South,Medicaid,0,36,6,0,58.5,1,0,19.6,6.0,0
P102367,30,M,Northeast,Medicaid,3,94,2,2,54.8,4,0,64.4,8.4,0
P102368,29,M,South,Medicaid,1,29,1,1,55.7,4,0,80.0,6.7,1
P102369,30,F,Northeast,Medicaid,2,87,5,1,90.5,0,1,25.9,9.3,0
P102370,21,F,Midwest,Medicare,0,2,3,0,28.7,3,0,111.3,9.7,1
P102371,77,M,Northeast,Commercial,0,29,2,2,59.0,2,0,0.7,7.3,0
P102372,22,F,Midwest,Medicaid,0,30,3,1,44.6,3,0,53.5,6.6,0
P102373,46,M,Midwest,Commercial,0,33,3,1,54.6,2,1,53.1,9.1,0
P102374,68,M,West,Commercial,0,42,7,1,80.8,1,0,86.6,9.5,0
P102375,89,M,South,Commercial,1,72,3,1,56.8,2,1,111.5,5.3,0
P102376,79,F,South,Commercial,1,41,3,2,53.1,3,0,0.3,9.2,0
P102377,27,M,Northeast,Medicare,0,57,4,2,7.0,1,0,32.6,6.6,0
P102378,89,F,Midwest,Medicaid,1,11,3,0,79.6,3,0,1.3,7.3,0
P102379,65,M,Northeast,Medicare,0,2,5,2,19.4,2,0,25.1,9.2,0
P102380,30,F,Northeast,Medicare,2,38,4,1,48.2,3,1,26.7,6.0,0
P102381,50,M,West,Commercial,1,14,5,1,38.6,5,0,23.1,9.5,0
P102382,84,M,Midwest,Medicare,0,11,7,1,7.0,2,0,11.2,5.3,1
P102383,46,F,Northeast,Commercial,0,9,9,1,63.5,5,0,18.7,7.6,0
P102384,31,F,Midwest,Commercial,2,26,4,0,49.5,2,1,91.6,4.8,1
P102385,81,M,South,Medicare,2,17,4,4,72.8,1,1,70.5,6.7,1
P102386,86,F,Northeast,Medicare,1,14,2,2,73.6,3,0,12.3,9.3,0
P102387,88,F,South,Commercial,2,29,7,3,75.4,4,0,84.7,4.2,0
P102388,86,F,West,Commercial,1,25,3,1,72.7,3,0,18.5,4.6,0
P102389,80,M,Northeast,Commercial,0,92,4,1,72.3,6,0,13.2,9.3,0
P102390,50,M,South,Medicare,1,61,4,1,83.9,4,0,24.7,6.5,0
P102391,31,F,West,Commercial,0,65,3,1,69.0,2,0,75.4,7.0,0
P102392,62,M,South,Commercial,0,66,4,1,65.4,3,0,120.4,8.8,1
P102393,33,F,Northeast,Medicaid,1,6,5,1,55.8,2,1,15.9,8.7,1
P102394,52,F,South,Medicare,2,47,7,3,66.4,2,1,8.4,5.2,0
P102395,65,F,Midwest,Commercial,0,58,9,0,73.0,2,0,4.7,7.3,0
P102396,86,F,West,Medicare,1,90,2,0,72.3,1,1,30.5,7.6,1
P102397,38,F,Midwest,Commercial,3,42,7,1,55.5,1,0,62.3,7.2,0
P102398,36,M,Northeast,Commercial,1,27,5,0,113.0,0,0,14.4,6.2,0
P102399,70,F,West,Medicare,0,72,1,1,98.3,1,0,0.7,8.1,0
P102400,18,M,West,Commercial,3,18,4,3,39.5,5,0,23.9,6.4,0
P102401,58,F,Midwest,Commercial,2,84,5,3,59.8,1,0,77.2,7.7,0
P102402,71,F,West,Medicaid,1,34,0,0,100.3,2,0,16.6,7.4,0
P102403,57,F,West,Medicare,1,7,0,2,37.8,1,1,15.9,8.2,0
P102404,45,M,Northeast,Medicaid,0,34,2,3,29.1,4,0,17.4,4.4,0
P102405,77,M,South,Medicaid,1,94,4,2,126.9,2,1,28.8,7.8,0
P102406,44,F,Midwest,Commercial,0,42,3,3,47.8,0,1,17.4,10.0,0
P102407,69,F,South,Medicare,0,6,4,2,9.5,3,0,27.7,9.5,0
P102408,51,F,Midwest,Commercial,1,36,4,0,39.4,4,0,40.3,6.4,1
P102409,19,M,Midwest,Medicare,2,70,3,1,49.3,1,0,16.2,8.1,1
P102410,56,F,Northeast,Commercial,1,6,5,2,80.2,1,0,2.2,6.6,0
P102411,21,M,Midwest,Commercial,6,86,4,0,60.8,2,0,2.1,6.2,0
P102412,85,F,Northeast,Commercial,1,72,3,2,24.7,2,0,12.1,7.8,0
P102413,61,F,Midwest,Medicaid,0,72,5,1,7.0,2,0,86.8,7.1,0
P102414,44,M,South,Commercial,1,72,2,0,72.2,0,3,12.2,4.0,0
P102415,53,F,Northeast,Medicare,1,15,6,1,61.5,2,0,49.2,9.2,0
P102416,62,F,West,Medicaid,2,77,6,1,90.1,4,0,6.8,8.2,0
P102417,36,M,South,Medicare,1,20,3,2,44.0,3,0,5.9,9.0,0
P102418,38,F,Northeast,Commercial,2,15,4,0,53.1,3,1,0.6,8.5,0
P102419,48,F,South,Commercial,0,4,5,2,46.4,0,2,29.3,9.5,0
P102420,36,F,West,Medicaid,1,14,1,2,44.6,3,3,10.4,8.4,1
P102421,72,F,Northeast,Medicare,1,13,3,1,69.5,3,0,1.1,5.5,0
P102422,25,M,South,Commercial,2,84,1,0,48.4,1,0,25.0,5.4,0
P102423,77,F,South,Medicaid,0,6,7,3,17.8,2,1,57.1,6.7,0
P102424,43,M,West,Commercial,1,62,6,1,92.7,0,0,64.1,5.9,0
P102425,58,M,Northeast,Commercial,0,6,1,3,65.4,3,1,13.9,3.3,0
P102426,29,M,Northeast,Commercial,1,92,7,0,76.3,5,1,19.7,5.6,0
P102427,45,M,Midwest,Commercial,1,54,6,2,92.6,3,0,4.2,9.5,0
P102428,72,M,Northeast,Commercial,1,49,8,0,54.6,1,0,0.3,5.6,0
P102429,37,M,Midwest,Medicare,1,8,4,2,54.8,1,0,29.5,7.9,0
P102430,27,F,South,Commercial,2,83,4,0,32.9,4,0,128.5,6.0,0
P102431,55,F,Midwest,Medicare,1,41,6,0,81.3,3,0,44.0,7.5,0
P102432,29,M,Northeast,Medicaid,3,14,2,2,21.0,4,0,27.7,6.8,0
P102433,40,F,Midwest,Medicaid,1,68,5,1,64.9,1,0,8.8,6.1,0
P102434,50,M,Midwest,Commercial,1,90,2,3,72.9,1,0,91.7,8.2,1
P102435,58,F,Northeast,Medicaid,0,2,2,2,26.9,3,0,23.5,6.6,0
P102436,64,M,South,Commercial,1,20,6,0,90.7,5,0,67.2,5.4,0
P102437,66,F,Northeast,Medicare,1,61,1,0,10.3,1,0,105.8,7.3,1
P102438,78,M,Northeast,Commercial,0,6,3,1,26.8,2,1,84.3,10.0,0
P102439,22,F,Midwest,Medicare,3,72,3,0,59.1,1,0,2.1,6.2,0
P102440,44,F,South,Commercial,0,58,5,2,77.8,2,1,27.2,7.3,1
P102441,18,M,West,Medicare,0,51,3,2,25.8,3,1,7.1,8.8,0
P102442,18,M,South,Commercial,1,32,5,1,78.1,3,0,44.7,7.5,1
P102443,33,M,Midwest,Commercial,1,46,4,2,80.4,0,2,16.6,4.8,1
P102444,61,M,Midwest,Medicare,3,8,5,2,50.1,3,2,36.0,5.3,1
P102445,82,F,Midwest,Commercial,0,70,1,1,63.3,5,0,77.5,4.1,1
P102446,73,M,West,Medicare,1,59,2,1,89.2,2,1,11.3,7.1,0
P102447,64,F,Midwest,Medicare,1,51,8,1,98.2,0,1,4.7,5.0,0
P102448,74,M,Midwest,Medicare,0,75,4,4,47.1,3,0,17.8,6.1,0
P102449,30,F,Midwest,Medicare,1,49,4,0,39.2,5,0,10.7,7.9,0
P102450,78,F,South,Medicaid,0,39,1,2,56.0,6,0,280.7,7.1,1
P102451,82,M,Midwest,Medicaid,1,77,3,2,33.0,4,0,4.8,4.4,0
P102452,24,M,West,Commercial,1,89,0,2,91.3,6,0,15.0,7.2,0
P102453,51,F,Midwest,Medicare,2,80,3,4,72.2,3,0,147.7,7.3,1
P102454,77,M,Midwest,Medicare,0,49,2,0,59.9,3,0,50.8,10.0,0
P102455,52,M,Northeast,Commercial,1,35,2,1,88.0,3,1,59.0,7.7,0
P102456,78,F,South,Commercial,1,13,2,1,79.3,5,0,72.1,9.1,0
P102457,85,M,Northeast,Commercial,1,40,11,1,84.4,2,0,65.5,10.0,0
P102458,52,F,Northeast,Medicare,1,80,3,0,73.9,1,2,16.0,9.7,1
P102459,22,F,South,Commercial,1,77,5,1,95.4,3,1,13.4,5.5,1
P102460,42,M,South,Medicare,1,13,6,1,25.7,1,0,170.3,7.1,0
P102461,33,F,Midwest,Medicare,3,52,3,1,73.1,4,0,29.1,10.0,0
P102462,52,F,West,Medicare,1,64,4,1,99.3,2,0,9.4,5.9,0
P102463,60,M,West,Commercial,0,66,5,1,52.1,3,1,77.3,7.4,0
P102464,51,F,South,Medicaid,2,84,2,1,45.7,3,0,0.2,9.2,0
P102465,32,M,South,Medicare,0,8,4,0,50.8,2,0,78.0,8.2,1
P102466,39,M,Midwest,Commercial,0,45,5,1,60.1,2,0,84.4,6.6,0
P102467,66,F,South,Commercial,0,10,2,1,87.0,2,0,40.0,9.2,0
P102468,19,F,West,Commercial,0,69,8,1,60.1,3,1,5.7,5.0,0
P102469,33,F,West,Medicaid,1,51,5,1,88.3,2,0,18.2,6.8,0
P102470,82,M,Midwest,Commercial,2,42,2,1,72.1,3,0,38.4,8.3,0
P102471,25,F,Northeast,Commercial,1,78,1,0,83.4,0,0,58.9,5.6,0
P102472,47,M,Midwest,Commercial,0,81,9,1,61.2,1,0,11.1,9.8,0
P102473,32,F,West,Commercial,2,31,3,0,53.9,2,2,187.5,8.7,0
P102474,25,M,Northeast,Commercial,1,78,4,1,26.8,0,0,30.1,9.8,0
P102475,48,F,Northeast,Medicaid,0,92,4,0,7.0,4,0,13.4,10.0,1
P102476,55,F,Midwest,Medicare,1,5,3,1,50.2,3,0,87.7,8.0,0
P102477,30,F,South,Medicaid,0,73,6,2,7.0,1,0,89.9,5.0,0
P102478,23,M,Midwest,Commercial,0,11,3,1,57.6,2,2,35.9,8.2,0
P102479,27,M,South,Medicare,1,75,1,2,76.5,1,1,56.9,8.0,0
P102480,64,F,West,Medicaid,1,65,3,1,60.6,1,0,31.6,9.5,0
P102481,79,F,South,Medicare,1,80,5,1,7.0,3,1,219.1,6.1,0
P102482,30,F,South,Medicaid,2,55,2,1,49.4,2,0,49.1,5.2,0
P102483,41,F,Northeast,Commercial,1,25,5,0,73.0,1,0,6.7,6.9,0
P102484,42,M,Northeast,Medicare,3,67,2,0,91.2,1,0,16.1,10.0,0
P102485,43,M,Northeast,Medicare,1,32,1,1,72.6,1,0,31.5,8.0,1
P102486,35,M,West,Commercial,0,3,1,1,59.3,0,1,6.5,7.1,0
P102487,21,F,South,Medicaid,0,12,3,1,71.2,2,2,41.3,7.3,1
P102488,55,F,Northeast,Commercial,1,83,2,2,105.6,2,0,20.7,7.5,1
P102489,43,M,South,Commercial,1,37,7,2,60.1,5,0,18.1,9.6,1
P102490,42,F,Midwest,Medicaid,2,14,10,0,22.3,2,0,60.6,7.9,0
P102491,37,M,West,Medicare,2,4,1,1,47.7,4,1,27.7,10.0,0
P102492,84,F,West,Medicaid,2,4,3,0,40.8,3,0,2.3,7.5,1
P102493,61,F,Northeast,Medicaid,2,72,2,0,30.3,1,2,27.7,7.4,0
P102494,48,M,West,Commercial,2,13,9,0,41.6,2,2,72.9,9.1,0
P102495,32,F,South,Medicare,1,77,10,2,128.4,3,0,40.3,7.6,0
P102496,75,M,West,Uninsured,0,54,5,2,33.9,4,1,32.7,10.0,1
P102497,81,F,Northeast,Commercial,3,21,4,1,46.8,2,0,234.9,6.4,1
P102498,20,F,Midwest,Medicare,4,86,0,0,129.1,1,1,7.3,7.0,1
P102499,84,F,West,Medicaid,2,47,5,1,73.6,6,0,11.7,4.4,0
P102500,68,F,Northeast,Commercial,0,38,3,1,67.8,1,0,1.6,9.8,0
P102501,25,F,West,Medicaid,1,64,6,0,72.6,4,0,4.6,10.0,0
P102502,72,F,Northeast,Medicare,1,63,5,2,63.9,1,0,6.4,8.2,0
P102503,25,M,West,Medicaid,2,71,5,2,47.4,3,1,42.6,10.0,0
P102504,21,M,Midwest,Medicare,0,59,3,1,67.1,2,0,31.5,4.9,0
P102505,26,F,West,Medicare,1,93,2,0,72.8,1,0,89.8,9.0,0
P102506,51,F,West,Medicaid,2,40,2,0,16.8,3,0,179.6,8.6,0
P102507,62,F,South,Commercial,1,20,7,1,47.6,2,0,11.8,10.0,0
P102508,47,M,South,Medicare,0,13,5,1,16.6,1,0,20.7,8.7,0
P102509,26,M,Midwest,Medicaid,1,24,2,1,36.5,2,1,39.1,8.7,1
P102510,32,F,Northeast,Uninsured,0,74,6,1,72.0,3,0,40.9,7.0,0
P102511,79,M,South,Uninsured,4,82,3,5,48.2,3,0,30.3,9.3,0
P102512,87,F,Northeast,Medicare,2,28,3,0,53.0,4,0,7.1,5.2,0
P102513,72,F,West,Medicare,0,10,9,1,7.0,2,0,21.9,6.9,1
P102514,25,F,Northeast,Medicare,1,69,3,2,25.2,6,1,24.9,7.1,1
P102515,77,M,South,Medicare,0,75,6,1,29.9,2,0,69.9,4.1,0
P102516,67,F,South,Medicare,1,6,4,1,16.1,3,0,34.7,8.7,0
P102517,55,F,South,Commercial,0,13,4,2,63.7,3,0,35.2,4.8,0
P102518,28,F,West,Commercial,1,32,4,0,61.1,4,0,27.1,9.6,0
P102519,89,M,West,Medicare,1,45,3,2,80.0,1,1,100.9,5.7,1
P102520,49,F,Midwest,Commercial,1,11,3,1,91.8,6,0,27.3,7.4,0
P102521,21,F,West,Commercial,1,57,1,0,94.3,4,1,36.0,9.0,1
P102522,33,F,Northeast,Commercial,2,48,3,0,68.8,2,1,45.5,10.0,0
P102523,46,M,West,Medicaid,1,73,1,0,64.8,4,0,80.1,6.6,0
P102524,22,F,Northeast,Uninsured,3,91,2,2,67.0,6,1,28.8,6.3,0
P102525,41,M,Northeast,Medicare,1,11,7,2,34.7,0,0,101.6,9.5,0
P102526,51,F,Northeast,Medicaid,1,43,2,1,66.8,4,0,66.5,8.0,0
P102527,86,F,Northeast,Medicaid,1,79,3,1,47.1,1,2,75.2,8.6,1
P102528,24,M,West,Commercial,3,1,10,0,29.3,1,0,66.1,8.2,0
P102529,59,M,South,Commercial,4,81,2,1,15.0,2,0,9.2,7.5,0
P102530,83,F,West,Commercial,3,38,5,0,7.0,4,0,7.4,7.2,0
P102531,76,M,South,Commercial,0,76,2,2,53.6,1,0,17.8,10.0,0
P102532,84,F,Northeast,Medicare,0,58,5,1,43.0,4,0,149.3,5.2,0
P102533,30,F,South,Commercial,1,90,3,2,41.2,2,0,48.3,5.0,0
P102534,75,M,Northeast,Medicaid,1,15,6,1,31.1,0,0,80.8,5.9,1
P102535,88,M,South,Medicare,0,83,4,0,45.9,7,1,3.2,10.0,0
P102536,41,F,Midwest,Commercial,1,54,5,1,32.5,1,0,34.9,10.0,0
P102537,53,M,West,Uninsured,1,73,3,0,62.3,3,0,5.8,9.2,0
P102538,56,F,Midwest,Uninsured,1,74,8,0,78.4,3,0,129.5,4.2,1
P102539,53,F,Northeast,Medicaid,0,56,2,0,47.8,1,0,20.2,8.8,0
P102540,38,M,Midwest,Medicaid,1,44,2,0,87.2,3,0,283.3,7.4,1
P102541,87,M,Midwest,Uninsured,3,77,2,1,40.6,3,0,4.4,5.9,0
P102542,86,M,Northeast,Medicare,2,49,7,1,11.7,1,0,89.5,10.0,0
P102543,45,M,West,Medicaid,1,93,3,3,94.0,2,0,27.3,10.0,0
P102544,75,M,West,Commercial,0,64,3,1,8.9,3,1,99.3,6.4,1
P102545,46,F,Midwest,Medicare,1,61,0,0,46.0,5,1,18.0,9.4,0
P102546,75,M,South,Medicare,0,56,5,0,79.6,3,1,17.8,6.5,0
P102547,60,M,South,Commercial,0,24,6,1,91.0,3,1,19.2,7.7,0
P102548,51,M,South,Commercial,3,72,1,3,55.9,1,0,17.0,5.1,0
P102549,27,F,Northeast,Commercial,0,24,3,0,45.7,4,0,22.1,6.2,0
P102550,65,F,South,Commercial,1,59,4,1,112.5,2,0,13.3,5.0,1
P102551,41,F,Northeast,Commercial,1,76,5,2,83.0,1,1,43.7,6.8,0
P102552,33,F,Northeast,Commercial,3,43,0,3,86.9,2,2,15.2,4.4,1
P102553,31,F,Midwest,Medicaid,0,94,2,1,71.9,0,0,1.8,10.0,0
P102554,88,M,Northeast,Medicare,2,16,6,0,75.1,5,1,41.1,6.5,0
P102555,25,M,South,Medicare,1,20,5,1,66.4,2,0,54.0,8.2,0
P102556,75,F,South,Commercial,0,29,5,4,56.7,7,0,7.3,8.6,0
P102557,80,F,Northeast,Medicaid,0,93,2,0,13.7,3,0,141.3,4.7,0
P102558,20,M,West,Commercial,3,51,3,1,26.5,1,0,74.3,8.5,0
P102559,60,F,West,Commercial,1,26,4,1,76.9,4,0,0.4,6.3,0
P102560,59,M,Midwest,Medicare,0,92,6,2,90.0,4,0,6.4,8.0,0
P102561,43,F,Midwest,Medicaid,0,40,3,1,64.5,2,0,32.3,7.5,0
P102562,66,F,Northeast,Uninsured,1,26,9,1,32.4,2,1,12.4,7.0,0
P102563,47,F,West,Medicaid,1,87,6,0,65.0,1,1,25.6,6.2,0
P102564,49,M,West,Medicare,1,15,3,1,69.4,6,1,129.5,9.9,0
P102565,49,F,South,Medicare,2,92,3,1,12.3,3,1,4.3,10.0,0
P102566,75,M,Midwest,Medicare,1,5,2,2,97.5,4,0,0.1,8.7,0
P102567,63,F,West,Commercial,2,54,4,1,81.5,2,0,47.7,8.2,0
P102568,45,F,Midwest,Commercial,2,56,2,0,33.4,3,0,51.2,5.9,0
P102569,84,M,Northeast,Uninsured,2,91,5,0,57.9,4,0,8.5,8.4,0
P102570,75,F,South,Uninsured,1,89,5,3,51.7,4,1,25.7,6.8,0
P102571,85,F,Northeast,Commercial,1,81,7,1,92.2,4,0,25.5,4.3,0
P102572,70,F,South,Commercial,0,88,7,1,45.8,3,0,1.4,6.6,0
P102573,46,M,West,Commercial,1,83,4,0,30.0,4,0,0.3,7.2,0
P102574,73,F,Northeast,Medicare,0,49,2,0,57.0,2,0,6.2,9.3,0
P102575,41,F,West,Commercial,3,83,5,0,33.8,5,0,17.1,7.9,0
P102576,37,M,South,Medicare,2,74,0,1,84.1,4,0,17.7,7.3,0
P102577,50,M,South,Commercial,0,37,3,0,57.6,6,0,16.3,7.3,0
P102578,87,M,Midwest,Commercial,0,84,5,1,30.2,6,1,5.8,9.2,0
P102579,58,M,Northeast,Commercial,1,3,1,2,41.5,1,1,68.6,5.7,0
P102580,45,M,Northeast,Medicaid,1,10,4,0,48.2,3,0,173.2,7.8,1
P102581,51,F,South,Commercial,1,16,0,0,51.9,6,0,3.8,9.6,0
P102582,38,F,Northeast,Medicare,2,51,4,0,18.6,2,0,37.7,7.7,0
P102583,65,M,West,Medicare,1,8,2,0,30.5,4,0,22.1,7.2,0
P102584,43,M,Midwest,Medicaid,0,22,2,1,66.3,2,0,135.1,7.2,1
P102585,57,M,West,Commercial,0,24,3,0,91.6,1,0,3.7,4.1,0
P102586,44,M,West,Medicare,1,24,4,0,46.6,1,0,16.5,7.9,0
P102587,41,F,South,Commercial,2,6,9,0,61.8,3,0,36.2,5.3,0
P102588,87,F,West,Medicare,2,22,4,1,117.9,0,0,19.9,7.7,1
P102589,42,M,Northeast,Medicare,0,27,1,0,65.5,1,0,52.4,6.5,0
P102590,23,F,South,Medicaid,0,73,4,1,10.8,2,0,82.6,10.0,0
P102591,45,M,Midwest,Uninsured,3,56,3,2,73.6,2,3,2.0,7.0,1
P102592,56,M,South,Medicaid,2,30,5,1,64.9,1,0,17.4,3.5,0
P102593,24,F,Midwest,Medicaid,0,14,4,0,48.6,4,0,7.0,7.4,0
P102594,40,M,West,Commercial,1,49,5,0,31.2,2,1,66.0,5.0,0
P102595,29,M,South,Medicare,1,30,4,0,80.0,3,0,77.8,8.3,0
P102596,54,M,South,Commercial,2,67,7,1,7.0,1,0,16.2,9.1,0
P102597,70,F,Midwest,Commercial,2,22,5,1,48.8,3,1,4.2,5.8,0
P102598,87,M,West,Medicare,0,95,5,1,50.6,3,1,314.9,8.1,1
P102599,46,F,West,Medicare,2,10,3,0,41.8,4,0,27.2,7.9,0
P102600,80,M,West,Medicare,1,80,4,0,56.8,4,0,34.7,5.6,0
P102601,33,F,Northeast,Medicaid,0,65,5,1,28.3,4,0,99.9,6.6,0
P102602,74,M,Northeast,Medicare,2,64,6,2,73.4,1,0,34.7,10.0,0
P102603,58,M,Midwest,Medicaid,2,85,5,0,132.6,3,1,10.4,7.2,0
P102604,72,M,South,Medicaid,0,43,5,1,37.0,5,0,152.5,6.9,0
P102605,72,M,Midwest,Medicaid,1,69,4,2,69.9,1,0,103.1,7.8,1
P102606,56,F,West,Commercial,0,51,3,1,63.6,1,0,6.9,6.9,0
P102607,36,M,Midwest,Medicare,0,66,2,3,64.9,2,1,8.9,7.2,0
P102608,55,F,South,Medicare,0,53,2,2,48.1,2,0,113.7,8.4,1
P102609,77,M,West,Uninsured,1,94,4,1,60.1,2,1,64.9,7.8,0
P102610,87,F,South,Commercial,1,31,6,3,65.2,2,1,73.1,10.0,0
P102611,84,M,Midwest,Commercial,0,70,1,2,79.9,0,0,4.5,10.0,0
P102612,31,F,Northeast,Commercial,0,16,5,1,78.2,3,0,31.5,7.6,0
P102613,61,M,Midwest,Commercial,3,5,2,3,92.0,5,0,207.1,8.0,1
P102614,25,M,South,Medicaid,1,67,5,3,41.5,2,1,51.1,5.5,0
P102615,66,F,Northeast,Commercial,0,21,6,3,64.5,2,1,8.1,6.4,0
P102616,89,F,Northeast,Commercial,1,2,6,0,56.0,2,0,50.9,7.5,1
P102617,21,M,Midwest,Medicare,1,61,2,3,81.3,1,0,45.1,9.4,0
P102618,65,M,Northeast,Commercial,1,59,4,3,20.8,2,0,14.8,8.2,0
P102619,86,F,Northeast,Commercial,2,61,1,0,87.3,1,0,24.7,8.0,0
P102620,78,F,Northeast,Medicare,0,44,6,0,67.9,0,1,51.4,6.8,0
P102621,46,F,Northeast,Medicare,1,80,5,0,90.0,1,0,78.0,5.3,0
P102622,25,M,South,Uninsured,2,2,3,0,61.2,2,0,48.0,6.3,0
P102623,84,M,South,Medicare,1,16,4,0,55.5,1,0,96.1,6.5,0
P102624,84,F,Midwest,Uninsured,1,36,0,1,43.5,3,1,153.7,8.6,0
P102625,59,M,Midwest,Commercial,1,94,2,2,49.8,3,3,0.4,10.0,0
P102626,88,M,Midwest,Medicaid,1,69,4,3,9.2,6,0,42.4,6.0,0
P102627,18,M,West,Medicare,1,50,6,0,55.9,2,0,39.3,7.8,0
P102628,62,F,Northeast,Medicare,0,91,2,3,46.7,3,1,63.8,10.0,1
P102629,20,F,Midwest,Medicare,1,88,1,3,62.2,5,1,76.6,7.2,1
P102630,85,F,Northeast,Commercial,2,10,3,1,42.4,2,1,112.0,9.1,0
P102631,66,F,West,Commercial,1,51,0,4,68.7,3,0,45.6,5.1,1
P102632,83,F,South,Medicaid,0,91,5,2,56.6,0,0,98.8,10.0,0
P102633,58,F,South,Medicaid,3,18,5,3,14.2,0,0,12.5,6.3,0
P102634,23,F,Northeast,Commercial,1,16,2,0,61.1,2,0,46.1,6.1,0
P102635,19,M,Midwest,Medicare,0,34,1,1,80.5,3,0,257.1,10.0,1
P102636,42,F,South,Medicare,1,93,5,3,82.3,0,0,28.0,9.2,1
P102637,71,M,West,Medicare,0,22,3,2,37.6,1,0,13.5,6.1,0
P102638,28,F,Northeast,Commercial,1,61,5,1,22.2,3,0,9.6,8.3,0
P102639,79,M,South,Medicaid,2,26,2,1,87.2,4,0,47.7,8.5,0
P102640,35,F,West,Medicare,0,71,3,1,70.2,6,2,2.3,5.4,1
P102641,53,M,West,Medicare,2,85,4,1,35.7,2,1,20.6,5.5,0
P102642,32,M,West,Medicare,1,4,2,1,39.0,5,0,19.4,9.2,0
P102643,51,F,Midwest,Medicare,1,36,3,2,60.6,6,0,13.5,8.7,0
P102644,50,M,West,Commercial,0,55,5,1,81.4,0,0,27.3,5.5,1
P102645,18,F,Northeast,Medicaid,1,18,7,1,51.5,1,0,40.8,7.3,0
P102646,58,M,West,Commercial,0,61,3,2,22.6,1,0,31.9,8.8,1
P102647,74,F,Midwest,Medicaid,1,35,6,2,12.2,1,1,95.4,7.8,0
P102648,85,F,South,Medicaid,1,4,2,0,39.4,3,0,8.5,6.9,0
P102649,41,F,Northeast,Medicare,1,59,3,0,39.0,3,0,53.0,6.1,0
P102650,81,M,Midwest,Medicare,3,4,2,2,31.9,1,1,3.3,8.4,0
P102651,81,F,Northeast,Commercial,2,20,4,2,95.2,3,1,144.4,7.4,1
P102652,89,M,Midwest,Commercial,3,16,2,2,20.7,1,0,26.6,7.3,0
P102653,44,F,Northeast,Medicare,0,5,10,1,41.4,3,1,83.6,7.7,0
P102654,79,F,South,Commercial,2,40,3,1,113.5,2,0,6.7,9.1,0
P102655,58,F,Northeast,Commercial,1,83,5,0,39.8,0,1,0.9,3.9,0
P102656,22,M,South,Uninsured,3,30,0,1,59.5,1,0,33.5,6.6,1
P102657,37,M,South,Commercial,2,23,6,0,95.3,1,0,49.6,8.1,0
P102658,66,F,Northeast,Commercial,0,77,6,1,57.0,3,0,0.4,7.9,0
P102659,29,M,West,Commercial,0,89,5,2,69.6,2,1,22.5,10.0,0
P102660,49,F,West,Medicare,2,29,6,1,43.2,4,1,63.2,8.1,0
P102661,73,F,South,Medicare,1,5,2,0,38.2,3,2,51.3,9.8,0
P102662,28,M,Northeast,Medicaid,1,73,3,1,19.7,4,0,18.2,9.0,0
P102663,53,F,West,Medicare,1,62,2,0,54.6,1,0,8.1,9.5,0
P102664,33,F,Midwest,Commercial,1,95,7,1,69.4,1,0,4.6,7.2,0
P102665,56,M,Midwest,Medicare,2,64,1,1,108.4,2,0,59.6,5.5,0
P102666,35,F,Midwest,Commercial,1,89,5,2,46.4,3,0,66.3,10.0,1
P102667,87,M,Northeast,Medicaid,0,15,5,3,89.8,3,0,7.3,7.6,0
P102668,23,M,South,Commercial,0,16,1,3,83.3,3,0,185.3,7.2,1
P102669,87,M,Northeast,Commercial,0,64,3,1,41.5,2,1,12.6,5.6,0
P102670,75,M,Midwest,Medicare,0,72,4,0,60.7,1,0,61.7,8.7,0
P102671,79,M,West,Commercial,2,37,4,0,61.0,4,1,45.8,2.6,1
P102672,79,F,Midwest,Medicare,2,41,2,1,25.3,1,0,12.3,4.6,0
P102673,31,M,Midwest,Medicare,4,37,7,0,53.7,3,0,8.9,4.4,0
P102674,85,F,Midwest,Uninsured,0,5,4,0,38.9,2,0,0.2,5.4,0
P102675,60,M,West,Commercial,1,84,3,2,54.2,3,0,33.6,6.9,0
P102676,87,F,Northeast,Medicare,1,87,4,2,55.9,5,0,21.5,8.7,0
P102677,81,M,South,Medicare,1,91,4,1,58.7,3,0,1.6,7.1,0
P102678,59,M,South,Commercial,2,48,2,0,44.9,2,0,68.9,9.2,0
P102679,44,F,Midwest,Medicare,1,17,1,1,33.5,3,0,14.6,10.0,0
P102680,26,M,South,Medicaid,3,39,5,1,15.7,2,0,40.8,8.0,0
P102681,25,F,West,Medicaid,2,65,3,3,83.2,3,1,3.3,9.4,0
P102682,46,F,South,Medicaid,1,17,1,2,60.5,3,0,51.0,9.0,1
P102683,76,M,West,Medicare,2,15,3,0,85.5,2,1,26.9,8.2,0
P102684,54,F,West,Commercial,1,95,4,1,56.0,4,0,76.9,5.2,0
P102685,52,F,Northeast,Medicaid,2,4,2,2,59.4,2,0,50.7,7.5,1
P102686,35,F,West,Commercial,0,57,6,2,53.1,5,0,99.6,5.9,0
P102687,58,F,West,Medicare,1,15,5,0,50.7,1,0,17.2,8.3,0
P102688,63,M,Northeast,Medicaid,0,3,5,1,65.8,2,0,1.0,8.2,0
P102689,88,M,South,Medicaid,1,61,4,0,52.3,7,0,59.7,6.7,0
P102690,70,M,West,Medicaid,1,18,3,0,83.9,3,0,8.7,8.8,0
P102691,61,F,West,Commercial,0,70,4,0,94.6,0,1,8.4,6.9,0
P102692,83,M,South,Medicare,2,79,3,1,92.4,4,0,60.8,8.2,0
P102693,48,M,Midwest,Commercial,1,49,1,0,98.5,2,0,33.9,5.4,0
P102694,85,M,Northeast,Medicaid,2,16,2,2,31.3,1,0,19.1,4.7,0
P102695,44,F,Midwest,Medicare,0,91,10,0,90.0,1,0,20.1,10.0,0
P102696,27,F,Midwest,Commercial,2,36,4,1,62.2,3,2,1.1,9.5,0
P102697,48,M,South,Medicaid,2,73,3,2,62.5,1,0,102.0,8.4,1
P102698,27,M,South,Medicare,2,19,4,0,42.0,1,1,9.1,6.0,0
P102699,26,F,West,Medicare,2,16,3,0,50.6,3,0,84.8,5.8,0
P102700,81,M,South,Uninsured,2,65,3,2,7.0,3,2,2.2,5.1,1
P102701,75,F,South,Medicare,1,20,1,2,73.9,4,0,0.4,7.3,1
P102702,33,F,South,Medicare,0,51,5,0,54.9,1,0,19.3,8.3,0
P102703,78,M,South,Commercial,1,57,2,1,47.0,1,1,72.5,6.7,0
P102704,22,M,South,Commercial,1,12,5,2,93.4,1,0,16.6,10.0,0
P102705,38,F,Midwest,Commercial,2,32,8,1,60.2,0,0,62.6,3.6,0
P102706,68,M,West,Commercial,1,19,1,2,36.9,4,1,16.1,9.0,1
P102707,39,M,Midwest,Commercial,3,1,1,1,59.6,1,0,63.2,7.3,0
P102708,70,F,Northeast,Medicare,3,91,1,0,102.8,2,1,0.4,7.6,0
P102709,80,M,South,Medicare,1,3,4,1,56.7,4,0,17.6,2.3,0
P102710,22,M,Midwest,Commercial,1,79,5,3,80.2,0,1,172.4,6.2,0
P102711,19,M,Midwest,Medicare,2,39,4,2,42.0,3,1,46.7,5.3,0
P102712,85,M,West,Medicaid,0,27,3,1,72.4,3,1,7.8,9.8,0
P102713,55,M,South,Commercial,1,50,2,0,65.1,5,0,52.2,6.4,1
P102714,54,F,South,Medicare,0,88,4,1,60.0,2,0,11.6,4.1,0
P102715,51,F,Midwest,Commercial,1,63,3,2,47.8,1,0,12.9,8.1,0
P102716,49,M,Northeast,Medicare,2,8,3,2,52.9,5,0,34.1,9.3,0
P102717,67,M,Midwest,Medicare,1,73,1,1,12.8,2,1,15.9,8.7,0
P102718,59,F,West,Commercial,3,73,2,3,19.6,0,0,43.6,7.4,0
P102719,29,F,Midwest,Commercial,0,93,2,0,21.1,2,0,2.8,8.9,0
P102720,63,M,South,Medicaid,0,20,5,2,21.9,2,1,231.5,5.7,0
P102721,66,F,West,Commercial,1,80,4,1,52.9,1,0,248.8,8.0,0
P102722,26,F,Midwest,Medicare,1,36,1,2,47.4,4,1,46.9,8.3,1
P102723,45,M,Midwest,Medicare,1,34,4,2,33.6,3,0,35.3,7.5,0
P102724,74,M,West,Commercial,1,61,5,3,90.0,1,0,120.9,6.8,1
P102725,62,M,Northeast,Medicare,1,51,4,0,53.1,4,0,51.5,5.8,0
P102726,27,M,West,Medicare,1,22,1,0,82.2,5,1,56.7,6.4,0
P102727,20,F,Midwest,Commercial,2,21,4,1,23.0,3,0,19.3,9.4,0
P102728,59,M,Midwest,Medicaid,0,62,3,3,70.4,5,0,73.3,6.2,0
P102729,51,F,Northeast,Medicare,0,93,5,2,84.5,2,0,7.7,6.8,0
P102730,87,F,West,Medicare,2,22,9,1,69.8,1,0,76.8,8.7,0
P102731,55,M,Northeast,Commercial,1,51,3,1,48.7,3,0,56.9,5.0,0
P102732,85,M,West,Commercial,1,30,7,0,52.7,0,1,0.0,6.0,0
P102733,33,M,West,Medicare,1,24,5,3,68.3,3,0,91.2,4.2,0
P102734,50,F,South,Medicare,1,76,2,1,61.3,3,0,2.1,10.0,0
P102735,28,M,South,Commercial,1,69,3,2,87.2,2,0,24.2,6.9,1
P102736,59,M,Northeast,Medicare,0,46,5,2,36.3,3,0,15.0,8.6,0
P102737,31,M,South,Medicare,2,47,4,0,83.9,3,0,15.2,10.0,0
P102738,53,M,Northeast,Commercial,1,41,4,0,67.2,1,0,27.1,5.0,0
P102739,42,F,West,Medicaid,0,95,5,1,64.8,2,2,235.3,7.3,1
P102740,31,M,Midwest,Medicare,0,90,3,3,55.3,3,0,76.1,6.4,0
P102741,24,M,Northeast,Medicare,2,8,2,2,86.4,4,0,31.8,6.9,1
P102742,54,M,West,Medicaid,1,78,7,1,37.7,5,0,0.8,7.6,0
P102743,86,M,Northeast,Medicare,0,32,2,1,31.1,1,0,113.5,10.0,0
P102744,32,M,Midwest,Medicaid,2,63,6,1,60.5,0,0,16.5,8.5,0
P102745,47,F,Northeast,Medicaid,0,90,4,0,42.6,2,0,39.4,10.0,0
P102746,34,F,Northeast,Commercial,0,41,7,0,67.2,4,0,34.5,7.7,0
P102747,76,M,Northeast,Medicare,2,44,2,1,107.3,3,1,5.3,6.5,0
P102748,47,M,South,Uninsured,0,60,4,1,61.8,6,0,77.3,9.5,0
P102749,88,M,Midwest,Medicaid,1,30,6,1,64.8,3,0,71.2,6.4,0
P102750,35,F,West,Commercial,2,26,1,1,99.4,1,0,53.8,7.6,1
P102751,23,F,West,Commercial,1,58,6,0,69.5,3,0,2.7,8.5,0
P102752,59,M,Midwest,Commercial,2,20,2,1,86.3,2,0,25.9,9.1,0
P102753,64,M,Midwest,Medicaid,0,64,1,2,53.1,3,0,18.9,7.4,1
P102754,89,F,South,Medicaid,1,24,6,0,58.4,1,0,19.1,8.8,1
P102755,80,M,South,Medicaid,1,9,3,3,43.1,2,0,50.1,6.3,0
P102756,81,F,West,Commercial,0,10,4,3,71.2,3,0,30.8,6.9,0
P102757,63,F,Midwest,Medicaid,0,25,6,1,71.9,1,0,44.3,8.4,0
P102758,43,F,Midwest,Commercial,0,10,1,1,77.7,5,0,40.2,7.5,0
P102759,48,F,Northeast,Commercial,3,30,5,1,70.6,1,0,51.8,6.3,1
P102760,27,F,South,Commercial,3,40,2,0,56.3,2,0,40.7,9.1,0
P102761,49,M,Midwest,Medicare,1,24,2,2,73.6,3,0,7.5,7.9,1
P102762,44,M,South,Medicare,1,51,3,0,96.7,1,0,52.8,4.8,0
P102763,20,M,Midwest,Commercial,2,37,6,1,63.1,1,0,115.8,8.3,0
P102764,32,F,West,Commercial,0,8,6,0,26.7,1,0,49.2,8.4,0
P102765,56,F,Northeast,Medicaid,1,32,8,1,35.2,3,1,59.2,7.4,0
P102766,44,F,West,Commercial,0,2,6,2,65.9,5,0,91.3,8.0,0
P102767,89,M,West,Medicare,1,70,5,1,38.4,3,0,76.6,9.6,0
P102768,52,F,South,Commercial,1,43,3,0,47.4,3,1,40.3,4.4,1
P102769,87,M,West,Commercial,0,57,3,1,46.7,1,1,30.2,9.1,0
P102770,65,M,Northeast,Commercial,1,14,5,2,69.9,3,0,18.7,3.1,0
P102771,20,M,South,Medicare,1,41,6,1,99.6,1,0,68.4,6.2,1
P102772,32,F,Northeast,Medicare,1,77,4,2,22.7,1,0,92.6,4.3,1
P102773,68,M,Midwest,Commercial,0,20,4,0,85.6,3,0,104.0,10.0,0
P102774,57,F,West,Medicaid,0,94,5,2,84.5,4,1,47.2,6.9,0
P102775,39,F,Midwest,Commercial,2,40,3,1,66.7,3,2,41.7,7.5,0
P102776,55,M,Midwest,Medicaid,0,13,5,0,54.8,2,1,101.1,6.9,0
P102777,83,M,Northeast,Commercial,0,18,3,0,79.0,0,0,38.4,7.2,0
P102778,45,M,West,Medicaid,0,44,4,0,61.4,0,0,1.1,7.3,0
P102779,21,F,Northeast,Commercial,0,91,2,0,56.0,1,0,86.9,9.1,0
P102780,40,M,Midwest,Medicare,1,45,3,0,14.8,4,1,51.1,8.0,0
P102781,85,M,Midwest,Medicare,1,17,2,1,71.5,0,1,10.2,6.1,0
P102782,72,F,West,Medicare,2,37,1,1,94.9,7,0,11.0,4.4,0
P102783,78,M,West,Medicaid,1,82,2,1,25.1,3,0,29.7,9.7,0
P102784,83,F,Midwest,Commercial,4,94,4,1,37.9,0,2,23.5,8.3,0
P102785,26,M,Midwest,Commercial,1,59,4,2,48.2,4,0,32.6,7.0,0
P102786,38,M,South,Medicaid,1,83,2,2,53.0,0,1,17.1,9.3,0
P102787,22,M,Midwest,Medicaid,0,78,4,0,42.0,4,1,145.3,10.0,0
P102788,18,M,Midwest,Medicare,1,41,4,3,91.7,6,0,44.3,7.6,0
P102789,78,F,Midwest,Medicare,0,85,4,1,109.8,6,0,39.5,9.9,0
P102790,85,M,Midwest,Medicaid,2,8,3,2,65.5,8,0,40.8,7.6,0
P102791,29,M,South,Medicaid,0,77,3,1,43.4,2,0,32.5,10.0,0
P102792,69,F,Northeast,Medicaid,1,56,8,1,64.0,2,0,128.3,7.7,0
P102793,56,F,Northeast,Medicaid,2,56,8,1,31.9,3,0,76.3,6.7,0
P102794,22,M,South,Commercial,0,89,6,2,54.6,2,0,104.2,9.9,0
P102795,83,M,South,Medicare,0,26,3,1,73.6,0,2,34.6,7.8,0
P102796,80,F,Midwest,Medicare,1,19,4,1,76.3,3,0,79.4,7.6,0
P102797,58,M,West,Commercial,0,63,2,0,73.9,3,0,46.6,9.0,0
P102798,68,M,Midwest,Medicaid,2,71,8,0,48.2,5,2,7.2,7.4,0
P102799,46,F,West,Medicare,1,1,2,0,63.2,3,0,25.1,4.4,0
P102800,75,F,Midwest,Commercial,1,48,6,5,51.1,1,1,42.3,6.9,1
P102801,50,M,West,Medicare,0,36,5,1,81.9,1,1,85.0,6.4,1
P102802,89,M,West,Commercial,0,78,5,2,70.3,2,0,16.6,5.9,0
P102803,22,M,Northeast,Commercial,0,82,3,2,101.4,0,1,65.9,9.4,0
P102804,30,F,Midwest,Medicare,0,14,4,0,68.1,2,1,12.9,6.6,0
P102805,87,M,Midwest,Medicare,4,56,2,3,38.5,4,1,6.8,6.7,0
P102806,38,M,West,Medicare,0,69,8,0,29.7,2,0,38.2,7.4,0
P102807,40,M,Midwest,Commercial,1,25,3,2,63.9,3,0,10.3,8.1,0
P102808,74,F,Northeast,Medicare,0,89,7,2,7.0,1,0,30.5,8.4,0
P102809,31,M,Northeast,Commercial,3,85,7,0,49.8,3,1,13.7,7.8,0
P102810,54,F,Northeast,Medicaid,1,17,4,3,45.3,8,1,10.5,7.8,0
P102811,38,F,Northeast,Commercial,2,2,7,2,39.9,4,0,102.7,5.4,0
P102812,32,M,Northeast,Medicaid,3,55,7,1,63.4,1,0,1.9,8.4,0
P102813,87,M,West,Commercial,0,84,4,2,34.0,4,1,36.8,5.7,0
P102814,32,M,South,Commercial,2,65,2,0,20.4,2,0,0.5,9.6,0
P102815,24,M,Midwest,Medicare,0,73,2,1,72.1,2,0,5.0,7.0,0
P102816,66,F,West,Medicaid,0,69,5,3,50.7,4,0,140.5,5.2,1
P102817,80,F,Midwest,Medicaid,3,14,2,0,68.2,2,0,95.6,7.9,0
P102818,27,F,South,Medicare,0,7,7,1,64.2,3,0,9.4,8.9,0
P102819,68,F,South,Commercial,2,6,1,1,73.1,4,0,4.3,6.9,0
P102820,56,M,West,Commercial,1,94,5,4,65.2,2,0,5.5,8.7,0
P102821,77,M,Midwest,Medicare,0,91,8,2,74.4,1,1,36.1,10.0,0
P102822,27,M,West,Commercial,1,80,4,1,102.2,1,0,40.5,8.1,0
P102823,88,F,Northeast,Medicaid,0,7,5,1,68.1,3,0,8.3,5.2,0
P102824,62,F,Northeast,Medicare,1,85,6,0,73.8,4,0,68.2,7.5,0
P102825,78,F,Northeast,Medicaid,4,93,8,1,62.6,3,0,4.3,6.6,0
P102826,44,M,Midwest,Medicaid,1,75,4,1,12.5,4,1,6.9,4.0,0
P102827,85,F,Midwest,Commercial,0,40,3,1,56.5,0,0,2.9,5.0,0
P102828,63,M,South,Commercial,1,9,4,2,93.5,3,1,19.0,10.0,0
P102829,27,M,South,Medicaid,1,34,4,1,72.0,3,1,1.2,6.8,0
P102830,84,M,Midwest,Commercial,1,20,1,2,47.8,8,0,31.5,7.1,0
P102831,75,F,West,Medicare,1,62,5,2,69.2,1,0,78.1,5.3,1
P102832,39,F,West,Medicaid,2,84,7,0,32.1,1,0,74.5,10.0,0
P102833,57,M,South,Commercial,1,48,5,1,77.2,5,0,15.6,8.2,0
P102834,45,M,Midwest,Medicaid,0,5,1,1,47.8,3,0,60.1,6.9,1
P102835,57,F,Northeast,Commercial,0,38,10,0,64.2,1,0,1.5,8.9,0
P102836,87,M,West,Medicare,1,76,4,1,34.5,3,0,5.4,9.8,0
P102837,82,F,Northeast,Commercial,2,61,6,0,65.4,2,0,61.3,3.8,0
P102838,33,F,South,Medicare,0,4,4,0,7.0,2,0,29.8,9.7,0
P102839,87,F,Midwest,Commercial,2,34,4,1,49.2,1,1,7.3,5.9,0
P102840,49,F,West,Commercial,1,34,2,2,40.8,0,0,3.0,4.5,0
P102841,68,F,Northeast,Commercial,1,4,3,0,41.7,3,0,23.4,10.0,0
P102842,73,F,Midwest,Commercial,1,34,4,1,7.0,5,0,53.0,8.1,0
P102843,52,M,Northeast,Medicare,0,79,11,0,42.7,0,0,14.1,6.3,0
P102844,50,F,Northeast,Commercial,3,13,3,0,66.4,2,0,71.9,10.0,0
P102845,50,M,South,Commercial,2,49,7,0,37.6,1,0,114.1,6.6,0
P102846,80,M,Midwest,Commercial,1,63,3,1,71.4,0,0,2.3,5.7,0
P102847,45,F,South,Commercial,2,66,3,1,82.3,3,0,19.8,9.1,0
P102848,38,F,West,Commercial,0,32,5,1,67.2,0,1,10.2,4.6,1
P102849,44,M,Midwest,Commercial,1,55,5,0,69.5,1,0,23.5,7.6,0
P102850,32,M,South,Medicare,4,69,4,1,66.5,1,1,33.5,4.9,0
P102851,46,M,South,Medicare,0,59,3,3,73.5,3,0,30.5,5.5,0
P102852,26,F,South,Medicare,1,80,7,0,43.0,4,0,13.4,8.6,0
P102853,24,F,Northeast,Commercial,0,21,7,1,38.3,1,1,21.6,5.8,0
P102854,70,F,Midwest,Medicaid,0,11,1,1,39.0,5,0,6.5,8.9,0
P102855,23,M,West,Medicare,1,89,5,0,76.6,3,2,9.1,3.6,0
P102856,58,M,South,Medicare,2,70,6,3,38.6,2,1,26.1,7.1,0
P102857,74,F,South,Commercial,1,43,6,4,52.4,4,0,5.7,6.5,0
P102858,70,M,West,Commercial,0,55,2,1,49.0,1,0,0.3,7.1,1
P102859,50,F,Midwest,Medicare,1,88,1,0,64.1,1,0,8.3,6.7,0
P102860,31,M,South,Commercial,2,83,2,0,75.3,3,0,7.0,8.2,0
P102861,85,F,Northeast,Medicare,0,77,0,0,75.3,3,0,25.5,8.2,0
P102862,78,M,West,Commercial,2,57,7,0,15.0,4,0,102.0,6.8,0
P102863,62,M,Midwest,Commercial,1,69,2,0,68.3,2,0,14.3,6.6,0
P102864,24,M,Midwest,Commercial,0,56,6,0,58.5,2,0,25.1,8.2,0
P102865,20,F,South,Commercial,0,44,5,1,64.0,4,1,21.1,8.5,0
P102866,40,M,Northeast,Commercial,0,65,5,3,51.2,2,0,86.0,3.5,0
P102867,29,M,South,Commercial,5,3,4,0,39.7,7,0,56.8,5.0,1
P102868,79,F,West,Medicare,3,79,5,2,83.8,4,0,13.3,5.2,0
P102869,32,F,South,Commercial,0,30,5,3,54.6,3,1,11.2,6.7,0
P102870,38,M,Midwest,Medicare,1,52,6,1,90.2,0,0,37.4,4.0,0
P102871,88,F,West,Medicaid,0,64,8,0,58.9,2,0,13.5,8.3,0
P102872,76,F,Northeast,Medicaid,2,32,5,0,59.5,1,0,108.4,5.7,1
P102873,33,F,Northeast,Medicare,1,32,2,0,42.3,1,0,13.5,8.8,0
P102874,45,F,Northeast,Commercial,0,17,4,1,59.3,1,0,38.2,6.3,0
P102875,55,F,West,Medicare,2,10,7,3,82.8,3,0,5.4,9.0,0
P102876,65,M,Midwest,Medicaid,0,84,4,3,56.5,6,1,40.7,6.8,0
P102877,85,F,West,Medicare,2,50,2,1,65.0,4,0,28.4,7.1,0
P102878,80,M,West,Commercial,2,65,2,0,100.4,2,2,25.4,8.7,0
P102879,88,F,South,Medicaid,2,15,2,1,29.8,3,1,40.6,6.6,0
P102880,20,F,Northeast,Commercial,1,82,2,2,36.5,0,0,56.0,4.5,0
P102881,35,F,South,Medicaid,2,30,3,1,67.5,2,1,41.2,4.5,0
P102882,58,M,Midwest,Commercial,1,44,6,0,17.1,1,1,1.1,9.2,0
P102883,21,M,South,Commercial,1,48,3,0,72.7,3,1,204.6,5.2,1
P102884,43,F,Northeast,Medicaid,1,71,6,0,39.9,1,0,13.7,6.7,0
P102885,29,F,West,Medicare,1,12,3,0,48.7,1,1,133.0,10.0,1
P102886,85,F,South,Medicare,2,87,4,0,81.1,4,1,14.8,6.4,0
P102887,22,F,Midwest,Medicaid,3,11,3,2,28.5,2,1,69.9,6.1,0
P102888,28,M,West,Medicaid,3,61,3,0,10.1,6,0,21.6,7.9,0
P102889,32,F,Midwest,Medicare,1,20,3,0,7.0,3,0,41.8,9.9,0
P102890,28,M,Midwest,Uninsured,0,88,3,0,67.0,3,2,155.0,10.0,1
P102891,58,M,Northeast,Commercial,3,57,5,2,81.0,2,0,58.4,6.0,0
P102892,44,F,Midwest,Commercial,0,90,3,1,33.1,2,0,39.6,8.5,0
P102893,83,M,West,Medicaid,1,89,3,1,86.5,4,0,147.0,7.2,0
P102894,36,F,West,Commercial,1,26,3,2,58.2,4,0,34.2,7.3,0
P102895,56,M,Northeast,Medicaid,0,23,3,0,60.8,3,0,0.7,8.3,0
P102896,65,F,Northeast,Commercial,1,11,6,0,82.9,2,0,60.0,8.1,0
P102897,63,M,Northeast,Commercial,1,69,3,2,15.2,1,0,1.0,5.6,0
P102898,75,M,West,Commercial,0,3,10,0,75.9,4,0,145.8,5.6,0
P102899,32,F,South,Medicare,1,18,2,0,13.6,3,0,11.3,10.0,0
P102900,54,M,Midwest,Medicaid,1,87,6,2,18.9,2,0,54.6,6.5,0
P102901,75,F,South,Commercial,1,61,2,2,22.9,1,0,19.8,8.5,0
P102902,80,F,Midwest,Commercial,0,43,5,2,74.0,5,1,36.8,10.0,0
P102903,62,M,West,Commercial,0,14,6,2,75.5,2,1,4.3,7.1,0
P102904,64,F,South,Commercial,0,81,6,0,80.8,4,1,129.1,10.0,0
P102905,80,M,West,Medicare,0,81,3,1,57.7,5,2,0.9,6.3,0
P102906,62,M,South,Medicare,0,5,5,3,49.2,5,1,6.1,9.4,0
P102907,86,M,Northeast,Commercial,2,71,3,1,71.0,4,0,8.4,7.7,0
P102908,27,F,Northeast,Commercial,0,32,6,2,54.7,1,0,36.8,7.0,0
P102909,43,F,South,Medicare,0,65,6,0,63.5,5,1,52.8,8.9,0
P102910,26,M,Midwest,Commercial,3,29,4,3,56.5,3,0,42.3,7.1,0
P102911,24,F,West,Commercial,0,2,3,0,56.9,1,0,166.5,6.2,0
P102912,51,M,West,Medicare,1,72,5,1,109.1,2,0,4.0,4.5,0
P102913,34,F,Midwest,Commercial,0,80,6,2,80.9,3,0,27.7,8.5,0
P102914,47,F,South,Commercial,0,65,6,0,70.3,4,0,7.6,8.7,0
P102915,49,M,Northeast,Commercial,0,15,2,0,48.7,2,0,28.2,10.0,0
P102916,62,M,West,Medicaid,3,43,6,4,59.8,3,0,17.3,8.3,0
P102917,86,M,South,Commercial,3,51,1,0,82.8,5,1,31.9,6.0,0
P102918,79,M,West,Medicaid,1,76,5,1,62.9,5,0,50.5,7.7,0
P102919,45,F,Midwest,Medicare,4,74,6,0,48.3,3,0,51.8,7.2,0
P102920,41,F,West,Medicare,1,85,5,1,16.6,1,0,7.6,9.5,0
P102921,73,F,West,Medicaid,1,61,6,0,49.1,2,0,8.8,9.6,0
P102922,26,M,Midwest,Commercial,3,90,4,1,75.4,6,0,10.7,10.0,0
P102923,56,F,Midwest,Commercial,0,78,4,2,26.8,2,0,60.8,7.2,0
P102924,48,M,Northeast,Commercial,1,20,2,2,94.9,6,0,74.8,9.6,0
P102925,31,F,Northeast,Medicare,0,68,6,0,64.5,2,0,15.3,10.0,0
P102926,62,M,Midwest,Medicare,2,9,3,0,93.4,1,0,26.7,8.9,1
P102927,41,M,Midwest,Medicaid,1,72,1,1,56.3,1,0,14.2,6.6,0
P102928,31,M,Midwest,Medicare,1,22,3,1,7.0,2,0,53.4,6.8,0
P102929,65,F,South,Commercial,0,29,6,1,48.3,2,2,21.3,8.9,0
P102930,30,M,Midwest,Commercial,2,55,4,1,41.5,2,0,23.0,8.6,0
P102931,66,F,West,Commercial,6,37,4,0,36.6,2,0,0.1,5.3,1
P102932,29,F,Northeast,Medicaid,0,62,3,2,70.0,1,0,39.3,5.5,0
P102933,49,F,South,Commercial,4,48,7,0,35.3,0,0,17.5,8.4,0
P102934,76,F,West,Medicaid,2,61,1,1,21.9,3,0,74.2,3.4,0
P102935,34,M,Northeast,Commercial,1,56,1,1,42.1,4,0,13.7,7.8,0
P102936,73,F,South,Medicare,0,20,4,3,78.6,3,0,17.5,6.4,0
P102937,69,F,South,Commercial,1,66,1,0,51.1,0,1,10.6,5.9,0
P102938,82,M,Midwest,Medicaid,2,92,1,1,35.0,3,0,19.6,6.6,0
P102939,30,M,South,Commercial,0,53,8,2,47.4,0,0,10.2,7.8,0
P102940,69,M,West,Medicare,2,58,0,1,84.8,1,0,47.2,7.4,0
P102941,85,M,Northeast,Medicaid,2,68,6,2,69.6,1,1,44.8,5.2,1
P102942,72,F,South,Medicare,2,9,5,1,70.8,5,0,52.4,4.3,0
P102943,31,M,Midwest,Commercial,2,15,3,1,69.3,2,0,37.9,7.8,0
P102944,77,F,Northeast,Medicaid,1,54,1,1,16.1,3,0,38.3,8.3,0
P102945,25,F,West,Commercial,1,38,6,0,54.3,5,0,89.9,8.8,0
P102946,60,F,Midwest,Commercial,2,66,1,1,82.6,1,0,48.1,4.4,0
P102947,53,M,West,Medicare,1,87,0,1,7.0,4,2,1.5,7.9,1
P102948,56,F,South,Medicaid,1,75,1,1,8.7,3,0,39.3,8.5,0
P102949,55,M,South,Commercial,2,21,5,1,30.3,3,0,34.8,6.5,0
P102950,20,F,West,Medicaid,0,30,2,1,38.6,5,1,5.4,6.7,1
P102951,54,F,Northeast,Medicare,1,14,1,0,58.2,3,1,11.4,6.6,0
P102952,85,F,South,Medicare,2,10,4,1,24.8,2,0,4.6,6.4,0
P102953,49,F,South,Commercial,3,71,6,1,69.8,4,1,20.0,9.7,0
P102954,37,F,South,Medicare,0,66,3,0,113.0,2,1,78.3,6.3,0
P102955,89,M,South,Commercial,2,19,1,1,43.0,2,0,77.1,6.0,0
P102956,25,M,Midwest,Commercial,4,67,2,1,22.0,0,1,61.6,3.4,1
P102957,53,F,Northeast,Commercial,4,44,3,2,46.5,1,0,76.1,8.6,1
P102958,54,M,West,Medicaid,1,84,3,3,70.8,1,0,15.3,5.9,0
P102959,52,F,West,Commercial,3,68,1,0,61.0,3,0,21.4,5.9,0
P102960,84,F,Northeast,Commercial,1,26,7,3,75.7,3,0,71.9,10.0,1
P102961,48,F,West,Commercial,2,47,4,2,50.3,1,0,34.1,5.2,0
P102962,88,F,South,Commercial,2,23,2,4,65.5,2,0,10.0,4.7,1
P102963,22,F,Northeast,Uninsured,0,86,2,0,121.4,3,0,1.3,4.7,1
P102964,70,M,South,Medicare,1,49,2,3,47.3,3,1,15.1,4.7,1
P102965,60,F,West,Medicare,1,84,3,0,57.0,6,2,39.1,6.1,1
P102966,35,M,West,Medicaid,0,49,6,0,68.5,3,0,55.0,7.2,0
P102967,34,F,Midwest,Commercial,1,48,6,0,119.7,2,0,13.0,6.8,0
P102968,69,M,West,Medicaid,1,18,1,0,78.7,3,1,35.8,8.9,1
P102969,63,M,South,Uninsured,1,92,5,0,59.9,1,0,42.3,8.2,0
P102970,62,F,West,Medicare,0,64,4,0,45.8,3,0,41.1,7.7,0
P102971,21,F,Midwest,Medicare,2,28,7,1,91.0,5,0,52.4,8.0,0
P102972,61,M,Northeast,Commercial,0,80,7,1,55.1,0,0,27.1,8.4,1
P102973,88,M,Northeast,Medicaid,1,23,4,1,95.4,3,0,23.0,7.1,0
P102974,19,M,South,Commercial,2,10,6,1,50.7,2,1,64.5,10.0,0
P102975,51,F,Northeast,Medicare,0,64,2,1,42.4,2,0,94.0,6.2,1
P102976,53,M,South,Commercial,1,72,0,0,20.9,1,1,27.8,6.3,0
P102977,82,F,West,Medicare,1,55,11,0,70.1,1,1,12.3,5.8,0
P102978,38,F,Northeast,Medicaid,3,68,6,0,12.0,1,0,30.4,5.9,0
P102979,52,M,Midwest,Medicare,2,24,0,0,88.6,2,1,30.4,5.2,1
P102980,69,F,West,Commercial,2,27,4,1,21.3,4,0,66.7,5.3,0
P102981,22,M,South,Medicare,2,36,5,1,11.7,2,0,60.1,7.0,1
P102982,75,M,Midwest,Medicaid,0,20,7,2,56.1,1,0,49.1,7.0,0
P102983,77,F,South,Medicare,1,23,2,0,81.2,2,0,0.8,6.5,0
P102984,69,M,South,Medicaid,0,5,1,2,54.3,5,0,12.5,5.8,0
P102985,64,F,West,Medicaid,2,23,4,2,76.4,0,0,9.7,9.7,0
P102986,71,F,Midwest,Medicaid,2,53,8,0,65.3,3,0,51.4,10.0,0
P102987,74,F,South,Commercial,1,35,3,1,74.4,3,0,98.9,8.6,0
P102988,83,M,West,Medicare,0,41,3,5,96.7,4,0,96.2,7.9,1
P102989,48,F,West,Medicaid,0,88,3,1,39.7,3,0,15.3,10.0,0
P102990,50,F,West,Medicaid,1,1,2,1,61.2,4,1,21.3,7.9,0
P102991,63,M,West,Commercial,0,80,2,0,8.5,1,0,27.4,4.9,0
P102992,31,M,South,Commercial,3,4,4,2,91.5,4,0,78.0,5.6,0
P102993,79,M,South,Commercial,2,49,3,0,48.8,2,0,20.6,7.5,0
P102994,73,M,Northeast,Medicaid,1,13,3,2,58.7,2,0,11.2,8.6,0
P102995,63,F,Midwest,Medicaid,0,46,2,0,49.2,3,0,32.8,9.8,0
P102996,39,M,West,Medicare,1,85,4,2,40.3,5,1,46.8,9.7,0
P102997,43,M,Midwest,Commercial,0,3,3,4,76.2,3,0,34.2,9.1,0
P102998,49,M,Midwest,Commercial,0,49,2,2,71.5,2,0,44.4,9.3,1
P102999,65,M,West,Medicaid,1,44,4,3,43.5,2,2,62.1,6.8,1
P103000,74,F,Northeast,Commercial,1,43,3,0,100.7,3,0,126.1,6.7,0
P103001,66,F,South,Commercial,0,60,5,0,78.7,2,0,38.8,6.6,0
P103002,84,M,Midwest,Commercial,1,31,1,0,97.6,4,0,54.0,7.6,0
P103003,87,F,Northeast,Medicaid,0,74,3,1,10.7,2,0,45.6,8.9,0
P103004,68,F,West,Medicare,2,23,3,4,41.6,2,1,75.2,10.0,1
P103005,44,F,Northeast,Commercial,1,34,2,1,81.7,0,2,4.5,6.7,1
P103006,61,M,West,Commercial,1,45,6,0,26.8,3,1,96.2,6.3,0
P103007,48,M,Midwest,Uninsured,0,88,4,1,47.0,4,0,4.2,8.7,0
P103008,63,M,West,Commercial,0,51,4,1,31.7,2,1,78.9,6.7,0
P103009,76,M,West,Commercial,1,80,7,0,67.4,1,0,142.2,9.8,0
P103010,44,M,Midwest,Commercial,0,14,3,1,49.0,5,0,8.8,10.0,0
P103011,54,M,West,Commercial,1,8,2,1,32.2,4,0,18.5,10.0,0
P103012,21,F,South,Medicaid,1,48,4,1,100.9,4,1,35.5,8.4,0
P103013,71,M,Midwest,Medicaid,3,86,5,0,73.9,4,1,50.0,10.0,0
P103014,53,F,West,Commercial,1,23,6,2,73.3,1,1,25.2,5.2,0
P103015,51,F,Northeast,Medicaid,1,22,3,1,62.6,4,0,17.3,9.9,0
P103016,56,F,South,Commercial,1,15,1,2,79.0,5,0,82.3,9.0,0
P103017,33,M,Northeast,Medicaid,1,88,4,0,71.6,2,1,161.8,8.0,1
P103018,61,M,Midwest,Commercial,0,9,2,1,12.2,0,0,81.7,7.2,0
P103019,71,M,West,Commercial,1,60,3,3,106.6,4,0,2.1,2.4,0
P103020,43,M,Northeast,Medicaid,1,37,9,0,102.5,5,0,16.6,8.8,0
P103021,27,M,Midwest,Medicaid,5,40,5,0,47.4,2,1,14.9,6.6,0
P103022,45,F,South,Medicaid,2,68,8,0,17.2,2,2,35.9,6.9,0
P103023,32,M,West,Medicare,2,42,12,1,31.7,3,0,84.7,8.0,0
P103024,44,M,Northeast,Medicaid,0,3,4,2,32.5,5,0,138.9,8.2,0
P103025,63,M,Northeast,Medicare,1,54,4,1,66.4,4,1,122.8,6.1,1
P103026,26,F,Northeast,Commercial,1,3,3,2,48.7,1,0,91.1,6.0,0
P103027,71,F,South,Medicare,1,81,3,1,43.8,3,0,20.7,5.8,0
P103028,34,M,South,Medicare,1,90,4,1,74.7,2,0,21.9,7.7,0
P103029,82,F,West,Medicare,1,80,1,2,56.3,4,1,109.6,9.7,0
P103030,70,F,South,Medicaid,4,40,1,2,83.1,0,0,85.8,7.8,1
P103031,37,F,Northeast,Medicare,0,40,4,1,57.9,6,0,63.6,8.1,0
P103032,58,F,Midwest,Commercial,0,56,2,4,101.6,1,0,1.6,7.1,0
P103033,25,F,Northeast,Commercial,1,81,5,3,115.4,3,0,34.5,6.7,0
P103034,25,M,South,Medicaid,3,72,8,0,65.4,5,0,80.8,6.4,0
P103035,86,M,Midwest,Commercial,2,45,5,1,51.5,1,0,22.7,6.8,0
P103036,75,M,South,Medicaid,1,78,3,0,57.8,2,1,6.1,5.0,0
P103037,29,F,Midwest,Commercial,3,40,3,0,86.0,3,1,1.4,9.9,0
P103038,38,F,South,Commercial,0,74,8,0,81.3,0,2,36.0,8.0,0
P103039,32,F,West,Medicaid,0,24,3,1,11.8,3,0,33.1,7.9,0
P103040,46,F,South,Commercial,1,44,4,0,73.4,2,2,13.2,8.2,0
P103041,38,F,West,Medicaid,2,79,2,2,49.8,6,0,6.7,6.8,0
P103042,41,M,Midwest,Commercial,1,24,8,0,66.4,4,0,89.4,8.1,0
P103043,56,M,Midwest,Medicare,1,59,2,2,59.4,3,2,69.3,6.3,1
P103044,31,M,Northeast,Medicare,2,27,4,2,49.5,1,1,91.3,6.6,0
P103045,81,F,Northeast,Medicaid,0,41,4,2,17.8,4,0,37.5,7.5,0
P103046,70,F,Midwest,Commercial,1,31,1,2,19.8,3,0,34.6,7.6,0
P103047,72,F,South,Commercial,0,63,5,0,52.5,1,0,61.8,10.0,0
P103048,30,F,South,Medicare,3,72,6,3,56.0,3,1,74.0,5.9,0
P103049,68,F,West,Uninsured,3,82,2,1,57.8,1,1,1.3,5.8,0
P103050,78,F,South,Medicaid,1,34,3,2,66.0,3,0,41.4,6.7,0
P103051,30,M,South,Medicaid,1,19,5,0,38.9,0,0,51.7,9.4,0
P103052,72,M,Midwest,Medicare,0,89,3,3,24.5,2,0,44.5,8.0,1
P103053,43,F,West,Medicare,1,38,4,1,84.2,1,1,0.2,10.0,0
P103054,74,F,West,Medicaid,0,62,4,0,73.5,3,1,23.6,7.4,0
P103055,52,F,Midwest,Medicaid,0,37,3,2,41.9,2,0,28.0,8.2,0
P103056,75,F,Northeast,Medicaid,2,80,9,3,81.3,1,1,54.5,7.7,0
P103057,28,M,Northeast,Medicaid,2,8,6,0,34.4,2,0,6.0,8.0,0
P103058,46,M,Midwest,Medicaid,1,4,2,2,65.2,3,0,70.2,6.1,0
P103059,37,M,Midwest,Commercial,2,32,7,2,65.5,2,0,51.6,7.7,0
P103060,35,M,Northeast,Commercial,1,40,7,2,43.7,3,0,122.9,5.5,1
P103061,40,F,Midwest,Uninsured,1,73,2,0,72.0,1,0,7.0,8.1,0
P103062,45,F,West,Medicare,2,45,7,1,27.1,1,0,11.4,8.3,0
P103063,27,F,Northeast,Commercial,1,25,4,3,58.9,1,1,136.8,7.1,1
P103064,68,F,West,Medicare,1,8,4,0,59.0,1,0,30.0,6.3,1
P103065,57,M,South,Medicare,0,78,2,1,32.0,1,0,61.3,6.2,0
P103066,77,F,South,Medicaid,0,49,5,2,75.5,2,0,14.1,5.8,0
P103067,68,F,Midwest,Medicaid,0,91,9,3,87.8,2,0,18.7,6.2,0
P103068,28,F,Northeast,Commercial,2,32,5,1,58.2,0,0,20.9,10.0,0
P103069,23,F,Northeast,Medicare,0,22,4,1,61.7,6,3,2.1,8.0,0
P103070,48,M,West,Commercial,1,26,7,2,52.7,2,0,110.3,7.1,0
P103071,52,F,South,Medicaid,1,39,8,0,57.3,2,0,2.0,6.2,0
P103072,35,F,Northeast,Commercial,0,14,4,0,46.9,3,0,11.1,7.2,0
P103073,74,F,Midwest,Medicare,1,13,5,1,59.8,6,1,20.6,8.6,1
P103074,59,M,Northeast,Medicare,2,76,2,0,53.1,3,0,23.7,8.5,0
P103075,71,M,West,Medicare,2,66,5,1,100.4,1,2,127.9,9.2,0
P103076,25,M,Northeast,Medicare,0,48,5,2,53.8,3,0,30.9,9.3,0
P103077,76,F,Midwest,Medicare,1,46,1,2,35.6,3,0,3.9,7.5,0
P103078,32,F,South,Medicare,0,48,7,1,16.1,2,0,30.8,6.2,1
P103079,50,M,West,Commercial,0,56,5,2,84.4,1,0,65.8,7.1,1
P103080,49,F,Midwest,Commercial,1,28,3,1,95.3,3,0,140.2,8.9,1
P103081,77,F,West,Medicare,0,74,4,0,29.9,1,0,68.5,6.3,0
P103082,37,M,Northeast,Commercial,2,1,4,1,74.5,3,0,104.6,10.0,0
P103083,35,F,South,Medicaid,1,74,10,2,72.4,6,0,117.2,6.3,0
P103084,42,F,West,Commercial,1,76,7,1,59.6,1,1,56.3,8.4,0
P103085,43,M,Northeast,Medicaid,2,50,5,0,31.3,5,0,144.7,8.0,0
P103086,31,F,West,Commercial,0,29,2,1,71.8,3,0,18.5,8.9,0
P103087,30,F,West,Medicaid,1,84,7,2,92.1,0,0,7.7,3.8,0
P103088,34,F,Midwest,Commercial,6,78,5,0,94.4,2,0,58.5,9.2,0
P103089,51,M,Northeast,Medicare,1,89,1,1,72.2,4,0,125.5,6.8,1
P103090,42,F,West,Commercial,0,2,1,3,81.0,2,0,12.2,6.0,0
P103091,46,F,West,Medicare,1,60,5,2,13.9,4,0,46.9,9.2,0
P103092,69,M,South,Commercial,1,1,1,0,74.4,1,0,162.0,4.2,1
P103093,35,M,Midwest,Medicaid,0,4,5,0,74.8,4,0,15.0,10.0,0
P103094,83,M,Northeast,Medicare,2,6,4,1,51.2,3,1,151.8,7.9,1
P103095,72,F,South,Uninsured,0,74,4,0,61.6,4,0,27.0,7.2,0
P103096,30,F,Northeast,Medicare,0,70,1,0,46.2,1,0,34.1,5.2,0
P103097,40,M,Midwest,Medicare,1,85,9,2,20.6,2,0,37.6,7.0,0
P103098,31,M,Midwest,Medicaid,1,61,1,0,74.8,1,0,5.1,9.6,0
P103099,37,F,Midwest,Commercial,1,53,6,2,106.7,4,0,37.2,8.0,0
P103100,44,M,Midwest,Medicare,1,18,3,0,37.7,2,1,70.2,8.5,0
P103101,27,F,West,Commercial,2,67,3,2,61.4,2,0,28.2,9.3,1
P103102,19,M,Northeast,Medicare,0,87,2,2,26.3,2,2,32.1,6.0,0
P103103,49,M,Northeast,Commercial,1,34,4,2,65.3,1,0,155.8,4.6,0
P103104,68,F,Northeast,Commercial,2,67,5,1,43.6,3,0,2.4,5.7,0
P103105,39,M,West,Medicare,0,48,3,0,56.1,1,1,100.2,7.4,0
P103106,79,M,Northeast,Medicare,0,50,3,1,84.4,2,0,146.9,7.1,1
P103107,44,F,Northeast,Commercial,1,76,7,0,67.0,0,0,118.2,7.0,0
P103108,82,F,Northeast,Medicare,0,28,5,0,56.7,1,0,17.4,8.4,0
P103109,34,M,West,Medicaid,1,84,3,2,36.4,1,0,61.7,6.7,1
P103110,56,F,Midwest,Commercial,0,94,5,2,77.1,3,0,66.7,5.6,0
P103111,72,F,West,Commercial,1,11,5,0,31.9,4,0,22.0,5.7,0
P103112,22,F,Northeast,Uninsured,2,49,5,3,93.0,5,1,62.5,8.6,1
P103113,84,M,South,Medicaid,1,2,4,1,62.6,2,0,47.5,9.4,0
P103114,44,F,Midwest,Commercial,2,33,4,1,34.1,1,0,10.8,10.0,0
P103115,53,M,Northeast,Medicare,2,36,3,2,22.1,2,0,59.2,6.6,0
P103116,63,F,West,Commercial,1,64,4,2,51.7,2,0,0.0,7.8,0
P103117,64,F,West,Medicaid,2,38,6,0,51.0,0,0,1.1,8.3,0
P103118,19,M,Northeast,Commercial,2,35,3,0,71.4,1,2,44.2,8.0,0
P103119,80,F,West,Commercial,1,74,9,1,34.3,1,0,2.3,8.5,0
P103120,62,F,South,Commercial,1,73,3,0,79.7,1,0,170.9,8.8,1
P103121,89,F,South,Medicare,1,1,4,1,7.0,3,0,89.7,6.1,0
P103122,51,M,West,Commercial,2,33,1,1,62.0,0,1,111.2,6.4,0
P103123,62,F,Midwest,Medicaid,1,73,2,0,41.9,2,0,34.0,8.3,1
P103124,49,F,Northeast,Medicare,0,10,5,0,62.3,2,0,51.9,5.7,0
P103125,82,F,West,Medicare,0,51,7,1,90.1,2,1,42.3,6.4,1
P103126,77,F,Midwest,Medicaid,0,47,2,2,82.6,2,0,12.3,7.8,0
P103127,83,F,Northeast,Commercial,0,67,2,1,68.3,2,0,25.3,6.6,0
P103128,54,M,Midwest,Commercial,2,65,2,0,93.2,1,0,19.2,8.1,0
P103129,74,F,Midwest,Commercial,2,49,3,0,94.2,3,0,30.4,6.2,0
P103130,43,F,South,Medicaid,2,40,4,2,98.4,3,1,1.8,3.2,0
P103131,51,M,South,Commercial,2,76,0,2,44.8,1,0,11.5,8.0,0
P103132,72,M,West,Medicaid,2,37,5,2,78.6,2,0,48.5,7.4,1
P103133,23,F,Northeast,Medicare,2,42,3,0,79.2,2,1,14.2,9.8,0
P103134,69,F,Midwest,Medicare,0,40,3,2,60.2,4,0,55.8,6.8,1
P103135,19,F,West,Medicare,0,33,2,2,85.8,3,0,10.3,7.6,0
P103136,59,M,West,Commercial,3,60,5,3,60.9,1,2,0.1,6.8,0
P103137,52,F,South,Commercial,1,61,1,3,22.8,3,0,80.8,6.2,1
P103138,51,F,South,Medicaid,3,86,4,3,91.7,3,0,40.4,6.6,0
P103139,53,F,West,Commercial,0,43,8,1,44.7,2,0,41.9,5.7,0
P103140,53,F,South,Medicare,0,73,4,2,16.1,4,0,82.2,7.7,0
P103141,47,F,Midwest,Medicaid,1,29,3,0,139.7,1,0,59.5,7.7,0
P103142,50,F,Midwest,Commercial,1,92,7,3,33.0,4,1,63.3,5.8,0
P103143,58,M,Midwest,Commercial,1,87,4,2,76.0,6,0,33.9,9.0,0
P103144,72,M,Midwest,Commercial,0,57,6,1,33.5,0,0,2.3,6.2,0
P103145,57,M,South,Commercial,1,69,3,2,49.4,2,2,91.8,7.5,0
P103146,64,M,South,Uninsured,1,56,5,4,42.5,3,0,15.0,9.0,0
P103147,78,F,South,Uninsured,1,19,3,0,35.1,3,1,6.1,9.8,0
P103148,89,M,Midwest,Commercial,1,90,5,2,81.7,4,1,6.9,3.2,0
P103149,25,M,West,Medicaid,1,71,7,1,116.8,2,0,11.2,9.0,0
P103150,69,M,Midwest,Commercial,0,40,1,4,60.1,3,0,11.5,7.9,0
P103151,34,M,Midwest,Uninsured,0,24,1,1,15.6,3,0,13.4,8.4,0
P103152,32,F,South,Medicaid,1,64,3,0,33.9,1,0,100.3,6.6,1
P103153,75,F,West,Commercial,2,41,0,0,39.1,0,0,53.4,8.8,0
P103154,22,F,South,Medicare,1,79,2,0,62.5,2,0,12.6,9.4,0
P103155,79,F,South,Medicaid,0,21,3,0,49.6,1,1,17.4,8.5,0
P103156,73,F,Northeast,Commercial,2,50,2,1,112.9,3,2,17.7,9.0,0
P103157,89,F,South,Commercial,4,11,4,2,57.6,4,1,61.9,10.0,1
P103158,66,F,Midwest,Medicare,3,68,6,3,80.2,2,2,152.7,10.0,0
P103159,80,M,Northeast,Commercial,0,38,4,0,55.7,2,0,73.5,6.3,0
P103160,26,M,Northeast,Commercial,0,19,5,4,59.0,4,0,37.3,8.7,1
P103161,82,M,West,Commercial,1,53,4,4,51.0,2,0,33.5,9.5,1
P103162,29,F,West,Medicare,0,55,3,0,59.9,4,2,25.1,8.0,1
P103163,40,M,South,Commercial,2,29,5,2,47.6,3,0,85.6,8.6,0
P103164,27,M,South,Medicare,0,90,4,1,60.9,1,1,1.2,4.7,0
P103165,46,M,Midwest,Commercial,2,8,7,3,46.1,1,0,39.8,7.4,0
P103166,71,M,West,Commercial,2,32,6,0,116.7,1,0,70.8,7.0,0
P103167,37,F,South,Medicare,1,24,8,1,69.8,3,2,15.7,5.7,1
P103168,77,F,Northeast,Commercial,0,88,3,0,74.5,5,0,7.6,9.2,0
P103169,61,M,South,Medicare,0,24,7,0,55.8,3,0,111.1,5.3,0
P103170,63,M,South,Commercial,1,21,3,0,23.1,5,0,59.0,9.1,1
P103171,85,F,Midwest,Medicare,2,57,2,1,26.3,2,1,21.1,7.2,0
P103172,49,F,Northeast,Commercial,0,25,1,2,55.6,2,0,15.6,9.5,1
P103173,42,F,Midwest,Medicaid,2,27,4,0,54.8,2,0,74.7,8.2,0
P103174,89,F,Northeast,Commercial,1,24,3,0,69.8,1,0,25.2,7.7,1
P103175,58,M,West,Medicaid,2,51,3,1,64.6,2,0,46.6,7.4,0
P103176,62,M,Midwest,Commercial,2,72,1,2,48.2,5,1,12.9,6.6,0
P103177,39,F,Northeast,Commercial,2,45,2,1,126.3,1,1,29.2,7.9,0
P103178,33,F,West,Medicare,2,85,2,0,68.7,2,1,19.1,3.8,0
P103179,30,F,Midwest,Commercial,3,26,5,1,49.0,3,0,42.8,6.9,0
P103180,34,F,Midwest,Medicare,0,81,3,2,50.6,0,0,43.9,8.6,0
P103181,32,M,Northeast,Medicaid,0,71,5,0,78.0,5,0,4.2,7.3,0
P103182,71,M,Northeast,Medicaid,2,7,5,2,54.4,4,2,219.6,9.1,1
P103183,22,M,West,Medicare,0,64,3,0,83.8,3,0,44.5,6.1,0
P103184,63,F,South,Uninsured,0,95,6,2,57.8,5,0,80.3,5.7,0
P103185,86,M,Midwest,Medicare,0,65,3,1,50.4,6,1,19.0,7.7,0
P103186,73,M,West,Commercial,1,25,4,2,24.1,6,0,17.1,6.4,0
P103187,47,F,South,Medicaid,0,42,4,1,86.0,3,0,41.2,8.5,0
P103188,22,M,South,Commercial,4,83,7,0,32.8,1,1,73.8,6.6,1
P103189,78,M,West,Commercial,1,31,5,0,78.8,5,0,41.2,7.9,1
P103190,18,M,Northeast,Commercial,0,46,6,3,45.1,2,1,78.4,3.2,1
P103191,67,F,South,Commercial,3,57,5,1,81.5,4,0,12.2,6.9,0
P103192,66,F,West,Commercial,0,79,7,0,92.1,3,1,38.5,6.9,0
P103193,31,F,Northeast,Commercial,1,92,5,0,41.2,2,0,15.0,4.4,0
P103194,71,F,South,Medicare,0,67,1,1,39.0,5,1,14.7,7.9,0
P103195,30,F,South,Medicaid,2,42,2,0,115.5,1,0,44.5,7.3,0
P103196,34,M,Northeast,Medicaid,0,39,3,2,71.5,1,2,34.4,6.0,0
P103197,76,F,Northeast,Commercial,3,64,2,1,78.1,3,0,67.2,9.8,1
P103198,88,F,South,Commercial,1,8,5,0,26.2,3,0,16.5,5.7,0
P103199,37,M,West,Medicare,3,43,4,0,34.5,3,1,14.0,9.1,0
P103200,84,F,Northeast,Commercial,0,34,2,0,65.3,4,2,101.2,7.3,0
P103201,83,F,Midwest,Commercial,1,89,4,2,50.5,5,1,5.8,9.2,0
P103202,73,M,South,Medicare,2,82,5,0,34.9,3,1,45.6,8.5,0
P103203,28,F,West,Medicaid,2,26,6,0,67.0,4,1,1.6,4.0,0
P103204,39,F,South,Commercial,0,63,3,0,17.3,2,0,44.3,5.7,0
P103205,66,M,West,Medicare,0,44,4,1,67.6,3,1,54.6,6.0,0
P103206,89,F,South,Medicare,0,79,3,1,37.5,4,0,157.6,10.0,0
P103207,76,F,West,Medicaid,0,47,5,1,77.7,3,0,16.1,9.3,0
P103208,48,F,West,Commercial,1,61,6,0,62.5,3,0,180.7,10.0,0
P103209,34,M,South,Medicaid,0,70,2,2,73.2,1,0,24.5,5.5,0
P103210,87,F,Midwest,Medicaid,1,79,3,3,93.5,0,1,44.5,7.9,1
P103211,37,M,Northeast,Commercial,2,69,4,0,43.3,1,1,3.3,6.2,0
P103212,42,F,South,Medicare,2,29,3,1,35.5,2,0,17.7,10.0,0
P103213,87,M,South,Medicare,0,71,4,1,90.0,2,0,173.6,8.4,0
P103214,58,F,West,Commercial,0,31,4,1,102.3,5,1,49.2,7.1,0
P103215,37,F,West,Medicare,1,70,7,1,92.0,1,0,45.9,6.3,0
P103216,18,M,West,Commercial,1,91,6,0,7.0,1,0,143.6,8.7,0
P103217,48,M,West,Medicaid,0,45,5,0,75.1,3,1,77.1,8.1,0
P103218,88,F,West,Commercial,2,85,4,1,36.6,2,0,25.0,6.9,0
P103219,49,F,West,Medicare,0,15,6,1,82.4,1,0,60.2,6.1,0
P103220,68,F,Midwest,Commercial,2,41,6,0,53.7,3,0,4.4,8.7,0
P103221,36,F,Northeast,Medicare,0,83,4,0,51.6,4,0,2.4,7.4,0
P103222,73,M,West,Medicare,1,70,1,1,50.2,2,0,57.7,6.3,0
P103223,73,F,Northeast,Medicare,0,31,4,1,45.0,1,1,14.1,7.9,0
P103224,61,F,Northeast,Medicare,1,48,2,1,28.0,4,0,8.6,8.8,0
P103225,73,F,West,Commercial,1,11,0,2,50.4,6,0,88.3,7.5,1
P103226,59,F,Northeast,Commercial,1,78,4,0,63.3,1,0,13.5,8.7,0
P103227,45,F,Northeast,Medicare,0,13,8,0,97.4,1,1,43.2,5.9,0
P103228,71,F,Midwest,Commercial,2,54,4,1,72.8,6,1,10.2,10.0,0
P103229,78,F,Midwest,Medicaid,0,48,3,0,52.8,1,1,53.9,6.0,1
P103230,78,M,Northeast,Medicare,3,59,4,1,50.9,2,0,44.4,8.5,0
P103231,33,F,South,Medicaid,0,41,5,3,7.0,2,0,44.9,7.3,0
P103232,66,M,Northeast,Commercial,1,9,6,0,50.2,2,0,14.2,5.8,0
P103233,18,F,South,Medicare,0,64,4,1,63.4,4,0,21.3,6.8,1
P103234,59,F,Northeast,Commercial,1,86,7,1,44.7,8,2,11.1,10.0,0
P103235,59,F,Midwest,Medicaid,1,59,0,2,46.8,3,0,10.5,5.8,0
P103236,44,F,South,Medicare,3,5,2,1,7.0,3,0,24.1,5.8,0
P103237,89,M,West,Medicare,1,11,7,0,25.2,3,1,0.2,5.9,0
P103238,81,M,Northeast,Medicare,1,27,5,1,32.5,1,0,8.6,9.3,0
P103239,20,M,West,Commercial,0,29,6,3,41.9,2,0,25.4,7.8,1
P103240,33,M,West,Medicare,0,12,6,1,7.0,3,0,42.8,6.8,0
P103241,32,F,South,Medicaid,1,86,2,4,55.3,9,0,161.7,7.0,0
P103242,82,F,Midwest,Commercial,3,71,1,1,57.7,3,0,45.7,6.7,1
P103243,55,M,South,Uninsured,1,73,3,1,70.3,4,1,74.1,7.1,1
P103244,70,F,Midwest,Medicaid,2,92,3,2,49.3,3,0,59.1,5.6,0
P103245,76,F,West,Uninsured,0,83,2,0,80.6,4,0,14.7,5.0,0
P103246,73,M,Midwest,Medicaid,1,17,3,1,104.6,2,0,45.9,7.9,1
P103247,24,M,Midwest,Commercial,0,3,7,1,24.8,2,1,10.3,6.4,0
P103248,28,M,West,Medicare,0,70,4,0,28.8,1,0,25.4,8.2,0
P103249,46,F,South,Commercial,0,87,5,1,68.4,4,0,28.3,7.8,0
P103250,42,M,Northeast,Medicaid,4,67,4,2,74.7,4,0,62.5,9.6,0
P103251,71,F,Midwest,Commercial,0,82,5,0,29.5,3,0,15.2,7.8,0
P103252,29,F,Midwest,Medicaid,1,58,2,0,102.2,3,0,34.4,8.6,0
P103253,44,F,Northeast,Commercial,1,43,1,0,36.4,4,1,21.6,6.5,0
P103254,35,M,Midwest,Commercial,1,13,1,2,53.9,2,1,33.9,4.5,1
P103255,31,M,Northeast,Commercial,2,64,4,1,76.7,2,0,35.1,7.0,0
P103256,30,M,South,Medicare,4,28,7,2,95.9,2,1,126.4,6.5,0
P103257,32,F,West,Commercial,1,26,2,1,35.1,4,0,73.1,5.8,0
P103258,58,F,Midwest,Commercial,2,84,3,1,78.5,3,0,94.4,9.0,0
P103259,47,F,Midwest,Commercial,0,63,1,3,57.3,2,1,26.3,6.9,0
P103260,49,M,Midwest,Commercial,2,43,3,1,23.3,2,0,34.5,8.1,0
P103261,52,F,Northeast,Medicaid,0,76,3,1,44.7,2,2,67.5,5.4,0
P103262,71,F,West,Medicare,0,70,4,1,29.9,1,0,27.0,7.8,0
P103263,80,M,South,Commercial,1,46,4,0,77.1,2,0,29.5,9.2,1
P103264,55,F,West,Commercial,1,93,2,2,24.4,3,1,30.9,10.0,0
P103265,64,M,West,Commercial,0,3,2,0,70.9,1,0,102.4,5.0,0
P103266,71,F,Northeast,Commercial,0,47,5,1,59.6,2,0,161.2,8.0,0
P103267,67,M,Midwest,Commercial,0,40,3,1,68.3,0,2,27.8,4.9,1
P103268,27,F,Northeast,Commercial,4,12,4,1,59.9,0,0,69.4,5.3,0
P103269,88,F,Midwest,Commercial,3,69,2,0,37.9,2,0,7.6,8.0,0
P103270,29,F,South,Commercial,1,10,2,0,69.4,0,0,39.0,8.2,0
P103271,47,F,Northeast,Medicaid,0,67,5,2,63.1,5,0,24.4,8.9,0
P103272,64,M,Midwest,Commercial,1,72,0,0,47.0,2,0,5.6,7.3,0
P103273,47,F,West,Medicare,1,47,7,0,123.9,2,1,124.5,9.6,0
P103274,35,F,Northeast,Medicare,2,24,3,1,30.3,2,1,104.1,8.9,0
P103275,84,M,West,Medicaid,1,94,4,3,72.5,0,0,52.8,7.4,0
P103276,23,F,West,Commercial,1,67,8,1,74.7,2,0,21.2,8.8,0
P103277,35,M,Midwest,Medicaid,0,12,5,1,52.7,1,1,26.8,6.9,0
P103278,89,M,West,Medicaid,0,70,4,0,66.1,1,0,10.7,9.5,0
P103279,70,F,South,Uninsured,2,16,3,0,71.0,2,0,6.8,8.0,0
P103280,24,M,Midwest,Medicaid,2,60,6,4,58.0,5,0,38.6,7.1,0
P103281,72,F,Midwest,Commercial,0,25,5,1,45.9,1,1,11.6,6.2,0
P103282,87,F,Midwest,Medicaid,0,61,5,0,57.9,2,0,40.9,7.1,0
P103283,25,F,West,Medicaid,0,77,7,1,44.7,0,0,5.8,8.1,0
P103284,47,M,West,Commercial,3,75,7,2,94.2,2,1,114.6,7.5,1
P103285,51,M,West,Commercial,1,73,4,0,81.8,2,1,20.8,8.8,0
P103286,27,F,Midwest,Medicaid,0,68,1,1,61.8,2,0,28.4,6.9,0
P103287,32,M,West,Commercial,0,74,8,0,41.3,1,1,33.1,8.5,0
P103288,30,F,Midwest,Medicaid,3,86,7,1,52.0,2,0,65.7,3.2,1
P103289,31,M,Midwest,Commercial,0,84,5,1,45.1,1,0,28.7,7.0,0
P103290,47,M,Northeast,Medicare,2,74,0,3,57.4,2,1,0.1,6.9,0
P103291,51,M,South,Commercial,1,43,4,1,19.7,6,0,53.6,3.9,0
P103292,35,M,West,Medicare,2,28,4,1,45.9,2,0,48.6,9.3,0
P103293,38,M,South,Medicare,0,31,7,1,32.4,3,2,16.9,7.4,0
P103294,31,F,Midwest,Medicaid,0,59,5,3,42.3,4,1,9.9,8.4,0
P103295,75,M,West,Commercial,2,58,4,3,105.6,1,1,39.0,6.8,0
P103296,33,M,South,Commercial,0,41,4,0,51.8,3,0,74.1,9.0,1
P103297,83,M,South,Commercial,1,39,4,2,64.7,0,0,1.9,7.7,0
P103298,56,F,Northeast,Commercial,1,69,6,2,54.3,5,0,26.2,8.6,0
P103299,75,M,Northeast,Uninsured,2,50,4,1,75.6,4,0,23.0,7.8,0
P103300,63,F,Midwest,Commercial,2,2,1,1,50.1,4,0,7.9,8.4,1
P103301,37,F,Midwest,Commercial,2,14,3,2,46.2,5,0,52.0,7.7,0
P103302,61,M,South,Medicaid,1,32,4,2,42.8,1,0,78.7,8.2,1
P103303,37,F,South,Commercial,2,38,1,1,41.4,2,3,28.0,7.6,1
P103304,26,M,Northeast,Commercial,3,70,8,3,97.5,7,0,89.3,4.7,0
P103305,36,F,West,Medicare,0,45,3,2,69.5,1,0,33.9,4.9,0
P103306,37,M,Midwest,Commercial,1,41,3,0,44.6,1,1,8.7,6.6,0
P103307,27,M,Northeast,Medicaid,3,9,2,0,81.0,0,0,44.2,9.5,0
P103308,19,F,Midwest,Medicare,4,6,7,2,88.7,5,2,19.3,7.5,0
P103309,85,M,South,Commercial,1,95,2,0,42.1,6,0,59.2,5.1,0
P103310,54,F,West,Medicare,0,82,3,0,52.7,0,1,100.6,7.0,0
P103311,46,M,South,Medicaid,0,4,1,1,60.2,2,2,74.5,6.7,1
P103312,84,M,West,Commercial,1,44,6,2,40.7,3,0,9.3,7.1,0
P103313,34,F,Midwest,Medicare,0,88,3,1,47.6,0,0,10.0,8.8,1
P103314,47,M,Northeast,Commercial,0,68,6,4,47.6,3,1,22.2,8.4,0
P103315,78,F,West,Medicare,2,8,7,4,56.3,1,0,68.2,9.4,0
P103316,63,M,Midwest,Medicare,4,41,4,1,136.5,3,0,38.0,7.0,0
P103317,46,M,South,Commercial,1,82,5,0,37.4,4,0,34.6,8.2,0
P103318,36,F,Northeast,Medicare,2,29,7,3,23.2,0,1,8.5,9.3,0
P103319,20,M,South,Commercial,5,53,5,0,84.5,1,0,9.2,7.4,0
P103320,24,F,Midwest,Medicare,1,31,4,4,64.6,2,0,61.7,3.9,0
P103321,29,F,Northeast,Medicare,0,19,3,0,52.3,1,0,26.5,6.9,0
P103322,74,M,South,Commercial,1,82,5,0,81.6,4,1,21.0,10.0,0
P103323,64,F,Midwest,Commercial,2,22,5,2,29.4,2,1,9.1,8.0,0
P103324,49,M,Midwest,Medicaid,3,56,1,2,67.9,2,0,127.2,7.6,1
P103325,74,F,West,Commercial,2,34,4,2,55.3,3,0,17.2,6.4,1
P103326,29,M,Northeast,Commercial,0,59,6,2,60.9,6,1,19.7,6.6,1
P103327,33,M,West,Commercial,0,76,2,3,61.3,3,1,102.6,7.7,0
P103328,46,F,South,Medicare,0,53,3,0,119.6,1,0,7.1,9.0,0
P103329,84,F,Northeast,Commercial,2,14,3,2,47.4,3,0,6.2,4.9,0
P103330,62,F,West,Medicaid,1,28,2,2,38.9,1,0,108.7,5.6,0
P103331,79,M,Midwest,Medicare,0,24,1,2,73.4,0,0,16.7,8.0,0
P103332,35,F,Midwest,Commercial,4,66,8,0,85.5,1,1,125.3,7.6,0
P103333,79,F,South,Medicare,2,66,3,0,26.2,2,0,34.0,4.1,0
P103334,23,M,West,Commercial,0,14,1,1,69.8,1,0,50.4,6.8,0
P103335,34,F,Northeast,Commercial,1,59,3,1,30.8,1,0,28.3,9.8,0
P103336,55,F,Northeast,Medicare,0,45,5,1,26.1,2,0,30.9,7.4,0
P103337,21,F,Northeast,Commercial,0,40,3,0,54.5,0,0,30.1,5.9,0
P103338,79,F,Midwest,Medicaid,1,82,5,1,43.4,3,0,56.7,7.2,0
P103339,80,M,Northeast,Medicare,3,6,5,2,27.8,4,0,14.9,9.8,0
P103340,56,M,West,Commercial,2,70,6,2,38.7,1,0,34.8,8.4,0
P103341,40,M,Northeast,Uninsured,1,54,0,1,47.0,4,2,18.0,6.2,0
P103342,25,M,Midwest,Medicare,4,25,3,1,75.5,2,0,178.7,8.4,0
P103343,62,F,West,Commercial,2,22,3,0,35.5,3,1,24.6,6.9,0
P103344,56,F,West,Medicare,2,16,2,3,61.8,2,0,51.6,5.3,0
P103345,72,M,South,Uninsured,1,59,3,3,13.9,5,0,55.7,9.2,0
P103346,61,M,Northeast,Commercial,0,63,2,2,54.5,2,3,53.4,8.4,0
P103347,27,M,West,Commercial,0,27,3,3,78.4,1,1,26.5,5.9,1
P103348,26,F,South,Medicare,1,37,2,1,48.0,1,0,7.3,9.1,1
P103349,74,M,West,Commercial,0,94,6,3,73.4,3,0,0.9,3.5,0
P103350,29,M,Northeast,Commercial,3,67,6,1,12.1,3,0,97.5,7.5,0
P103351,85,M,Midwest,Medicare,0,57,5,3,32.1,3,0,117.6,10.0,0
P103352,25,M,Northeast,Medicaid,1,12,6,3,74.0,3,2,18.8,10.0,0
P103353,70,F,South,Medicare,2,55,4,0,75.8,1,0,92.8,6.9,1
P103354,88,F,Northeast,Commercial,1,38,2,0,106.7,3,1,52.0,10.0,0
P103355,49,F,West,Commercial,0,80,3,3,77.6,5,0,110.7,8.6,1
P103356,22,F,Midwest,Commercial,2,19,2,1,89.0,1,1,261.6,7.1,1
P103357,81,M,Northeast,Commercial,1,95,6,1,36.0,0,1,122.1,7.9,0
P103358,31,F,South,Medicare,3,90,3,1,59.9,1,0,6.5,6.7,0
P103359,55,F,South,Commercial,2,75,2,2,25.5,3,0,81.0,8.9,0
P103360,88,F,Midwest,Medicaid,0,48,1,1,87.1,1,2,62.0,6.9,1
P103361,71,M,South,Medicare,0,57,6,1,52.7,0,0,94.1,8.0,0
P103362,21,M,South,Medicare,0,87,6,1,72.1,3,0,5.5,7.1,0
P103363,77,F,West,Medicaid,1,83,2,0,7.0,3,1,13.7,4.5,0
P103364,29,M,Midwest,Medicare,2,77,4,1,7.0,1,0,7.2,6.4,0
P103365,71,F,West,Medicaid,2,18,3,0,104.1,1,1,27.2,7.3,1
P103366,62,F,West,Medicaid,0,39,3,0,146.4,1,1,14.5,7.4,0
P103367,38,F,West,Medicare,2,73,4,1,68.8,2,1,16.0,9.0,0
P103368,48,M,West,Commercial,4,12,6,1,98.7,1,0,6.7,8.6,1
P103369,26,M,Midwest,Commercial,0,65,6,5,41.6,1,0,42.1,6.9,0
P103370,89,M,Midwest,Medicaid,1,35,6,3,20.6,0,1,18.0,6.8,0
P103371,35,F,Midwest,Commercial,1,54,6,2,101.3,2,0,10.1,7.9,0
P103372,40,M,Northeast,Medicaid,1,88,5,1,56.6,0,0,55.1,7.0,0
P103373,54,M,West,Commercial,1,83,2,0,54.7,1,0,53.0,6.7,0
P103374,66,F,Midwest,Medicare,2,35,8,0,101.6,5,1,24.3,6.1,0
P103375,54,F,West,Commercial,1,68,4,1,51.4,2,0,22.7,6.9,0
P103376,54,F,Midwest,Uninsured,4,2,2,0,30.5,0,0,52.4,8.5,0
P103377,59,M,South,Commercial,5,69,9,2,25.3,1,0,40.8,5.7,0
P103378,79,F,South,Commercial,1,14,3,0,59.9,2,0,57.1,8.4,0
P103379,46,F,West,Medicaid,1,87,5,0,81.8,2,0,15.9,10.0,0
P103380,77,M,Midwest,Commercial,2,29,3,1,52.8,3,0,27.8,6.6,0
P103381,74,M,West,Commercial,0,67,4,0,57.2,2,0,56.6,7.1,0
P103382,87,M,Midwest,Medicaid,0,64,4,1,40.6,1,0,14.1,6.7,0
P103383,83,M,Midwest,Medicaid,1,25,5,3,47.1,5,1,38.5,8.1,0
P103384,75,F,Northeast,Commercial,0,80,3,3,99.3,1,0,26.0,7.0,0
P103385,35,M,Northeast,Medicare,1,18,3,2,56.6,0,0,12.7,7.1,0
P103386,73,F,Midwest,Commercial,0,86,3,0,40.6,5,1,106.3,4.8,1
P103387,71,F,Northeast,Commercial,0,49,4,2,101.1,1,0,26.8,7.1,0
P103388,38,M,Northeast,Medicare,3,45,8,1,52.9,1,0,104.5,5.4,0
P103389,66,F,West,Commercial,1,23,4,0,55.6,3,0,73.2,6.2,0
P103390,36,F,Midwest,Medicare,1,1,5,1,53.5,3,0,59.3,9.6,0
P103391,55,M,Northeast,Commercial,0,67,5,1,19.2,0,2,16.2,5.9,0
P103392,75,F,South,Medicaid,1,70,5,1,49.3,5,0,46.7,6.8,0
P103393,31,F,South,Medicare,2,81,8,0,65.0,4,0,43.4,8.6,0
P103394,42,M,Northeast,Commercial,1,92,7,0,49.1,1,1,44.9,7.0,0
P103395,75,M,Midwest,Medicaid,1,28,3,2,84.3,4,0,63.3,8.5,0
P103396,50,M,South,Medicaid,0,54,1,0,34.7,6,0,49.1,10.0,0
P103397,87,F,West,Commercial,1,87,7,0,66.8,3,0,46.0,8.3,1
P103398,18,M,Northeast,Uninsured,0,54,6,1,46.7,2,1,52.0,5.3,0
P103399,69,M,West,Commercial,2,71,5,1,83.1,2,0,23.5,9.3,0
P103400,76,F,Northeast,Commercial,2,68,2,1,97.9,2,1,22.3,6.9,1
P103401,84,F,West,Commercial,1,94,4,0,90.2,3,0,41.7,4.1,0
P103402,29,F,West,Commercial,1,33,4,3,61.5,1,0,36.6,5.4,0
P103403,88,M,South,Medicare,0,19,5,3,58.8,1,2,0.4,7.1,0
P103404,46,F,South,Medicare,2,87,5,2,57.1,3,1,45.9,8.7,0
P103405,43,M,Northeast,Medicaid,3,44,2,1,32.7,2,0,119.5,6.8,1
P103406,43,M,South,Commercial,0,19,4,1,82.1,2,1,18.4,8.0,0
P103407,63,F,Midwest,Commercial,1,61,5,1,7.0,4,0,191.5,6.7,0
P103408,65,M,Midwest,Commercial,1,81,5,3,49.7,3,0,3.0,10.0,1
P103409,52,F,Northeast,Commercial,0,73,2,0,100.0,2,0,41.6,6.2,0
P103410,23,F,Northeast,Medicaid,1,32,6,1,18.8,4,1,1.2,10.0,0
P103411,89,M,Midwest,Medicare,0,87,3,3,71.6,0,0,34.4,7.5,0
P103412,33,F,Midwest,Medicaid,0,4,4,2,78.6,2,1,52.6,8.2,0
P103413,24,M,West,Medicare,0,85,2,1,45.3,3,0,11.7,2.9,0
P103414,61,M,West,Commercial,0,18,4,0,33.4,4,0,27.8,10.0,0
P103415,47,F,Midwest,Commercial,0,23,2,0,17.5,3,0,52.3,5.8,0
P103416,62,F,Midwest,Commercial,1,30,2,3,47.7,0,0,143.6,8.7,1
P103417,81,F,Midwest,Medicaid,1,41,4,1,39.8,5,0,121.3,6.3,0
P103418,25,M,South,Commercial,3,5,5,1,23.3,2,0,159.6,5.1,0
P103419,38,M,Midwest,Commercial,0,69,6,1,84.3,3,0,34.6,9.1,1
P103420,55,F,Northeast,Medicare,0,13,6,0,37.8,3,2,5.2,6.5,0
P103421,74,M,West,Commercial,0,13,3,4,70.8,2,1,17.0,7.3,0
P103422,61,M,West,Medicare,5,1,1,2,37.8,1,0,2.8,7.0,0
P103423,45,M,South,Commercial,2,92,0,1,72.8,2,0,89.6,4.2,1
P103424,61,F,South,Medicare,3,5,6,1,64.6,4,1,42.8,5.3,0
P103425,88,F,South,Commercial,2,71,5,1,85.4,3,1,24.3,3.8,0
P103426,52,F,West,Medicaid,1,61,10,2,19.5,4,0,53.6,5.8,0
P103427,81,F,Northeast,Medicare,1,79,1,2,40.3,1,0,118.9,10.0,1
P103428,74,F,South,Commercial,1,43,3,1,82.5,3,0,36.7,9.7,0
P103429,39,F,Midwest,Medicaid,0,87,6,0,43.2,2,1,20.1,10.0,0
P103430,35,F,Midwest,Medicaid,0,45,3,2,49.7,1,2,14.2,9.3,1
P103431,73,F,South,Medicare,2,17,8,2,73.1,5,0,21.6,8.1,0
P103432,32,F,Northeast,Medicaid,0,86,4,0,52.0,3,1,42.1,10.0,0
P103433,42,M,Midwest,Medicaid,0,41,3,1,62.2,5,0,17.9,6.6,0
P103434,34,M,Midwest,Commercial,2,1,1,2,56.4,3,0,64.9,10.0,0
P103435,61,F,West,Commercial,0,62,2,2,51.0,0,1,33.1,7.6,0
P103436,39,F,Northeast,Commercial,0,31,2,1,25.0,0,0,36.4,7.5,0
P103437,65,F,Northeast,Medicare,0,79,2,1,47.8,1,0,13.5,7.6,1
P103438,85,M,South,Uninsured,0,15,3,0,73.0,2,0,63.0,10.0,0
P103439,77,M,Midwest,Medicare,1,71,4,2,51.5,3,0,71.8,10.0,0
P103440,86,F,Northeast,Commercial,1,79,8,2,71.8,1,0,14.4,5.2,0
P103441,19,M,Northeast,Medicaid,1,12,2,0,51.3,2,1,31.6,9.3,1
P103442,50,M,South,Medicare,1,56,5,1,71.6,1,1,163.3,7.0,0
P103443,33,M,South,Commercial,1,62,1,0,44.0,6,0,124.1,7.4,0
P103444,84,F,Midwest,Medicaid,0,88,5,1,30.3,1,0,5.0,7.6,1
P103445,69,F,Northeast,Commercial,0,28,3,0,81.1,3,0,18.3,9.3,0
P103446,41,M,West,Medicare,1,47,4,1,32.0,5,0,10.8,5.1,0
P103447,58,F,Northeast,Medicare,1,39,4,0,42.1,4,1,143.6,5.1,0
P103448,61,M,South,Medicaid,1,36,2,1,59.7,0,0,39.3,7.6,0
P103449,53,M,West,Commercial,0,95,4,1,14.4,1,0,32.8,4.9,0
P103450,52,F,Midwest,Commercial,1,63,4,0,45.1,1,0,13.7,7.8,0
P103451,21,F,West,Medicare,1,15,4,1,43.0,2,0,22.0,9.3,0
P103452,50,F,Northeast,Medicaid,2,83,6,1,52.7,1,0,0.8,8.3,0
P103453,43,F,Midwest,Commercial,0,10,2,5,53.5,5,1,103.2,8.2,1
P103454,76,M,Northeast,Commercial,1,84,3,0,47.6,2,1,16.5,6.0,0
P103455,80,M,Midwest,Medicaid,1,39,2,0,55.1,6,0,1.3,10.0,0
P103456,72,F,South,Medicaid,1,65,3,2,95.9,2,0,2.4,9.8,1
P103457,20,M,West,Commercial,0,83,2,0,118.1,1,0,7.3,9.9,0
P103458,78,F,Northeast,Commercial,0,83,2,0,72.0,1,0,219.7,8.6,1
P103459,46,M,West,Medicare,0,16,2,1,51.3,0,0,5.0,5.7,1
P103460,47,F,South,Medicare,0,39,2,3,36.8,1,0,141.4,5.2,1
P103461,86,M,Midwest,Medicare,1,8,3,0,41.0,2,0,166.1,9.7,0
P103462,80,M,Midwest,Medicaid,0,62,4,0,53.5,2,1,1.6,6.6,0
P103463,21,F,Northeast,Commercial,2,40,4,3,87.7,1,1,67.3,5.0,0
P103464,43,M,South,Medicaid,4,95,7,1,33.7,3,1,91.7,3.1,0
P103465,71,M,Midwest,Commercial,0,61,4,1,68.3,4,0,1.8,9.4,0
P103466,56,F,West,Medicaid,1,42,0,0,46.3,2,2,63.7,9.5,0
P103467,36,M,West,Commercial,2,15,5,0,83.4,3,1,51.8,10.0,0
P103468,55,M,Midwest,Commercial,2,28,5,3,49.9,2,0,59.6,7.9,0
P103469,80,M,South,Commercial,2,77,4,1,40.3,2,2,32.1,7.7,0
P103470,34,F,South,Commercial,1,14,4,1,42.0,1,0,17.3,3.9,0
P103471,71,M,South,Commercial,0,81,2,2,102.7,1,0,12.5,9.4,0
P103472,70,M,South,Medicare,4,58,8,0,58.1,0,1,87.7,7.2,1
P103473,81,M,South,Medicaid,0,50,2,0,86.5,2,0,27.2,7.4,0
P103474,39,F,West,Medicare,2,46,8,0,67.9,0,0,61.4,6.0,0
P103475,33,F,South,Medicare,3,3,1,2,74.4,3,0,45.9,7.4,0
P103476,57,M,Northeast,Commercial,2,22,4,0,49.8,5,2,27.1,8.1,0
P103477,56,F,Midwest,Medicaid,4,50,2,0,56.4,5,0,26.3,6.9,0
P103478,47,F,Midwest,Commercial,2,47,7,1,32.7,1,0,50.3,5.0,0
P103479,74,F,South,Commercial,0,21,2,1,34.0,5,0,33.8,9.0,0
P103480,75,M,Midwest,Commercial,1,77,7,0,53.2,2,0,2.7,8.3,0
P103481,35,F,West,Commercial,0,43,4,1,50.6,2,0,32.2,7.0,0
P103482,75,M,West,Medicare,1,37,1,1,55.5,1,2,80.3,10.0,0
P103483,34,M,West,Commercial,2,73,4,1,78.4,1,0,152.7,7.1,1
P103484,47,M,Midwest,Commercial,1,15,1,2,105.5,6,0,16.0,7.9,0
P103485,19,M,Northeast,Medicaid,2,6,6,0,34.3,1,0,29.6,3.5,0
P103486,42,F,Midwest,Commercial,3,31,2,1,68.5,5,0,22.5,6.0,0
P103487,87,M,West,Medicare,0,1,6,0,44.3,1,1,63.0,8.2,0
P103488,49,F,West,Commercial,1,36,3,0,17.6,4,1,19.5,7.0,0
P103489,69,M,West,Medicaid,1,13,3,1,118.0,2,0,0.2,8.6,0
P103490,25,F,West,Medicare,1,63,8,0,57.2,2,2,177.1,3.6,1
P103491,63,M,Midwest,Commercial,2,5,2,1,49.5,3,0,0.8,8.6,1
P103492,44,M,Northeast,Medicaid,1,20,3,0,81.3,2,1,4.3,7.2,0
P103493,71,F,South,Commercial,2,25,3,2,119.1,2,1,53.3,10.0,1
P103494,84,M,South,Commercial,0,57,4,2,66.7,2,0,75.1,7.3,0
P103495,56,F,West,Medicare,2,39,2,3,122.5,3,0,57.2,8.6,0
P103496,25,F,West,Medicare,1,74,2,1,58.7,1,0,102.1,8.6,0
P103497,52,F,South,Commercial,1,75,5,0,84.6,3,0,6.5,9.2,0
P103498,26,F,South,Commercial,4,37,7,1,38.9,1,1,17.5,8.1,0
P103499,50,M,Northeast,Commercial,3,3,3,0,39.2,2,1,166.4,7.5,0
P103500,22,M,Northeast,Medicare,0,92,7,2,66.9,3,0,47.6,7.2,0
P103501,64,F,South,Uninsured,1,34,7,0,92.4,2,0,0.9,9.4,0
P103502,40,M,Northeast,Commercial,1,52,9,1,46.8,6,1,23.4,7.0,0
P103503,32,M,South,Uninsured,3,89,6,1,82.7,3,1,34.2,6.5,0
P103504,19,M,West,Commercial,1,62,4,0,68.9,5,0,168.4,8.9,0
P103505,81,F,Midwest,Medicaid,0,55,3,2,52.6,2,0,61.6,9.5,0
P103506,78,M,Midwest,Medicaid,1,33,4,1,77.7,3,0,7.0,10.0,0
P103507,76,F,Northeast,Medicare,0,79,6,1,39.9,1,1,35.4,10.0,0
P103508,22,M,West,Commercial,3,19,5,1,85.4,3,0,17.7,7.8,0
P103509,43,M,Midwest,Commercial,2,46,5,1,54.0,3,0,7.6,8.7,0
P103510,87,M,Midwest,Commercial,2,34,5,0,78.0,4,0,70.7,10.0,0
P103511,59,F,South,Medicare,0,10,1,0,65.2,1,0,69.4,9.4,0
P103512,27,F,Midwest,Uninsured,4,27,3,0,62.2,2,0,15.5,10.0,0
P103513,28,M,West,Commercial,0,18,8,3,7.0,0,0,6.5,9.3,0
P103514,36,F,Midwest,Commercial,1,9,8,1,45.8,4,1,57.6,6.1,0
P103515,88,F,South,Commercial,0,73,3,2,35.1,2,0,70.4,7.1,1
P103516,30,M,Midwest,Medicare,1,68,2,0,73.8,2,0,4.4,4.6,0
P103517,83,M,West,Medicare,0,83,1,2,54.2,5,0,30.4,7.1,0
P103518,66,F,South,Commercial,1,3,6,1,18.2,4,0,41.1,6.5,0
P103519,84,F,West,Medicaid,1,45,2,2,74.1,5,1,6.3,6.3,0
P103520,77,M,Midwest,Commercial,1,63,6,1,55.9,1,1,50.8,7.1,0
P103521,41,F,Northeast,Medicare,1,47,2,0,58.5,2,0,0.2,6.0,0
P103522,77,F,West,Commercial,1,3,5,1,71.5,0,0,47.9,5.4,0
P103523,30,F,Midwest,Commercial,0,43,9,0,66.3,5,0,67.5,9.3,0
P103524,38,F,South,Medicare,1,12,10,2,110.3,2,0,91.0,6.4,1
P103525,33,M,Northeast,Medicare,3,2,3,0,82.8,1,0,10.3,7.0,0
P103526,27,F,West,Commercial,0,70,4,0,61.8,3,0,39.9,9.7,0
P103527,24,F,West,Medicaid,0,10,3,1,68.3,1,1,5.3,6.1,1
P103528,31,F,Northeast,Medicare,3,29,5,1,54.6,7,0,1.8,8.9,0
P103529,26,F,Midwest,Commercial,1,95,5,2,47.8,2,1,33.7,5.2,0
P103530,45,F,Northeast,Uninsured,0,91,4,1,82.1,4,0,10.2,7.7,0
P103531,23,M,South,Medicaid,0,4,5,0,100.4,2,0,33.0,8.7,0
P103532,22,M,Midwest,Commercial,2,39,9,2,55.9,3,1,71.0,6.4,0
P103533,89,F,Northeast,Medicaid,1,34,7,0,73.6,2,0,4.3,9.4,0
P103534,24,F,Midwest,Medicaid,0,60,6,1,37.3,0,0,61.2,8.4,0
P103535,23,F,South,Commercial,0,66,5,1,76.2,1,1,6.4,8.1,0
P103536,20,F,Midwest,Medicare,0,8,3,3,36.9,3,0,2.5,9.5,1
P103537,27,M,West,Commercial,1,41,6,0,65.1,0,1,176.5,9.0,0
P103538,56,F,Northeast,Medicare,3,27,6,1,71.1,5,0,72.4,7.5,0
P103539,77,M,West,Medicaid,1,94,7,2,93.0,1,0,12.8,4.8,0
P103540,70,M,Northeast,Commercial,0,28,5,1,8.6,3,2,13.9,10.0,0
P103541,59,F,Northeast,Medicare,1,4,6,0,100.2,2,0,13.7,6.6,0
P103542,24,M,South,Commercial,2,60,2,1,90.4,1,0,22.0,3.3,1
P103543,73,F,South,Medicare,1,84,5,0,73.3,1,1,145.0,10.0,0
P103544,20,F,Northeast,Medicaid,2,79,3,1,52.4,1,0,94.3,8.6,0
P103545,63,M,South,Commercial,1,13,2,1,86.7,4,0,2.0,7.6,0
P103546,47,F,West,Medicare,1,71,4,1,107.3,1,0,3.4,7.4,0
P103547,81,M,Midwest,Commercial,1,20,6,2,53.4,3,1,13.4,9.1,0
P103548,40,M,Midwest,Medicare,1,14,5,0,96.5,2,1,12.1,10.0,0
P103549,63,F,Northeast,Medicare,2,51,5,1,84.8,2,0,22.3,6.8,1
P103550,49,M,Northeast,Medicare,0,77,4,1,91.4,4,0,8.7,6.0,0
P103551,55,F,South,Commercial,3,83,5,2,79.7,0,0,30.5,7.1,0
P103552,85,M,West,Medicare,3,59,3,0,60.6,5,0,2.1,5.0,0
P103553,69,F,West,Medicare,0,40,8,0,30.6,2,1,126.7,7.2,1
P103554,47,F,Northeast,Medicare,4,56,4,3,48.1,4,1,1.2,9.8,0
P103555,50,F,South,Medicare,4,28,3,2,77.3,1,0,23.4,7.8,0
P103556,68,M,South,Medicaid,0,13,2,0,55.2,1,0,7.4,8.3,0
P103557,42,F,Midwest,Commercial,2,39,4,0,12.5,2,0,56.5,9.3,0
P103558,30,M,Northeast,Commercial,2,17,0,3,45.4,1,0,21.0,7.0,1
P103559,51,F,South,Uninsured,4,9,5,0,32.4,2,0,34.3,5.4,0
P103560,22,F,West,Commercial,0,71,0,2,66.6,1,0,86.3,7.2,1
P103561,30,F,South,Medicaid,2,80,0,1,81.8,1,0,19.4,7.3,0
P103562,48,F,West,Medicare,1,72,6,2,65.7,1,0,50.3,9.0,0
P103563,75,M,Midwest,Medicaid,0,87,1,2,23.1,1,0,41.0,8.9,0
P103564,74,F,Midwest,Medicare,2,47,1,1,50.7,2,0,119.3,3.8,1
P103565,36,M,South,Medicaid,0,65,1,0,34.1,4,1,36.7,4.7,0
P103566,48,M,West,Medicare,2,20,4,0,56.8,2,0,19.1,9.6,0
P103567,29,F,Northeast,Medicare,2,43,9,0,79.4,4,0,128.1,5.4,0
P103568,72,M,West,Commercial,2,10,7,1,62.8,1,1,50.8,9.4,0
P103569,35,M,West,Commercial,0,59,3,0,61.2,3,0,180.3,2.9,0
P103570,75,M,Midwest,Commercial,0,42,3,2,99.9,2,0,77.2,10.0,0
P103571,78,M,West,Uninsured,5,53,3,0,38.1,2,1,20.6,7.6,0
P103572,67,M,Midwest,Commercial,0,82,0,1,88.4,5,1,110.9,9.6,0
P103573,41,M,Midwest,Medicaid,2,5,4,0,53.0,0,0,39.4,7.8,0
P103574,86,F,Northeast,Medicare,1,43,6,2,123.2,3,0,80.8,10.0,1
P103575,67,M,Northeast,Commercial,1,38,4,0,67.4,3,0,209.0,10.0,0
P103576,64,F,Northeast,Uninsured,2,71,5,1,15.4,6,0,121.7,7.3,0
P103577,79,M,Northeast,Commercial,1,63,5,2,51.0,2,0,1.1,4.9,0
P103578,81,M,West,Medicare,1,69,5,2,28.6,2,0,10.3,4.4,0
P103579,23,M,Northeast,Medicare,2,81,6,1,113.7,2,0,25.5,5.8,0
P103580,81,M,Northeast,Commercial,0,29,3,0,42.5,5,0,31.3,5.9,1
P103581,73,M,West,Commercial,3,35,4,1,91.6,0,1,31.0,10.0,0
P103582,32,M,South,Medicare,1,33,3,2,84.1,3,0,25.1,6.6,1
P103583,40,F,West,Commercial,0,78,2,2,31.2,4,0,50.6,8.2,0
P103584,72,F,West,Medicaid,1,45,8,0,22.2,1,4,51.4,4.8,0
P103585,33,F,Midwest,Medicare,2,72,8,1,84.9,6,1,45.8,6.9,0
P103586,50,F,West,Commercial,2,24,1,1,51.7,3,0,38.0,7.6,0
P103587,67,M,West,Commercial,2,89,4,1,60.5,4,0,2.5,7.5,0
P103588,64,M,Northeast,Commercial,1,46,4,3,64.2,1,1,108.2,5.2,0
P103589,83,F,Northeast,Medicaid,0,94,3,0,7.0,5,0,53.0,8.7,0
P103590,26,F,South,Medicare,2,43,2,0,58.3,1,0,24.3,9.0,0
P103591,39,M,Midwest,Commercial,1,4,4,0,88.7,1,2,5.3,7.0,0
P103592,88,F,West,Medicare,3,25,6,1,16.0,2,0,64.4,3.7,0
P103593,58,M,Northeast,Medicare,0,42,2,2,80.4,2,0,21.7,8.6,0
P103594,35,M,Northeast,Medicare,2,13,3,1,54.6,1,1,3.1,8.0,1
P103595,38,F,South,Commercial,1,74,4,1,31.6,3,0,62.6,10.0,0
P103596,42,F,South,Commercial,0,34,2,1,68.7,1,0,47.4,5.6,0
P103597,57,F,West,Commercial,2,79,1,0,59.6,6,1,57.2,10.0,0
P103598,38,F,South,Medicare,4,92,1,1,94.1,1,1,43.1,6.6,0
P103599,62,F,West,Medicare,1,8,1,3,46.0,1,1,43.6,10.0,1
P103600,50,F,Northeast,Commercial,1,27,4,2,92.2,2,1,91.0,6.2,1
P103601,61,F,Northeast,Commercial,0,58,2,1,59.1,4,1,74.5,8.2,0
P103602,29,F,West,Medicare,2,83,2,1,70.8,3,0,149.9,4.3,1
P103603,62,F,Northeast,Commercial,1,86,3,2,51.2,2,0,4.1,7.1,0
P103604,84,M,Northeast,Medicare,0,19,8,3,36.0,3,0,30.6,7.2,1
P103605,27,F,Midwest,Commercial,0,22,2,0,83.6,3,0,34.5,8.2,0
P103606,41,M,Northeast,Commercial,3,19,6,1,58.8,3,0,25.1,6.9,0
P103607,67,F,Northeast,Medicare,1,33,11,3,51.8,4,1,4.2,7.2,0
P103608,62,F,South,Commercial,0,59,5,1,84.9,2,1,25.7,9.5,0
P103609,66,F,Midwest,Medicare,1,38,7,0,97.5,0,0,10.3,6.3,0
P103610,58,M,Midwest,Commercial,1,70,2,1,46.7,2,1,10.4,6.7,0
P103611,67,F,Midwest,Commercial,1,38,4,0,101.1,1,0,44.2,8.2,0
P103612,61,F,Northeast,Medicare,2,57,3,0,40.5,2,0,25.3,7.7,0
P103613,23,F,South,Commercial,0,54,2,3,65.3,3,0,1.7,7.2,0
P103614,72,M,South,Medicare,1,25,8,1,81.5,4,0,9.6,7.6,0
P103615,50,F,South,Medicaid,0,6,5,0,7.0,2,0,58.5,5.1,0
P103616,21,F,Midwest,Uninsured,1,21,3,1,35.6,2,3,101.5,10.0,0
P103617,47,M,Northeast,Commercial,0,75,4,2,49.3,1,0,7.7,6.5,0
P103618,49,F,Midwest,Commercial,1,71,6,0,66.7,4,0,212.8,5.9,0
P103619,24,F,West,Commercial,1,12,3,1,60.0,1,0,77.0,7.9,0
P103620,89,M,Midwest,Medicaid,1,37,2,2,7.0,4,0,6.1,5.4,1
P103621,34,F,South,Commercial,1,78,2,1,50.1,1,0,185.2,6.8,0
P103622,41,F,South,Commercial,2,77,0,1,20.7,5,0,13.3,9.7,0
P103623,49,F,Midwest,Medicare,0,2,5,2,44.4,6,1,2.7,7.5,1
P103624,77,F,Midwest,Commercial,1,75,4,1,51.2,1,0,74.2,6.2,0
P103625,71,M,South,Medicare,1,75,5,3,65.1,6,2,6.0,5.4,0
P103626,73,M,Northeast,Medicare,0,12,3,1,48.5,2,1,92.3,8.1,1
P103627,35,M,Midwest,Medicare,0,34,7,0,60.5,5,0,26.0,5.9,0
P103628,78,F,Midwest,Medicare,3,6,5,1,46.2,1,0,38.5,5.8,0
P103629,77,M,Northeast,Commercial,1,63,7,0,68.0,4,1,31.3,8.1,0
P103630,51,M,Midwest,Medicare,2,82,4,0,27.1,3,0,16.3,9.0,0
P103631,57,F,Northeast,Medicare,0,18,2,2,58.0,2,0,62.6,6.2,0
P103632,20,M,Midwest,Commercial,0,34,5,1,31.1,3,0,71.9,4.7,0
P103633,72,M,Midwest,Medicaid,2,52,4,0,49.6,4,0,65.2,6.8,0
P103634,87,M,Northeast,Medicaid,3,7,3,1,64.8,3,1,3.3,8.6,0
P103635,52,F,Midwest,Medicaid,0,29,4,1,37.2,3,1,20.3,8.1,0
P103636,56,F,Northeast,Medicare,1,21,5,1,56.4,2,0,65.0,6.2,0
P103637,53,M,South,Commercial,0,1,6,0,50.7,4,1,41.0,8.2,0
P103638,23,M,Midwest,Commercial,0,64,5,1,111.0,2,1,51.7,6.2,0
P103639,62,F,South,Commercial,1,69,8,0,68.4,3,0,5.5,5.5,0
P103640,69,F,West,Commercial,2,8,5,1,72.0,0,0,7.6,10.0,0
P103641,84,M,West,Commercial,5,13,3,2,37.6,0,0,65.7,9.6,1
P103642,84,F,West,Commercial,0,7,3,0,7.0,4,2,15.7,5.8,0
P103643,53,F,Northeast,Commercial,3,90,6,1,44.3,5,0,13.9,8.4,0
P103644,87,M,Northeast,Medicaid,1,55,3,0,18.8,2,0,1.7,5.0,0
P103645,56,F,Northeast,Commercial,1,52,3,1,64.9,4,0,39.8,10.0,0
P103646,64,F,Midwest,Medicare,2,9,5,1,66.2,1,0,36.5,8.7,0
P103647,61,F,South,Medicaid,1,1,4,2,64.5,2,0,93.3,7.9,0
P103648,89,M,Midwest,Medicare,1,89,8,1,57.5,2,1,5.8,5.1,0
P103649,71,F,South,Commercial,0,90,5,0,37.1,2,1,13.2,9.4,0
P103650,26,M,Northeast,Medicare,1,52,5,1,41.0,7,0,82.1,8.1,0
P103651,23,M,Midwest,Medicaid,2,13,2,0,69.6,3,0,10.1,8.4,0
P103652,47,M,Midwest,Medicaid,1,3,4,1,109.1,6,1,21.4,9.6,0
P103653,55,M,Midwest,Commercial,3,80,2,0,65.4,0,0,4.0,8.6,0
P103654,66,M,South,Commercial,3,51,5,0,68.5,2,0,13.3,5.3,0
P103655,52,F,Midwest,Medicare,1,32,1,0,106.8,3,0,1.0,9.5,0
P103656,55,M,West,Commercial,1,2,3,1,58.9,5,0,3.5,6.1,1
P103657,84,M,Midwest,Medicaid,1,54,2,0,35.9,3,0,29.0,6.9,0
P103658,42,M,West,Medicare,0,84,2,2,68.8,5,0,10.5,6.9,0
P103659,53,F,South,Medicaid,1,80,5,1,100.8,0,0,3.3,5.1,1
P103660,58,F,Northeast,Uninsured,1,70,6,1,81.9,1,1,146.6,6.1,0
P103661,51,M,West,Medicare,0,5,4,1,64.9,1,1,51.4,5.5,0
P103662,87,F,South,Medicaid,0,72,4,0,11.8,3,1,193.9,5.6,0
P103663,87,M,Northeast,Medicare,0,65,8,1,21.3,1,1,111.4,7.3,1
P103664,54,F,Northeast,Commercial,1,80,7,0,68.3,1,1,152.1,8.9,0
P103665,50,M,South,Medicaid,2,15,5,1,51.2,2,0,49.0,10.0,0
P103666,60,M,Northeast,Medicare,0,82,8,0,57.6,0,0,31.5,8.5,0
P103667,31,F,Midwest,Uninsured,1,69,4,1,84.3,6,0,39.8,10.0,0
P103668,48,F,Midwest,Commercial,2,73,4,2,28.5,4,0,61.9,5.4,0
P103669,33,M,South,Commercial,0,16,5,0,44.4,2,0,24.5,10.0,0
P103670,28,F,Northeast,Medicaid,3,82,4,1,90.0,1,1,20.2,6.9,0
P103671,24,F,Northeast,Commercial,0,3,4,0,28.7,4,0,0.4,10.0,0
P103672,60,F,West,Medicare,2,22,4,0,89.0,0,1,27.2,5.8,0
P103673,18,F,South,Medicare,1,15,5,0,68.8,4,0,28.8,9.4,0
P103674,64,M,Northeast,Commercial,1,23,3,1,56.8,4,1,19.6,5.3,1
P103675,49,F,Midwest,Commercial,1,60,3,2,63.7,3,0,70.5,5.5,1
P103676,44,F,West,Medicaid,1,88,4,1,69.2,5,0,74.9,10.0,0
P103677,73,M,Northeast,Commercial,2,94,4,2,76.4,3,0,164.3,6.0,0
P103678,56,F,West,Medicare,1,11,2,0,9.1,5,0,43.0,7.9,0
P103679,70,F,Midwest,Medicare,1,93,4,0,91.7,0,0,42.9,5.4,0
P103680,69,M,South,Medicare,0,11,6,1,66.1,1,0,25.3,7.6,0
P103681,20,M,West,Commercial,1,71,3,2,88.8,2,0,0.8,10.0,0
P103682,33,M,South,Commercial,0,18,3,1,71.2,3,0,97.1,8.0,0
P103683,59,M,Midwest,Medicaid,3,79,3,3,114.6,2,0,4.1,6.5,0
P103684,88,F,Northeast,Commercial,2,34,5,0,42.2,0,0,7.2,6.8,0
P103685,29,F,Northeast,Commercial,0,84,6,1,100.4,0,0,7.5,7.3,0
P103686,25,M,West,Medicaid,1,52,2,1,38.5,8,0,23.4,7.6,0
P103687,85,M,West,Commercial,0,51,6,0,73.6,3,1,62.2,8.2,0
P103688,87,M,Northeast,Commercial,0,42,5,0,86.5,2,0,5.4,8.9,0
P103689,30,F,Northeast,Uninsured,2,22,6,0,60.5,4,0,2.9,6.4,0
P103690,46,F,Midwest,Commercial,1,49,7,0,11.3,4,0,47.8,8.6,0
P103691,63,F,West,Commercial,0,63,1,1,63.3,0,0,13.2,4.5,0
P103692,32,M,Midwest,Commercial,0,14,3,1,48.2,5,0,33.2,7.9,0
P103693,41,M,Midwest,Medicaid,0,14,8,1,82.6,2,1,71.5,6.1,0
P103694,46,F,South,Medicaid,1,41,1,1,37.8,3,1,27.3,7.2,0
P103695,64,F,Northeast,Medicaid,2,80,4,1,46.4,1,1,78.3,8.4,0
P103696,40,F,West,Uninsured,3,34,5,2,43.2,2,1,12.7,10.0,0
P103697,47,F,West,Commercial,1,40,7,1,52.2,1,0,5.9,7.0,0
P103698,38,M,South,Medicare,0,92,5,0,62.1,3,1,9.4,8.1,0
P103699,72,M,Midwest,Commercial,1,26,6,2,74.3,1,0,86.3,7.9,1
P103700,29,F,Northeast,Medicaid,1,35,2,3,72.3,2,0,23.3,4.3,0
P103701,34,M,South,Medicaid,2,81,5,0,28.0,2,1,95.5,8.0,0
P103702,35,M,Northeast,Commercial,1,50,3,0,38.4,5,0,53.0,10.0,0
P103703,83,F,South,Medicaid,0,11,1,0,45.3,1,0,44.7,9.2,0
P103704,86,F,Northeast,Medicare,3,21,5,0,51.3,1,1,56.4,6.8,1
P103705,54,F,Midwest,Commercial,1,93,2,2,38.3,2,0,25.7,6.8,0
P103706,29,F,Northeast,Medicare,0,78,7,1,41.3,0,0,75.8,6.5,0
P103707,72,M,Midwest,Uninsured,3,91,4,2,92.4,1,0,73.4,8.7,1
P103708,53,M,Midwest,Commercial,2,46,3,1,67.7,1,0,22.4,7.6,1
P103709,79,F,West,Commercial,0,58,1,0,32.4,2,1,56.6,4.9,0
P103710,43,F,Northeast,Uninsured,1,14,5,0,70.0,3,1,49.0,8.7,1
P103711,89,M,South,Commercial,0,68,3,1,49.7,6,2,8.8,8.5,0
P103712,76,F,Northeast,Commercial,1,55,5,0,106.2,5,1,23.7,7.5,0
P103713,34,M,Midwest,Medicare,3,4,2,0,44.2,5,0,0.7,7.9,0
P103714,70,M,Northeast,Medicare,0,81,6,1,47.6,3,1,54.0,6.0,0
P103715,38,M,Midwest,Commercial,1,42,1,0,52.6,1,1,64.2,10.0,1
P103716,43,M,West,Commercial,2,95,3,1,32.4,3,2,31.7,4.9,0
P103717,36,M,Midwest,Medicaid,0,85,2,0,71.6,3,0,21.3,7.4,0
P103718,67,M,Northeast,Medicare,0,40,4,1,61.2,1,0,35.1,7.5,0
P103719,36,F,South,Medicare,1,2,4,2,68.5,2,0,64.1,6.8,0
P103720,63,F,Midwest,Medicaid,1,14,5,1,60.7,1,0,77.5,7.6,0
P103721,59,F,South,Commercial,0,28,6,5,64.6,0,0,9.9,5.7,0
P103722,72,F,South,Medicaid,2,29,3,2,100.6,10,0,52.8,6.5,0
P103723,89,F,West,Medicaid,0,34,4,1,73.7,3,1,44.4,5.8,1
P103724,18,F,West,Medicaid,0,91,3,1,15.1,2,2,26.5,7.2,0
P103725,89,F,South,Commercial,2,65,4,3,67.8,0,0,68.2,10.0,0
P103726,25,F,South,Commercial,2,19,1,3,89.2,2,0,13.7,8.4,0
P103727,55,F,Northeast,Medicare,0,67,1,2,7.0,1,0,49.1,5.2,0
P103728,42,M,South,Medicaid,1,6,2,6,30.9,0,1,33.1,7.0,0
P103729,64,M,Midwest,Uninsured,0,7,1,3,75.0,4,1,16.9,7.5,0
P103730,69,M,Midwest,Commercial,4,62,2,2,84.3,5,0,35.2,6.3,0
P103731,79,M,South,Medicare,2,21,1,2,64.3,2,0,34.2,6.7,0
P103732,46,M,Northeast,Commercial,4,42,7,1,70.9,1,1,72.1,9.8,0
P103733,85,M,Northeast,Medicare,2,79,2,2,94.3,2,0,26.3,4.4,1
P103734,41,F,Northeast,Medicaid,2,37,3,0,47.2,4,0,31.5,8.3,0
P103735,32,M,Northeast,Medicaid,1,19,5,2,36.5,6,0,13.8,4.2,0
P103736,45,F,Northeast,Commercial,0,95,4,1,53.7,1,1,63.1,8.0,0
P103737,56,M,Midwest,Uninsured,0,28,7,2,64.4,3,0,55.9,5.9,0
P103738,66,M,West,Commercial,1,63,6,1,67.9,5,1,77.9,8.7,0
P103739,77,F,West,Medicare,2,16,2,2,79.3,3,0,2.6,10.0,0
P103740,34,M,Midwest,Medicare,2,16,4,1,101.6,3,1,13.3,7.4,1
P103741,39,F,South,Medicare,1,72,6,1,64.6,1,1,57.8,9.9,0
P103742,85,F,West,Medicaid,1,86,3,0,28.7,2,0,120.4,8.7,0
P103743,49,F,Northeast,Medicare,3,3,6,2,40.7,1,1,23.5,8.3,0
P103744,35,F,Midwest,Commercial,1,93,3,2,63.4,1,0,18.5,5.6,0
P103745,88,F,West,Commercial,1,29,3,2,96.3,2,1,149.6,9.5,1
P103746,50,M,Midwest,Medicare,1,94,2,1,76.4,1,2,35.2,8.3,0
P103747,88,M,South,Medicare,2,51,5,1,37.8,4,1,0.2,5.6,0
P103748,84,F,Midwest,Medicare,0,73,5,4,43.7,2,0,16.0,5.8,0
P103749,83,M,West,Commercial,2,1,5,3,52.7,5,0,72.5,6.5,0
P103750,59,F,Northeast,Commercial,0,15,4,3,61.9,1,1,1.0,5.9,0
P103751,75,F,Midwest,Medicaid,3,91,2,0,53.2,2,0,9.8,7.2,1
P103752,87,M,Northeast,Medicare,1,16,5,1,38.1,2,0,28.5,8.5,0
P103753,37,M,Northeast,Medicare,1,83,3,0,41.2,6,0,142.6,7.1,0
P103754,20,F,West,Medicare,1,12,5,0,58.2,1,0,53.6,7.9,0
P103755,41,F,South,Commercial,1,62,2,1,65.2,3,0,0.4,5.3,0
P103756,63,M,Northeast,Commercial,0,36,2,0,35.7,2,0,33.3,9.4,0
P103757,57,M,South,Commercial,1,42,5,1,68.0,2,0,25.9,9.1,0
P103758,23,F,Northeast,Medicare,0,68,6,2,105.4,3,0,22.0,10.0,0
P103759,58,F,West,Commercial,2,15,3,2,65.2,1,0,45.0,5.6,1
P103760,30,F,West,Commercial,1,33,8,0,66.8,2,0,74.8,5.4,0
P103761,54,M,Northeast,Uninsured,1,53,7,0,25.7,3,0,36.1,5.1,0
P103762,59,M,Northeast,Commercial,1,35,4,2,78.4,2,2,14.0,9.7,0
P103763,63,M,West,Medicare,3,23,5,0,45.5,2,3,68.5,5.0,0
P103764,47,F,West,Commercial,1,5,7,0,86.8,3,0,24.7,6.7,1
P103765,47,M,West,Commercial,1,61,3,2,105.0,2,0,35.1,4.7,0
P103766,66,M,Midwest,Commercial,0,6,10,2,43.1,2,0,54.1,7.6,0
P103767,71,F,West,Medicaid,1,14,3,3,43.8,4,2,6.5,7.9,1
P103768,76,M,South,Medicare,0,23,5,4,73.3,7,0,259.2,8.3,1
P103769,42,F,West,Medicare,2,69,3,0,28.2,2,1,200.6,7.3,1
P103770,48,F,West,Uninsured,1,12,6,1,62.5,2,1,13.6,5.4,0
P103771,41,M,Northeast,Commercial,2,31,3,1,52.8,1,1,48.0,8.4,0
P103772,55,F,Northeast,Medicare,2,8,5,0,58.0,3,0,87.7,7.6,0
P103773,27,M,Midwest,Commercial,3,48,1,0,9.5,1,2,302.9,7.6,0
P103774,48,F,West,Medicare,1,18,3,3,72.7,2,0,58.3,5.9,0
P103775,31,F,West,Medicaid,1,16,6,2,121.4,3,0,17.5,8.2,0
P103776,56,F,Northeast,Commercial,1,31,4,0,49.6,6,1,54.9,9.0,0
P103777,79,M,South,Uninsured,3,25,3,1,24.0,2,0,77.9,6.0,0
P103778,88,F,West,Medicare,1,5,3,3,80.0,4,0,58.7,5.1,0
P103779,50,M,Northeast,Commercial,1,43,1,0,38.3,2,0,13.0,8.8,0
P103780,22,F,Midwest,Commercial,2,48,8,1,60.8,2,0,3.2,4.3,1
P103781,34,F,South,Medicare,0,44,6,0,42.3,1,0,1.1,5.7,0
P103782,25,M,Northeast,Medicare,1,42,4,4,24.3,4,1,103.7,6.1,1
P103783,72,F,Northeast,Commercial,1,95,5,1,67.8,1,0,85.3,6.0,1
P103784,88,M,Midwest,Medicare,1,27,1,2,42.8,2,0,8.8,8.8,0
P103785,57,F,West,Commercial,0,32,6,1,20.0,4,0,7.3,9.6,0
P103786,30,F,Northeast,Uninsured,0,49,4,0,67.3,0,1,0.4,9.3,0
P103787,19,M,South,Commercial,3,9,5,0,131.8,2,0,24.0,5.8,0
P103788,88,M,Northeast,Medicare,0,94,5,0,85.4,0,1,75.3,10.0,1
P103789,40,M,Midwest,Medicaid,0,50,4,1,59.0,3,0,93.0,5.2,1
P103790,26,F,West,Medicare,1,67,1,1,135.8,0,0,17.0,7.9,0
P103791,30,F,West,Medicaid,0,31,3,1,16.1,2,1,1.1,7.8,0
P103792,36,M,South,Medicaid,1,66,4,1,74.4,2,0,10.1,10.0,0
P103793,65,M,South,Commercial,2,84,1,1,105.8,4,1,0.1,8.4,0
P103794,82,M,South,Commercial,1,55,3,1,34.5,5,0,4.8,10.0,0
P103795,37,M,West,Medicare,1,20,4,4,67.5,2,0,16.3,5.9,0
P103796,67,M,South,Commercial,1,65,3,3,44.2,3,0,61.8,9.0,0
P103797,22,F,Northeast,Medicare,2,82,1,1,51.5,1,2,32.1,9.6,0
P103798,18,M,West,Commercial,0,66,4,0,70.3,1,1,113.5,8.5,0
P103799,21,F,Northeast,Medicaid,0,64,4,0,15.9,3,0,3.4,6.0,0
P103800,84,F,West,Medicare,0,45,6,2,34.8,4,0,16.4,7.0,0
P103801,59,M,Northeast,Medicare,2,18,3,1,61.0,0,1,48.6,8.6,1
P103802,75,F,Midwest,Commercial,0,69,2,1,16.1,2,1,69.3,8.9,0
P103803,19,F,South,Uninsured,2,39,9,0,50.8,3,2,75.0,5.8,0
P103804,19,M,Midwest,Medicare,2,22,0,1,22.0,1,1,3.3,5.5,0
P103805,79,M,South,Medicaid,5,47,3,1,23.4,2,1,6.3,9.8,0
P103806,25,M,South,Medicaid,2,3,3,0,83.0,4,2,17.3,9.3,0
P103807,29,M,South,Commercial,3,50,2,0,62.5,3,1,74.6,9.8,0
P103808,55,F,West,Commercial,3,52,6,2,54.5,1,0,44.6,10.0,0
P103809,61,M,Northeast,Commercial,0,38,3,1,49.0,1,0,28.9,7.8,0
P103810,34,F,Northeast,Medicare,0,67,4,0,67.9,0,0,18.6,4.7,0
P103811,50,F,Northeast,Medicare,0,56,4,3,48.0,2,2,23.7,10.0,0
P103812,66,F,Midwest,Commercial,0,35,4,1,41.2,5,0,8.3,7.3,0
P103813,49,F,Midwest,Uninsured,1,69,0,1,86.2,1,0,10.8,10.0,0
P103814,45,F,Midwest,Commercial,2,12,1,3,44.6,1,1,44.9,6.0,1
P103815,23,F,Northeast,Medicaid,1,49,2,0,93.5,4,0,82.9,9.3,0
P103816,50,M,West,Medicare,2,14,2,0,46.1,2,1,30.6,5.6,0
P103817,75,F,West,Commercial,1,58,2,0,78.8,2,1,51.5,10.0,0
P103818,63,F,West,Commercial,1,2,1,1,66.4,4,0,11.4,4.7,0
P103819,82,M,West,Medicare,1,82,4,1,74.0,3,0,30.8,7.6,0
P103820,27,M,South,Medicaid,1,3,1,3,67.2,2,0,35.5,7.3,1
P103821,18,M,Midwest,Commercial,0,48,3,5,77.8,3,2,121.6,6.3,1
P103822,57,F,South,Medicare,1,64,1,1,96.4,1,0,88.4,7.5,1
P103823,30,F,Midwest,Medicare,3,40,3,1,38.0,1,1,166.7,6.2,1
P103824,60,M,South,Commercial,1,21,8,1,97.2,1,0,13.0,7.0,0
P103825,83,M,Midwest,Medicare,3,24,9,1,52.6,1,0,20.7,7.8,0
P103826,42,F,West,Commercial,2,81,2,1,14.7,0,0,17.7,6.0,0
P103827,57,M,Midwest,Medicaid,4,13,1,1,77.1,3,1,9.7,7.3,1
P103828,67,M,West,Medicare,4,68,5,1,80.7,1,0,39.6,8.8,0
P103829,28,M,West,Commercial,3,28,4,0,72.6,3,0,5.0,5.9,0
P103830,82,F,Northeast,Medicaid,2,2,5,0,51.5,3,1,53.3,7.7,1
P103831,32,M,West,Commercial,1,39,4,1,36.5,3,0,31.8,5.5,0
P103832,76,F,West,Medicaid,3,9,5,2,46.8,2,0,36.4,10.0,0
P103833,65,M,South,Medicare,2,73,0,3,64.2,4,0,7.7,8.2,1
P103834,28,F,Midwest,Commercial,0,74,2,0,53.1,2,0,30.7,5.1,0
P103835,70,F,Midwest,Medicare,4,21,3,2,33.9,0,0,14.0,10.0,0
P103836,32,F,West,Commercial,0,74,3,0,53.5,4,0,11.5,8.2,0
P103837,61,M,West,Medicaid,1,67,1,1,39.2,2,2,83.6,5.9,0
P103838,87,M,Northeast,Medicaid,0,65,3,1,43.2,2,0,36.9,10.0,0
P103839,86,M,Northeast,Medicare,2,8,5,1,78.2,1,0,54.5,7.2,1
P103840,80,M,Northeast,Medicare,1,13,9,2,30.3,3,0,98.7,4.6,0
P103841,53,M,Midwest,Medicare,1,16,5,0,68.2,4,0,36.2,9.7,0
P103842,58,M,West,Commercial,1,78,0,0,46.5,2,1,57.9,8.0,0
P103843,39,F,Midwest,Commercial,2,32,5,1,66.8,3,1,14.6,10.0,0
P103844,84,M,Northeast,Medicaid,2,51,3,1,36.9,3,1,4.3,7.7,0
P103845,52,F,Midwest,Commercial,0,45,5,1,54.5,5,1,4.2,6.2,0
P103846,73,F,South,Commercial,2,95,5,0,38.5,2,0,27.6,5.3,0
P103847,43,F,South,Commercial,0,18,7,1,67.3,0,0,18.3,6.1,0
P103848,71,F,West,Uninsured,2,74,1,0,14.3,4,0,13.6,6.2,0
P103849,34,M,South,Medicaid,1,11,2,1,57.5,3,3,18.0,4.6,1
P103850,70,M,Midwest,Commercial,3,93,3,2,26.9,5,2,18.5,6.1,1
P103851,21,F,Northeast,Commercial,2,54,7,0,43.5,5,0,8.9,7.2,0
P103852,25,M,South,Medicaid,0,26,5,1,51.4,1,1,8.4,7.0,0
P103853,43,F,Midwest,Commercial,1,40,5,0,77.6,2,0,31.3,1.7,0
P103854,52,F,Midwest,Uninsured,2,70,4,1,17.5,3,0,15.3,5.5,1
P103855,69,F,West,Medicaid,2,40,6,1,12.9,2,0,14.7,7.2,0
P103856,43,F,South,Medicaid,0,7,10,3,87.7,5,1,128.9,6.3,1
P103857,19,F,West,Commercial,4,30,1,3,51.1,4,0,13.5,8.4,1
P103858,41,F,West,Medicare,0,87,5,1,16.1,2,0,15.0,6.4,0
P103859,49,F,South,Uninsured,1,36,3,2,49.2,1,0,71.1,7.3,1
P103860,57,F,Northeast,Commercial,1,47,8,4,47.7,3,0,65.7,8.2,0
P103861,64,M,South,Medicaid,1,18,5,0,45.2,0,0,139.4,9.2,1
P103862,35,F,Midwest,Commercial,2,3,2,1,65.3,2,0,16.5,7.6,0
P103863,61,F,West,Uninsured,3,26,2,1,17.2,0,0,10.1,4.4,0
P103864,63,M,Midwest,Medicare,1,83,6,1,60.6,1,0,39.6,10.0,0
P103865,73,F,Midwest,Commercial,0,52,7,0,47.8,2,0,205.6,9.3,0
P103866,55,F,Northeast,Medicare,0,36,6,3,57.9,1,1,58.8,5.6,1
P103867,76,F,Midwest,Commercial,2,50,3,0,81.7,6,0,41.6,8.0,0
P103868,33,M,West,Commercial,0,78,7,1,84.6,4,0,5.0,5.8,0
P103869,69,M,South,Medicaid,0,87,4,2,99.0,4,1,12.3,6.6,0
P103870,21,M,West,Commercial,1,31,5,0,11.6,3,1,3.7,8.8,0
P103871,25,M,Northeast,Uninsured,6,80,3,2,68.3,4,0,11.5,7.8,0
P103872,80,F,West,Commercial,2,77,2,1,78.6,8,1,19.6,8.1,0
P103873,52,F,West,Medicare,0,1,4,1,44.6,0,0,71.9,8.3,0
P103874,62,F,Midwest,Uninsured,3,85,6,1,58.5,2,0,84.7,10.0,0
P103875,61,F,Midwest,Medicare,3,22,4,2,92.4,3,0,42.5,8.7,0
P103876,68,F,West,Medicaid,1,73,5,1,54.0,0,0,15.5,7.5,0
P103877,35,F,South,Uninsured,1,85,2,1,91.6,3,0,62.4,6.9,1
P103878,30,M,Northeast,Medicare,1,55,4,0,57.8,3,0,6.8,7.2,0
P103879,21,F,West,Medicaid,3,30,3,0,70.5,1,0,11.1,6.9,0
P103880,80,F,Northeast,Commercial,2,82,0,0,82.3,4,0,14.0,7.7,0
P103881,34,M,Midwest,Commercial,0,46,4,1,31.8,4,0,85.0,5.1,1
P103882,59,F,South,Commercial,0,73,3,0,69.8,2,0,31.0,7.5,0
P103883,50,M,West,Medicaid,2,65,3,0,47.1,3,0,5.1,9.7,0
P103884,29,M,West,Medicare,1,31,2,3,89.5,4,0,68.9,7.6,0
P103885,47,M,South,Medicare,1,52,4,1,51.5,6,0,146.8,7.4,1
P103886,23,F,Midwest,Medicaid,1,20,6,0,51.2,2,0,15.6,4.4,0
P103887,30,F,South,Commercial,3,1,7,1,38.4,7,0,30.0,5.0,0
P103888,28,M,South,Uninsured,3,66,0,2,58.3,1,0,18.2,5.2,0
P103889,77,M,West,Commercial,1,20,2,3,73.3,3,1,111.3,6.9,1
P103890,58,M,South,Commercial,1,50,2,1,61.4,2,0,1.0,6.8,0
P103891,84,F,West,Medicare,1,10,5,3,115.1,3,0,45.8,6.6,1
P103892,49,F,Midwest,Commercial,1,63,6,2,48.6,7,0,25.9,7.6,0
P103893,32,F,West,Medicare,2,16,4,4,38.1,1,0,28.7,9.6,1
P103894,61,F,Midwest,Medicaid,1,24,1,3,56.7,2,1,3.6,8.6,1
P103895,84,F,West,Medicaid,4,15,5,0,68.5,3,0,6.6,10.0,0
P103896,56,M,South,Commercial,0,88,3,1,28.1,1,0,14.8,4.6,0
P103897,19,F,South,Commercial,0,60,2,0,92.7,1,0,31.4,7.9,0
P103898,39,M,South,Commercial,1,64,2,0,53.6,3,1,49.7,7.0,0
P103899,84,M,Northeast,Medicare,0,39,1,0,102.4,5,0,97.2,8.6,1
P103900,55,F,Northeast,Commercial,2,82,4,2,93.3,2,0,64.4,6.2,0
P103901,86,M,South,Commercial,1,7,5,2,76.5,4,2,12.7,7.7,0
P103902,54,M,West,Medicaid,0,40,0,1,59.5,2,0,21.5,6.6,0
P103903,18,F,West,Medicaid,1,8,1,1,34.7,1,0,23.2,8.3,1
P103904,80,F,Midwest,Medicaid,2,67,1,0,44.2,2,0,49.9,9.7,1
P103905,72,M,South,Commercial,3,91,7,2,33.1,2,1,15.6,3.9,0
P103906,69,M,Midwest,Medicare,0,73,1,0,32.0,2,1,24.8,6.8,0
P103907,87,M,West,Commercial,0,15,8,0,67.2,2,0,16.4,10.0,0
P103908,32,M,Northeast,Commercial,0,75,3,0,68.1,0,0,117.6,9.3,0
P103909,83,F,West,Commercial,2,25,3,0,21.1,0,2,8.8,8.5,0
P103910,34,M,West,Medicaid,0,34,5,0,47.8,3,0,31.9,5.9,0
P103911,87,M,West,Medicare,2,55,3,1,39.7,1,0,0.7,6.2,0
P103912,31,M,Northeast,Commercial,3,44,9,1,96.4,1,1,10.4,7.7,0
P103913,57,M,West,Medicare,1,18,4,0,7.6,0,0,46.5,7.3,0
P103914,74,M,Midwest,Uninsured,5,51,3,0,108.0,3,0,1.8,5.4,1
P103915,23,M,Midwest,Commercial,0,19,6,1,74.5,4,0,25.1,6.6,1
P103916,22,F,Northeast,Medicaid,1,69,4,0,7.0,2,1,36.3,10.0,0
P103917,79,M,South,Commercial,2,7,2,3,44.0,2,0,56.3,8.2,1
P103918,22,F,South,Commercial,0,77,4,1,71.2,5,1,26.7,4.7,0
P103919,62,M,West,Medicaid,1,94,3,0,43.0,0,0,25.4,10.0,0
P103920,85,M,South,Commercial,0,71,9,3,53.2,2,1,16.1,6.4,0
P103921,62,M,Northeast,Medicare,1,58,4,2,116.9,0,0,84.7,10.0,0
P103922,52,F,West,Commercial,3,42,4,0,49.4,4,1,20.1,9.2,0
P103923,48,F,Northeast,Medicare,3,51,4,2,33.0,5,0,71.4,2.2,0
P103924,63,F,West,Medicare,0,49,3,2,82.9,2,0,127.8,3.7,0
P103925,59,F,West,Medicaid,0,85,5,0,24.9,2,1,17.4,7.5,0
P103926,54,F,South,Medicaid,0,13,3,1,77.6,1,0,151.6,8.3,0
P103927,29,M,Midwest,Medicare,0,57,1,1,74.6,2,0,60.2,8.6,0
P103928,65,F,West,Commercial,0,53,3,0,105.7,2,0,11.5,9.3,0
P103929,71,M,Midwest,Commercial,1,25,3,0,70.4,4,0,72.6,7.2,1
P103930,69,F,Midwest,Medicare,0,40,6,2,54.1,3,1,64.9,4.8,0
P103931,23,M,Northeast,Medicare,2,45,1,1,59.3,3,0,72.9,6.8,0
P103932,68,M,Midwest,Commercial,0,4,4,1,113.5,2,0,11.9,4.0,0
P103933,70,M,Midwest,Uninsured,3,46,3,0,61.6,2,0,13.3,6.9,0
P103934,31,M,Midwest,Commercial,2,17,7,1,54.7,3,0,15.4,9.7,0
P103935,79,M,West,Commercial,2,38,2,2,58.4,1,1,99.5,10.0,0
P103936,55,M,West,Medicaid,0,27,3,0,71.9,4,1,86.1,6.6,0
P103937,52,M,Midwest,Medicare,2,72,2,0,50.6,3,0,25.2,8.2,0
P103938,70,F,South,Medicare,1,92,5,1,34.2,1,0,24.8,5.0,0
P103939,54,F,South,Commercial,1,11,2,0,43.2,1,0,116.7,9.2,0
P103940,57,M,Northeast,Commercial,6,25,3,0,37.9,3,0,298.6,6.1,1
P103941,40,F,Midwest,Medicare,0,16,8,0,56.2,5,0,80.9,6.8,1
P103942,84,M,South,Commercial,1,46,4,0,44.7,3,0,96.3,8.7,0
P103943,87,M,West,Medicare,1,36,1,2,55.5,1,0,41.3,6.7,0
P103944,27,F,West,Commercial,0,44,2,0,56.2,1,1,100.2,8.3,1
P103945,70,M,West,Commercial,1,7,2,1,66.6,6,0,14.0,6.8,1
P103946,19,M,West,Commercial,1,83,6,0,35.9,3,1,47.5,8.2,0
P103947,44,M,South,Commercial,3,94,6,1,102.6,2,0,0.7,7.5,0
P103948,87,M,South,Commercial,1,87,2,1,91.1,1,1,73.6,9.5,0
P103949,30,M,Midwest,Medicaid,1,48,4,0,73.5,5,0,97.9,6.1,0
P103950,45,M,South,Medicare,2,64,4,2,78.4,6,0,75.1,8.8,1
P103951,33,M,South,Commercial,2,5,5,0,31.6,4,1,66.9,7.4,0
P103952,70,F,Midwest,Medicare,1,59,5,3,45.4,2,0,34.7,8.3,0
P103953,51,M,South,Commercial,1,58,9,2,48.2,2,0,12.8,6.2,0
P103954,60,M,West,Commercial,1,70,2,0,24.5,1,0,12.0,10.0,0
P103955,85,F,Northeast,Medicaid,0,75,3,1,50.5,1,2,8.0,8.4,0
P103956,55,F,South,Medicare,4,1,2,0,116.8,4,0,5.3,5.2,0
P103957,70,M,Midwest,Medicare,1,39,2,5,62.7,5,0,24.4,9.1,0
P103958,25,F,West,Commercial,1,47,1,1,98.3,3,0,235.1,10.0,1
P103959,33,M,Midwest,Commercial,0,46,4,0,96.6,5,0,16.6,5.8,0
P103960,86,F,Northeast,Medicaid,1,53,3,2,36.4,3,0,62.2,5.8,0
P103961,79,F,South,Medicare,3,67,3,0,60.9,5,0,49.7,10.0,0
P103962,65,M,West,Medicare,2,56,5,1,50.1,3,1,41.6,6.3,0
P103963,45,F,South,Uninsured,3,23,6,2,83.3,3,1,13.2,9.2,0
P103964,32,F,South,Commercial,0,64,3,2,71.8,4,1,92.9,7.9,1
P103965,79,M,Northeast,Medicaid,1,57,3,1,101.6,2,1,2.7,6.7,0
P103966,74,M,Midwest,Medicare,3,19,6,1,65.2,4,1,5.6,7.6,0
P103967,35,F,Northeast,Commercial,1,60,0,4,80.7,3,0,4.2,9.5,0
P103968,60,M,South,Commercial,1,50,5,3,43.9,1,0,102.3,8.3,0
P103969,62,M,Midwest,Medicare,1,77,0,0,23.4,3,0,129.4,5.8,0
P103970,52,M,West,Commercial,1,38,4,2,76.8,3,1,41.9,6.8,0
P103971,84,F,Northeast,Medicare,1,85,1,0,63.7,3,0,54.9,9.3,0
P103972,26,F,South,Medicare,0,51,2,1,73.8,3,0,23.4,10.0,0
P103973,36,M,Northeast,Medicare,3,90,6,2,95.4,1,0,16.7,8.8,0
P103974,24,M,South,Medicare,2,10,3,2,68.4,3,0,89.7,10.0,0
P103975,67,F,West,Medicare,2,13,2,1,80.7,3,1,5.8,7.1,0
P103976,64,M,South,Medicare,2,21,6,1,85.5,2,0,2.8,8.8,0
P103977,89,F,South,Medicaid,2,78,4,0,56.3,4,0,14.4,8.1,0
P103978,57,M,South,Commercial,0,49,1,1,45.0,2,0,114.8,10.0,0
P103979,28,M,West,Uninsured,3,65,3,2,109.5,0,0,6.2,7.6,0
P103980,50,M,Midwest,Commercial,0,2,6,1,69.7,5,0,7.7,9.6,0
P103981,24,M,Midwest,Commercial,1,36,4,0,67.2,1,0,20.7,7.4,0
P103982,66,F,West,Medicare,2,34,3,0,35.4,2,0,11.4,6.3,0
P103983,66,M,Midwest,Commercial,4,88,3,2,66.2,6,0,36.8,10.0,0
P103984,79,F,Midwest,Commercial,2,10,1,1,68.1,2,0,106.9,7.3,1
P103985,42,M,Midwest,Commercial,0,82,2,1,36.6,0,1,0.8,7.8,0
P103986,40,M,Midwest,Medicare,2,35,3,2,78.5,3,0,9.6,5.9,0
P103987,23,F,Northeast,Medicare,0,74,2,1,53.6,2,0,3.5,9.2,0
P103988,47,F,South,Commercial,0,28,3,2,7.0,3,1,63.0,5.2,1
P103989,52,F,West,Medicare,1,6,1,3,46.9,4,0,16.2,5.3,0
P103990,72,F,Northeast,Commercial,1,65,8,2,84.2,2,0,38.5,9.6,0
P103991,72,F,West,Uninsured,0,17,4,2,37.6,3,2,6.3,7.6,0
P103992,28,M,Midwest,Commercial,0,15,2,0,120.5,2,1,16.2,6.9,0
P103993,38,F,South,Medicare,1,88,4,0,71.9,5,1,50.9,5.5,1
P103994,54,M,Northeast,Medicare,1,22,4,0,115.9,1,1,76.8,8.5,0
P103995,42,M,West,Medicare,2,94,5,0,32.4,4,0,5.9,9.1,0
P103996,19,M,Northeast,Uninsured,1,34,3,1,29.7,3,0,13.6,8.3,0
P103997,78,F,Midwest,Commercial,1,27,2,2,54.0,3,0,93.5,4.4,1
P103998,70,M,Northeast,Medicare,2,44,4,0,28.3,1,0,26.1,9.6,0
P103999,55,M,West,Commercial,0,27,4,1,48.6,4,0,46.9,8.1,0
P104000,40,M,Northeast,Medicare,1,89,4,0,99.7,1,0,18.9,6.7,0
P104001,78,M,West,Commercial,0,58,1,4,52.3,4,0,22.5,7.7,0
P104002,20,M,Midwest,Commercial,0,71,0,1,20.2,3,0,95.5,5.6,0
P104003,50,M,Northeast,Commercial,2,8,6,0,67.5,3,0,1.5,8.6,0
P104004,75,M,Midwest,Commercial,0,23,3,0,93.1,3,0,6.5,7.1,0
P104005,86,F,West,Uninsured,1,57,6,1,13.2,0,0,8.0,9.0,0
P104006,36,M,Northeast,Medicaid,0,47,3,1,26.2,4,0,39.1,8.3,0
P104007,64,F,West,Commercial,1,93,3,1,61.4,6,0,78.9,8.0,0
P104008,31,F,West,Medicare,1,69,6,3,30.1,1,0,48.1,8.6,0
P104009,26,M,Midwest,Medicare,2,29,5,1,55.8,3,0,46.1,9.0,0
P104010,43,F,South,Commercial,0,44,5,0,96.0,0,0,226.9,5.3,1
P104011,81,M,Northeast,Commercial,1,71,6,0,50.6,3,0,12.9,9.3,0
P104012,67,F,South,Medicare,1,39,2,0,71.4,1,0,1.6,4.3,0
P104013,53,M,West,Commercial,0,50,4,1,73.2,4,1,8.8,7.3,1
P104014,38,F,Midwest,Medicare,1,76,7,2,40.2,0,0,8.1,10.0,0
P104015,28,M,Midwest,Commercial,1,28,5,0,33.6,2,0,14.8,7.9,0
P104016,37,F,West,Commercial,2,10,3,1,84.9,3,1,53.2,7.1,0
P104017,28,F,South,Medicare,2,40,5,1,61.2,3,0,29.3,6.7,0
P104018,31,F,Northeast,Medicare,2,21,3,2,65.2,4,2,44.2,5.5,1
P104019,67,M,West,Uninsured,0,53,4,0,59.1,1,0,17.4,10.0,0
P104020,27,M,Midwest,Commercial,0,82,3,1,56.8,1,0,21.9,4.8,0
P104021,21,M,Midwest,Medicare,0,73,1,1,64.8,3,1,30.4,5.4,0
P104022,57,F,Midwest,Medicaid,0,70,2,1,32.1,1,1,64.9,4.5,0
P104023,38,F,West,Medicare,2,52,5,1,69.7,3,0,113.6,10.0,0
P104024,50,F,West,Uninsured,1,85,6,1,35.0,3,0,3.8,7.0,0
P104025,28,M,Midwest,Uninsured,2,88,2,1,118.1,1,2,38.7,8.7,0
P104026,33,M,West,Medicaid,1,73,4,3,75.3,2,0,83.3,8.6,0
P104027,49,F,South,Uninsured,0,12,3,1,67.1,4,1,57.7,8.5,0
P104028,67,M,Midwest,Medicare,2,29,5,2,33.4,3,1,20.8,7.8,1
P104029,47,M,West,Medicare,1,91,7,3,87.6,2,0,22.1,7.9,1
P104030,57,F,Northeast,Medicaid,2,7,5,2,48.1,4,0,212.6,9.8,1
P104031,55,F,Midwest,Medicaid,0,53,3,0,75.1,0,0,7.1,7.6,0
P104032,37,F,Midwest,Commercial,0,61,2,0,43.3,4,2,31.4,6.3,0
P104033,38,F,Midwest,Commercial,0,38,5,0,12.1,3,0,48.6,9.8,0
P104034,48,F,West,Commercial,5,67,7,1,98.5,0,0,15.9,8.4,0
P104035,20,M,South,Medicaid,2,8,2,1,74.5,5,1,13.6,3.6,0
P104036,67,F,Northeast,Commercial,1,21,2,1,50.2,4,1,105.9,6.7,0
P104037,62,M,Northeast,Commercial,1,29,2,2,109.2,4,0,9.3,7.1,0
P104038,40,M,West,Medicare,1,17,2,1,59.5,4,1,4.4,10.0,0
P104039,44,M,Midwest,Commercial,1,42,2,2,90.2,2,1,8.7,7.6,0
P104040,41,M,Midwest,Uninsured,2,45,2,3,19.2,2,0,21.8,6.2,1
P104041,64,F,South,Medicare,1,90,2,1,51.8,0,0,35.4,5.6,0
P104042,72,F,South,Commercial,0,47,7,2,52.7,0,0,13.0,7.6,0
P104043,25,F,West,Commercial,0,72,6,2,35.3,3,0,4.3,9.3,0
P104044,47,M,Midwest,Medicaid,2,9,7,4,37.9,5,1,28.6,10.0,0
P104045,18,M,West,Medicare,2,6,2,0,63.7,2,0,57.6,5.1,0
P104046,50,F,West,Medicare,2,38,3,2,55.6,4,0,42.2,7.9,0
P104047,35,F,West,Commercial,0,32,3,3,55.1,1,1,137.8,6.8,1
P104048,42,F,Midwest,Medicaid,0,88,2,0,47.2,3,0,9.3,7.3,0
P104049,50,F,Northeast,Medicaid,4,47,5,1,85.5,1,1,18.5,6.2,0
P104050,41,M,Midwest,Medicare,2,47,2,1,28.9,6,1,40.7,4.9,0
P104051,46,F,Midwest,Commercial,1,81,7,1,61.3,3,2,53.8,8.2,0
P104052,73,F,Midwest,Uninsured,0,83,7,1,48.7,2,0,8.2,6.8,0
P104053,76,F,Northeast,Medicare,0,74,5,1,46.7,2,0,52.4,8.9,1
P104054,18,F,West,Commercial,2,42,6,1,7.0,2,1,12.6,7.7,0
P104055,45,F,West,Uninsured,5,21,6,0,59.0,2,0,60.2,10.0,0
P104056,78,M,South,Medicaid,2,4,6,4,44.7,2,1,30.0,9.8,1
P104057,56,F,South,Medicare,0,5,8,1,66.9,0,3,11.9,10.0,1
P104058,32,M,Northeast,Medicaid,2,78,4,0,136.8,0,0,1.3,5.9,0
P104059,60,F,West,Commercial,1,13,3,1,64.3,3,0,20.2,9.8,0
P104060,28,F,Northeast,Medicare,1,40,5,1,71.6,4,1,70.7,7.7,0
P104061,19,F,South,Commercial,2,48,4,0,40.4,4,0,22.9,8.6,0
P104062,63,F,South,Medicare,4,53,5,1,64.3,1,1,47.8,7.6,0
P104063,55,F,South,Commercial,0,9,4,0,57.2,1,0,45.6,7.8,0
P104064,72,F,Midwest,Commercial,0,50,3,0,39.3,2,0,22.5,6.9,0
P104065,42,M,West,Medicaid,2,24,7,2,37.2,2,1,10.3,9.8,0
P104066,79,M,West,Commercial,2,33,3,3,71.9,6,0,111.9,6.1,0
P104067,48,M,Midwest,Medicaid,0,79,7,2,43.2,0,0,46.5,7.6,0
P104068,71,F,Northeast,Commercial,0,44,3,2,36.4,0,0,104.9,8.8,1
P104069,25,M,West,Commercial,2,39,4,2,93.0,3,0,45.2,6.9,0
P104070,24,M,South,Commercial,1,2,3,1,98.2,5,0,46.2,9.3,0
P104071,74,F,West,Commercial,0,95,7,0,36.8,3,0,16.1,6.9,0
P104072,78,F,South,Medicare,2,57,5,1,86.4,2,0,52.4,7.2,0
P104073,85,M,Midwest,Commercial,1,72,5,0,19.0,3,1,28.3,9.8,0
P104074,41,M,South,Medicare,1,42,6,0,36.2,5,0,12.0,6.7,0
P104075,19,F,South,Medicare,4,26,1,0,29.6,3,0,47.6,9.4,0
P104076,88,F,Northeast,Commercial,1,26,3,1,47.5,4,0,49.1,8.8,0
P104077,61,M,Midwest,Commercial,2,1,4,0,60.0,0,0,2.5,10.0,0
P104078,35,F,South,Commercial,1,85,8,0,28.6,4,0,45.6,6.6,0
P104079,72,M,West,Commercial,0,51,5,1,49.1,3,0,18.1,7.0,0
P104080,83,M,South,Commercial,2,34,1,1,36.3,2,2,2.7,8.1,0
P104081,38,M,West,Medicare,2,68,4,4,65.8,2,0,27.6,7.0,0
P104082,73,M,South,Medicare,3,13,5,1,62.9,5,1,2.7,8.4,0
P104083,74,F,South,Medicaid,1,45,2,2,94.7,0,0,43.1,7.9,0
P104084,54,M,Northeast,Medicaid,0,42,3,4,16.2,0,0,4.9,5.4,1
P104085,63,M,Midwest,Medicare,0,87,4,1,88.3,3,0,35.8,6.2,0
P104086,37,M,Northeast,Commercial,2,76,7,1,88.4,3,0,3.2,10.0,0
P104087,84,F,South,Commercial,0,73,7,0,46.5,1,0,46.6,6.8,0
P104088,88,F,West,Medicare,3,25,6,2,50.7,1,0,26.1,8.3,0
P104089,88,F,Midwest,Commercial,1,50,3,1,68.1,2,1,37.4,6.4,0
P104090,71,F,Midwest,Commercial,1,94,8,0,85.1,1,0,21.1,6.2,1
P104091,21,M,West,Uninsured,3,2,3,0,8.6,2,1,13.4,9.5,0
P104092,44,M,West,Commercial,2,62,3,0,48.4,1,1,19.5,8.0,0
P104093,50,M,West,Commercial,1,33,2,1,70.8,1,1,13.2,5.9,0
P104094,87,M,Midwest,Medicaid,0,71,3,1,61.6,2,0,6.7,7.9,0
P104095,57,F,South,Commercial,0,47,3,2,60.6,3,0,11.0,8.3,0
P104096,56,F,Northeast,Commercial,0,67,2,1,19.2,3,1,19.3,10.0,0
P104097,28,F,South,Commercial,2,24,5,2,47.5,3,0,53.5,3.9,1
P104098,75,F,Midwest,Commercial,1,84,5,0,50.2,2,0,126.9,9.5,1
P104099,42,F,South,Uninsured,1,80,0,2,37.7,7,0,7.0,6.9,0
P104100,24,F,Midwest,Medicare,1,61,2,2,87.7,1,0,175.5,10.0,0
P104101,89,F,Northeast,Medicare,4,41,3,2,50.6,3,0,16.9,10.0,0
P104102,31,M,Northeast,Commercial,6,15,4,3,38.6,2,1,27.7,10.0,0
P104103,19,F,South,Commercial,2,20,1,2,109.0,6,0,133.9,6.8,0
P104104,23,F,Northeast,Medicare,1,38,11,2,71.2,1,0,61.8,5.3,0
P104105,50,F,West,Commercial,2,75,2,0,64.0,0,1,20.0,7.6,0
P104106,25,M,South,Commercial,1,90,3,2,56.7,3,1,68.3,6.0,1
P104107,78,M,South,Medicare,0,58,3,3,43.1,4,0,18.3,7.4,0
P104108,54,F,South,Medicaid,2,90,6,1,39.0,4,0,2.0,5.2,0
P104109,41,F,South,Medicaid,1,19,7,2,30.7,4,0,87.0,6.8,0
P104110,18,M,West,Medicaid,1,71,3,4,51.6,3,0,9.4,10.0,0
P104111,52,M,Midwest,Medicare,1,51,2,4,22.1,5,0,57.4,8.0,0
P104112,28,M,Northeast,Medicaid,2,14,4,0,82.5,3,0,25.3,5.6,0
P104113,88,M,Northeast,Medicaid,1,66,3,0,43.1,1,0,168.2,8.6,0
P104114,38,M,Northeast,Commercial,1,86,8,0,81.4,4,0,15.1,6.4,0
P104115,52,M,South,Commercial,0,43,5,2,39.1,2,1,41.3,9.7,0
P104116,19,F,Midwest,Commercial,0,25,5,2,69.7,3,0,0.2,9.3,0
P104117,27,M,West,Uninsured,0,29,3,0,24.9,2,0,65.1,8.7,0
P104118,32,F,South,Medicaid,4,58,1,1,44.0,1,0,29.7,10.0,0
P104119,21,M,Northeast,Medicaid,2,66,2,1,47.0,3,0,10.3,7.2,0
P104120,70,F,Northeast,Commercial,3,21,4,1,66.2,3,1,11.4,10.0,0
P104121,86,F,South,Uninsured,2,66,6,1,28.6,1,0,10.3,8.4,0
P104122,88,M,South,Commercial,2,71,2,2,96.2,1,0,16.6,9.0,0
P104123,37,M,Midwest,Commercial,3,2,6,1,59.4,4,1,13.3,3.6,0
P104124,74,F,Northeast,Medicare,1,37,3,0,58.3,3,0,50.1,7.3,0
P104125,54,M,Northeast,Medicaid,1,23,5,4,23.6,0,1,15.3,7.1,0
P104126,21,F,Midwest,Medicaid,1,76,4,0,67.6,7,0,11.7,5.5,0
P104127,24,F,South,Commercial,1,62,4,1,87.4,1,0,62.2,5.8,0
P104128,57,M,South,Commercial,0,51,3,0,36.7,3,0,17.7,9.7,0
P104129,48,F,Northeast,Medicare,2,22,3,2,44.9,2,2,25.4,8.7,0
P104130,18,F,Northeast,Commercial,1,46,4,0,53.4,1,0,3.2,8.8,0
P104131,84,M,South,Medicaid,2,92,3,1,51.9,2,0,103.4,10.0,0
P104132,70,F,South,Commercial,2,95,8,0,36.1,1,0,88.0,8.5,0
P104133,54,F,West,Commercial,0,16,3,2,69.9,1,0,9.2,10.0,0
P104134,89,F,West,Commercial,0,47,3,1,89.3,2,1,25.6,8.1,0
P104135,87,M,South,Medicare,2,72,8,0,58.2,6,1,9.5,6.4,0
P104136,88,F,South,Medicaid,1,29,3,0,37.4,1,0,37.7,7.6,0
P104137,36,F,South,Commercial,0,95,7,1,32.0,3,0,12.8,8.8,0
P104138,81,M,Midwest,Commercial,3,45,1,2,120.5,2,1,63.2,4.7,0
P104139,54,F,South,Medicaid,0,33,6,0,49.0,2,1,41.9,8.0,0
P104140,70,F,West,Medicare,2,90,7,0,72.5,3,0,5.0,8.4,0
P104141,79,M,West,Commercial,0,58,3,1,18.3,1,1,21.8,6.2,0
P104142,29,M,South,Commercial,3,6,3,1,41.1,2,0,16.6,5.1,0
P104143,50,F,Northeast,Uninsured,2,11,2,1,86.9,1,1,15.8,8.5,0
P104144,27,M,Northeast,Medicare,0,94,3,1,37.9,2,0,87.4,7.7,0
P104145,38,M,West,Commercial,2,60,7,3,39.3,3,0,33.2,9.7,0
P104146,47,F,South,Commercial,1,83,1,1,68.9,3,0,56.2,7.8,0
P104147,79,M,South,Commercial,1,94,7,0,43.5,5,0,6.3,3.6,0
P104148,80,M,Midwest,Commercial,2,71,2,2,73.6,4,1,59.0,7.6,1
P104149,46,M,West,Commercial,1,93,3,2,43.4,1,0,11.2,8.9,0
P104150,41,M,South,Commercial,0,91,2,0,57.4,6,0,17.2,5.1,0
P104151,56,M,South,Commercial,0,40,1,2,76.2,2,0,51.7,4.6,1
P104152,83,M,West,Commercial,2,61,6,0,48.5,3,1,5.8,8.7,0
P104153,88,M,Northeast,Medicare,3,78,2,2,28.6,2,0,84.8,9.5,1
P104154,34,M,West,Medicare,4,91,6,0,49.0,1,0,65.6,7.1,0
P104155,31,M,Midwest,Medicaid,2,79,5,0,35.1,1,0,1.6,8.2,0
P104156,68,M,Northeast,Commercial,3,77,6,1,47.6,2,1,3.0,5.8,0
P104157,39,M,Northeast,Medicaid,2,32,2,0,60.1,4,0,31.2,6.5,0
P104158,32,F,Midwest,Medicaid,0,41,5,0,60.1,3,0,31.6,8.3,0
P104159,20,F,West,Uninsured,0,79,2,1,82.6,3,1,48.9,7.9,0
P104160,47,M,Northeast,Commercial,1,13,3,2,40.4,0,0,87.9,8.2,0
P104161,46,F,Midwest,Commercial,0,16,6,1,59.5,1,0,25.6,8.4,0
P104162,58,M,West,Medicare,2,75,3,1,94.2,1,1,8.0,10.0,1
P104163,32,M,Midwest,Commercial,2,93,5,2,68.1,5,1,57.5,2.3,1
P104164,69,M,Midwest,Commercial,1,40,1,2,83.6,3,1,41.0,8.7,1
P104165,66,F,Northeast,Commercial,0,83,2,2,58.6,2,0,92.9,6.5,0
P104166,51,M,Midwest,Medicare,1,34,3,0,80.1,5,0,18.2,6.0,0
P104167,31,F,Midwest,Medicaid,0,49,4,2,55.4,4,0,132.3,8.3,0
P104168,54,M,Northeast,Commercial,1,93,5,0,24.7,0,2,6.9,8.0,0
P104169,66,F,South,Medicaid,0,37,2,0,76.1,0,0,12.1,8.9,0
P104170,44,F,West,Medicaid,3,84,3,2,69.2,5,1,38.8,7.7,0
P104171,36,M,West,Commercial,3,90,3,0,61.0,2,0,12.2,6.0,0
P104172,54,M,Northeast,Commercial,1,71,4,3,36.3,5,0,30.9,5.3,0
P104173,43,M,Midwest,Commercial,2,7,6,2,98.9,3,0,79.4,6.5,0
P104174,46,F,Midwest,Medicaid,0,92,1,1,79.9,4,1,25.2,8.8,0
P104175,43,F,Midwest,Medicare,2,48,6,1,44.1,4,1,38.0,9.3,0
P104176,39,F,Midwest,Medicare,1,28,2,1,95.5,4,0,52.6,4.4,0
P104177,69,M,West,Medicare,2,47,2,2,94.2,0,1,42.5,7.0,1
P104178,51,M,South,Commercial,1,42,5,3,54.9,4,0,47.6,6.9,0
P104179,51,F,Midwest,Medicaid,0,37,4,1,38.6,1,1,34.0,8.0,0
P104180,65,F,Midwest,Medicaid,0,65,4,2,71.8,1,0,30.5,6.3,1
P104181,44,F,Midwest,Medicare,2,11,3,2,55.1,5,0,55.3,4.8,1
P104182,25,M,West,Medicare,0,61,3,2,127.3,2,0,12.5,6.8,0
P104183,79,F,Northeast,Commercial,1,24,3,2,34.2,2,0,4.6,9.7,0
P104184,22,F,West,Commercial,2,76,5,0,99.1,2,1,93.7,3.7,0
P104185,59,F,Midwest,Commercial,3,94,3,2,49.8,3,0,35.0,5.4,0
P104186,37,F,West,Medicare,0,45,6,3,54.2,3,0,28.8,7.3,0
P104187,33,F,South,Medicaid,2,77,2,2,39.0,2,0,20.9,6.4,1
P104188,21,F,South,Medicaid,0,31,4,2,63.0,7,0,99.8,5.4,0
P104189,82,M,Northeast,Commercial,0,80,3,2,38.2,2,0,9.8,6.2,0
P104190,48,M,West,Commercial,0,51,0,1,54.2,5,2,38.4,8.1,0
P104191,42,F,West,Commercial,0,49,3,1,28.4,2,2,31.3,7.9,1
P104192,71,M,South,Uninsured,0,10,4,2,10.1,1,2,1.9,9.0,0
P104193,20,F,Northeast,Medicaid,0,63,3,5,54.3,1,0,4.7,8.6,0
P104194,58,M,Midwest,Medicare,0,76,4,1,92.6,3,1,59.2,5.0,0
P104195,53,M,Midwest,Medicare,0,48,5,0,66.1,4,0,90.8,8.5,0
P104196,57,F,Midwest,Medicare,2,16,1,2,55.6,1,0,9.9,8.7,0
P104197,26,M,Northeast,Commercial,2,65,3,2,125.2,5,0,119.1,6.6,0
P104198,86,M,West,Commercial,1,60,1,2,7.0,4,1,105.1,9.7,1
P104199,35,M,South,Commercial,1,83,4,1,66.9,3,0,34.5,6.4,0
P104200,66,F,Midwest,Commercial,1,91,3,2,37.8,3,0,6.8,9.4,0
P104201,71,F,West,Medicare,0,24,3,2,60.9,1,1,24.6,8.6,1
P104202,42,F,Midwest,Commercial,1,28,4,1,40.2,3,0,39.2,7.2,0
P104203,27,M,Northeast,Medicare,1,91,6,1,43.0,0,0,54.6,5.7,0
P104204,39,M,West,Medicare,3,12,7,3,66.6,5,1,15.4,6.5,0
P104205,76,F,Midwest,Medicare,1,87,4,2,55.1,1,1,78.4,6.3,0
P104206,83,M,West,Uninsured,2,15,4,3,41.5,3,0,18.9,10.0,0
P104207,85,F,Midwest,Commercial,3,40,2,4,26.2,3,0,57.1,9.4,0
P104208,34,F,West,Medicare,1,14,6,2,78.9,2,0,1.2,9.3,0
P104209,61,M,West,Commercial,1,93,4,0,53.8,7,1,24.4,8.1,0
P104210,28,F,Northeast,Medicare,0,48,5,1,29.0,2,0,3.0,6.6,0
P104211,69,M,Northeast,Medicare,0,84,3,2,17.3,1,0,32.7,8.8,0
P104212,47,M,Northeast,Commercial,1,3,3,4,66.6,1,0,10.0,5.8,1
P104213,69,M,West,Commercial,1,4,5,2,51.9,3,0,37.1,10.0,0
P104214,67,M,Northeast,Medicare,1,51,7,1,63.9,3,0,2.1,4.8,0
P104215,89,F,South,Medicare,1,5,7,2,123.1,4,1,107.9,5.6,0
P104216,53,M,West,Medicare,0,52,5,1,79.9,3,0,6.7,8.6,0
P104217,42,M,South,Commercial,0,68,2,1,58.8,2,0,199.1,7.0,1
P104218,55,F,Northeast,Medicare,0,47,7,0,17.7,1,0,41.4,9.7,0
P104219,29,F,South,Medicare,1,75,4,1,100.4,0,0,31.7,9.7,0
P104220,26,F,Northeast,Commercial,1,10,3,2,61.6,1,0,66.7,3.1,0
P104221,55,F,South,Medicare,0,24,3,1,120.9,3,0,39.8,6.0,1
P104222,77,M,Midwest,Medicare,0,16,6,3,39.5,1,0,46.2,5.9,1
P104223,56,F,Midwest,Medicaid,1,48,6,1,27.6,2,0,37.7,9.1,0
P104224,74,M,Midwest,Commercial,2,38,0,4,95.7,4,0,91.9,5.0,0
P104225,30,F,Northeast,Commercial,1,52,5,1,66.1,2,1,38.2,3.1,0
P104226,50,F,West,Uninsured,0,15,3,0,91.0,3,0,85.7,5.6,1
P104227,62,F,South,Medicaid,1,43,5,2,29.3,1,0,44.4,8.5,0
P104228,43,F,South,Commercial,2,73,5,1,29.0,1,0,7.1,10.0,0
P104229,19,M,Midwest,Medicaid,2,7,3,1,34.3,4,2,7.7,4.5,0
P104230,23,F,Northeast,Commercial,2,75,2,1,7.0,4,0,3.1,5.9,0
P104231,84,F,South,Medicaid,0,21,6,0,46.9,3,1,92.0,7.7,0
P104232,61,F,South,Commercial,2,83,4,1,13.2,2,0,65.1,9.4,0
P104233,37,F,Northeast,Commercial,0,78,3,1,61.9,1,0,4.7,10.0,0
P104234,36,M,West,Uninsured,0,43,7,0,57.6,2,1,5.0,8.1,0
P104235,20,M,South,Commercial,1,7,3,0,37.6,2,1,21.9,8.8,0
P104236,86,F,Northeast,Medicaid,3,37,6,1,72.8,3,1,47.0,7.6,0
P104237,25,M,South,Medicare,3,60,4,1,64.0,2,1,1.7,10.0,1
P104238,72,F,West,Commercial,5,33,3,2,93.2,4,0,52.9,6.5,0
P104239,35,M,Midwest,Uninsured,0,61,5,3,106.2,5,0,10.2,7.5,0
P104240,42,M,Midwest,Medicare,2,79,6,0,63.3,0,0,15.3,3.5,0
P104241,37,F,West,Medicaid,1,91,4,1,70.8,6,0,114.4,8.8,0
P104242,77,M,Northeast,Medicaid,3,38,1,0,74.6,3,0,13.3,10.0,0
P104243,20,M,Midwest,Commercial,2,94,10,2,108.2,5,1,32.9,8.7,0
P104244,43,F,South,Commercial,0,24,1,3,24.8,1,2,40.0,6.1,1
P104245,38,M,Midwest,Commercial,2,90,5,1,45.8,1,0,54.4,5.0,0
P104246,37,M,West,Medicare,5,14,4,1,25.5,2,1,33.7,10.0,0
P104247,31,F,Northeast,Commercial,2,52,3,2,44.3,0,0,26.4,5.7,0
P104248,83,M,Northeast,Commercial,0,64,1,0,50.3,1,0,32.7,6.9,0
P104249,45,M,West,Medicaid,2,4,5,1,38.1,5,0,50.6,4.9,0
P104250,48,M,South,Commercial,2,43,7,1,70.4,4,0,41.3,8.3,0
P104251,45,F,South,Medicare,0,27,2,1,72.6,4,1,10.4,10.0,0
P104252,88,M,Northeast,Medicare,1,78,4,1,59.8,2,0,7.1,7.7,0
P104253,42,M,South,Commercial,3,46,5,1,68.1,3,0,15.6,9.9,0
P104254,42,M,Northeast,Commercial,4,10,5,1,104.4,1,0,16.2,5.9,1
P104255,41,F,Northeast,Commercial,0,4,7,2,69.0,2,1,70.4,7.3,0
P104256,41,F,Northeast,Medicare,3,3,3,1,26.7,3,1,2.9,7.8,0
P104257,24,M,Northeast,Commercial,1,4,4,0,40.2,3,1,54.4,6.1,0
P104258,61,M,West,Medicaid,2,47,5,0,38.3,2,0,151.0,5.8,0
P104259,19,F,West,Medicaid,4,31,2,3,95.4,0,1,36.6,6.3,1
P104260,34,M,West,Commercial,3,20,8,0,47.4,0,0,51.8,7.0,0
P104261,32,M,Northeast,Medicaid,1,37,8,2,34.2,4,1,32.5,6.6,0
P104262,38,M,South,Uninsured,0,42,3,1,31.4,2,2,13.0,9.8,0
P104263,72,F,South,Commercial,2,56,8,0,45.6,0,0,24.1,3.6,0
P104264,61,M,Midwest,Uninsured,2,48,5,2,44.6,1,0,34.9,7.7,0
P104265,89,F,Northeast,Commercial,2,89,4,0,40.9,4,1,7.2,4.7,0
P104266,43,F,Northeast,Medicare,2,36,2,3,81.9,2,0,12.5,9.3,0
P104267,84,M,West,Commercial,1,38,3,2,52.7,2,1,66.1,6.1,0
P104268,21,M,South,Medicaid,0,40,8,1,58.0,2,2,174.1,7.4,1
P104269,54,F,West,Medicaid,1,5,4,0,78.7,4,1,17.4,9.9,0
P104270,75,M,Northeast,Uninsured,0,72,4,1,80.6,1,1,13.2,4.5,0
P104271,56,M,West,Uninsured,0,52,2,1,44.7,1,0,41.1,9.9,0
P104272,85,F,Midwest,Commercial,3,38,5,1,90.1,3,0,20.6,8.4,0
P104273,40,F,West,Medicare,1,35,4,1,59.4,6,0,22.2,6.7,0
P104274,20,M,Midwest,Commercial,0,50,5,1,45.2,3,0,7.9,3.2,0
P104275,73,M,West,Commercial,0,86,1,2,82.8,0,2,107.0,10.0,1
P104276,22,F,South,Commercial,0,38,4,1,69.8,2,0,6.8,6.9,0
P104277,73,M,South,Medicaid,1,41,5,1,67.3,4,1,179.5,8.6,0
P104278,70,M,Northeast,Medicare,1,13,6,0,50.9,1,1,4.2,7.8,0
P104279,78,M,Northeast,Commercial,1,31,4,1,60.0,0,0,80.2,10.0,0
P104280,52,M,West,Uninsured,0,72,2,1,41.7,2,2,147.0,5.5,0
P104281,82,F,South,Medicaid,2,69,3,2,54.7,4,1,54.7,9.4,0
P104282,30,F,Northeast,Commercial,1,77,6,2,49.5,2,0,113.8,10.0,1
P104283,49,F,South,Medicare,2,47,5,3,66.1,6,1,25.6,5.4,1
P104284,26,M,South,Medicare,0,86,6,1,98.4,1,1,80.0,7.1,0
P104285,73,M,Midwest,Medicare,1,53,4,1,55.6,2,0,5.4,8.1,0
P104286,69,M,Northeast,Medicare,0,13,5,2,79.6,2,0,49.7,8.8,0
P104287,76,F,Northeast,Medicare,2,15,2,0,63.3,2,3,165.0,8.5,1
P104288,73,M,Midwest,Commercial,1,48,3,0,88.7,2,0,4.7,9.4,0
P104289,40,F,Northeast,Medicare,2,36,5,0,102.6,2,0,10.6,7.5,0
P104290,22,F,South,Commercial,0,11,6,2,47.2,0,0,13.4,8.2,0
P104291,84,F,Midwest,Commercial,3,5,5,2,17.3,2,0,20.2,5.3,0
P104292,53,M,Midwest,Commercial,0,59,4,0,28.8,3,0,4.9,5.7,0
P104293,24,F,Northeast,Medicare,2,72,7,0,84.6,2,1,7.9,7.3,0
P104294,84,M,Midwest,Commercial,2,21,4,0,68.0,3,3,28.1,6.9,0
P104295,89,M,Northeast,Commercial,1,24,3,0,35.6,3,1,37.0,8.7,1
P104296,50,M,Northeast,Commercial,0,51,6,1,100.1,2,0,40.3,4.2,0
P104297,73,F,Northeast,Uninsured,3,12,4,2,52.0,6,1,171.6,8.3,1
P104298,20,M,Midwest,Commercial,0,80,6,1,51.0,4,0,1.8,8.9,0
P104299,24,M,Midwest,Commercial,2,57,1,2,52.7,4,0,28.2,3.5,0
P104300,37,F,Midwest,Commercial,0,35,2,2,91.6,2,0,18.9,10.0,0
P104301,65,M,Northeast,Medicare,1,56,7,1,40.9,2,0,54.7,10.0,0
P104302,27,M,South,Commercial,2,16,3,2,92.0,0,1,10.8,9.5,0
P104303,20,F,Northeast,Commercial,1,31,1,1,74.1,2,0,52.9,7.1,0
P104304,66,M,South,Medicaid,2,51,6,1,94.1,2,0,11.4,7.0,0
P104305,73,F,Northeast,Medicaid,0,92,2,1,79.1,2,0,55.7,6.5,1
P104306,71,F,Midwest,Medicare,0,81,1,1,68.8,3,1,55.2,7.5,0
P104307,75,M,West,Medicare,0,61,3,1,77.4,2,0,17.8,6.7,0
P104308,75,F,West,Uninsured,3,32,5,2,62.3,1,0,14.7,8.1,0
P104309,61,F,Northeast,Uninsured,2,89,6,1,42.4,1,0,6.9,7.6,0
P104310,55,F,Northeast,Medicare,1,13,4,1,76.5,1,0,61.6,8.6,0
P104311,79,F,Northeast,Medicaid,1,29,6,2,58.2,3,0,26.8,6.8,0
P104312,43,F,West,Medicaid,0,41,1,0,91.6,3,1,10.6,5.7,0
P104313,25,M,West,Uninsured,2,53,2,3,90.7,2,0,44.2,9.6,0
P104314,72,F,Northeast,Commercial,1,65,2,0,74.6,5,2,48.1,5.7,0
P104315,37,F,West,Uninsured,2,40,3,2,84.8,5,0,22.1,7.2,0
P104316,88,M,Midwest,Medicare,3,90,4,3,72.3,3,1,14.1,7.2,0
P104317,47,M,Northeast,Medicare,0,40,3,0,72.6,6,1,17.8,7.7,0
P104318,79,F,South,Commercial,4,60,4,0,44.2,1,0,92.3,7.3,0
P104319,21,F,South,Commercial,0,5,5,4,66.3,4,2,34.3,6.9,1
P104320,65,F,West,Medicaid,1,15,9,2,71.1,1,1,16.9,7.9,1
P104321,50,F,Northeast,Medicare,3,21,0,3,69.2,4,0,12.1,5.8,0
P104322,51,F,Northeast,Commercial,0,1,6,0,66.8,0,1,18.2,7.1,0
P104323,37,M,Midwest,Medicare,2,83,6,3,65.3,2,1,62.9,7.7,1
P104324,87,M,South,Commercial,2,60,6,0,112.0,1,0,7.0,4.3,0
P104325,46,F,South,Medicare,2,81,7,0,63.4,2,0,117.1,9.8,0
P104326,79,M,West,Medicare,1,32,5,0,78.6,3,0,9.6,10.0,0
P104327,48,F,West,Medicare,1,10,4,1,60.8,5,4,78.0,8.6,1
P104328,21,F,Midwest,Commercial,0,32,6,1,68.5,4,0,50.9,6.8,0
P104329,81,F,West,Commercial,1,2,3,1,38.9,3,0,72.1,6.9,0
P104330,31,F,West,Commercial,0,29,3,1,45.8,4,0,11.7,5.6,0
P104331,37,M,Midwest,Medicare,1,10,1,1,48.2,0,0,7.3,10.0,0
P104332,79,F,West,Medicaid,2,21,3,0,25.5,2,1,114.0,5.1,0
P104333,82,M,Northeast,Medicaid,2,61,7,1,63.5,4,0,61.8,9.2,0
P104334,84,F,Northeast,Medicare,1,92,6,0,38.2,4,0,144.3,6.7,0
P104335,48,M,West,Commercial,0,23,1,4,33.6,2,1,146.8,9.9,1
P104336,72,M,Northeast,Commercial,0,94,7,2,114.4,4,0,28.0,8.7,0
P104337,41,F,Midwest,Medicaid,2,73,2,0,89.4,2,0,37.4,9.1,0
P104338,71,F,South,Medicare,1,12,4,0,112.0,3,0,40.9,7.8,0
P104339,54,M,West,Commercial,0,1,4,0,59.2,2,0,0.5,10.0,0
P104340,21,M,Midwest,Medicare,1,11,1,1,53.5,2,0,19.1,4.6,0
P104341,48,F,Northeast,Medicare,0,68,4,1,71.0,3,1,144.2,4.4,1
P104342,51,M,South,Commercial,0,64,4,1,70.8,4,0,32.8,4.7,1
P104343,36,F,Midwest,Commercial,2,85,4,2,52.8,3,0,105.9,6.7,0
P104344,44,F,West,Medicare,2,50,6,3,42.4,0,0,24.1,6.2,0
P104345,54,M,West,Commercial,1,5,3,1,76.4,4,1,187.6,6.5,1
P104346,21,F,West,Commercial,1,95,2,0,21.9,5,1,17.6,10.0,0
P104347,28,F,West,Medicaid,1,83,5,2,76.1,1,0,112.9,6.4,0
P104348,73,F,West,Uninsured,2,69,3,0,54.0,1,0,71.1,9.2,0
P104349,43,F,Midwest,Commercial,0,88,3,1,81.0,1,0,59.1,7.6,0
P104350,61,F,South,Commercial,3,27,3,1,88.3,4,1,10.9,9.5,1
P104351,58,F,Midwest,Medicare,1,51,4,4,75.8,2,1,62.5,8.2,0
P104352,57,M,West,Commercial,2,51,3,2,32.3,1,0,161.0,8.1,0
P104353,47,M,South,Medicaid,1,28,5,1,23.9,4,0,9.2,7.0,0
P104354,52,F,West,Medicare,0,95,4,1,21.9,3,1,1.2,5.8,0
P104355,77,F,Midwest,Commercial,2,54,8,0,48.8,1,0,53.6,4.7,0
P104356,87,M,Northeast,Medicaid,2,88,3,2,24.2,2,0,5.9,8.6,0
P104357,36,F,West,Commercial,2,30,5,0,59.6,3,0,196.9,10.0,1
P104358,66,F,West,Medicare,1,48,2,0,38.3,4,0,69.6,6.5,1
P104359,87,M,Midwest,Medicaid,2,89,2,1,46.3,3,0,167.9,7.5,0
P104360,18,F,Northeast,Commercial,1,18,5,0,60.3,2,1,14.7,5.6,1
P104361,74,M,Northeast,Commercial,0,52,1,0,70.2,3,0,43.1,7.3,0
P104362,53,M,West,Medicaid,0,76,2,2,40.4,2,0,21.0,6.9,0
P104363,87,M,Northeast,Medicare,0,76,6,0,49.6,3,0,0.1,6.3,0
P104364,59,F,South,Commercial,0,72,3,0,69.1,1,1,8.4,5.7,0
P104365,78,F,Midwest,Commercial,1,58,3,0,57.2,0,0,50.4,9.3,0
P104366,29,F,Northeast,Commercial,0,1,6,0,56.4,4,0,11.3,9.3,0
P104367,28,M,West,Medicare,0,28,4,2,77.3,2,0,1.9,10.0,1
P104368,84,M,Midwest,Commercial,1,76,2,1,37.8,1,0,50.1,9.0,0
P104369,55,M,Northeast,Commercial,1,48,2,1,80.9,4,0,5.4,5.9,0
P104370,58,F,South,Commercial,0,35,3,0,117.3,2,0,23.0,6.4,1
P104371,30,M,South,Medicare,1,84,8,2,67.2,3,0,7.6,8.1,0
P104372,34,M,Northeast,Medicaid,2,33,6,1,48.9,5,1,17.7,6.1,0
P104373,76,M,West,Medicare,0,37,2,1,23.9,3,1,16.8,10.0,1
P104374,39,M,South,Medicare,1,39,4,0,47.7,5,0,72.4,7.5,0
P104375,60,F,Midwest,Medicaid,2,33,2,1,69.2,1,1,12.3,5.9,0
P104376,40,F,Midwest,Commercial,1,49,2,1,57.2,0,1,33.5,8.7,0
P104377,36,M,Northeast,Commercial,2,91,4,0,58.7,1,1,26.9,8.9,0
P104378,29,F,Midwest,Commercial,1,95,3,0,57.3,4,2,50.8,8.3,0
P104379,84,F,South,Commercial,0,32,7,1,47.6,1,0,22.2,9.0,0
P104380,85,F,Northeast,Uninsured,2,36,2,2,58.6,0,1,36.9,8.2,0
P104381,26,F,South,Commercial,3,82,4,0,39.8,5,0,49.6,10.0,0
P104382,43,M,Midwest,Medicaid,2,55,3,2,62.5,3,0,15.9,9.4,1
P104383,58,F,Northeast,Commercial,2,17,6,3,63.9,0,0,28.4,6.3,0
P104384,45,F,West,Medicare,3,53,3,2,94.9,1,0,39.5,6.3,0
P104385,69,M,Midwest,Commercial,1,76,4,2,40.8,2,1,10.3,7.3,0
P104386,36,M,South,Commercial,0,39,3,1,78.3,1,1,12.1,7.5,0
P104387,22,F,Midwest,Commercial,3,59,5,0,81.2,2,0,109.0,6.3,0
P104388,42,F,South,Medicare,2,74,3,1,53.7,2,1,143.1,5.7,0
P104389,61,F,Midwest,Medicare,4,12,5,3,43.3,1,0,6.1,7.1,0
P104390,31,F,Northeast,Medicaid,2,93,3,1,93.4,1,0,21.0,6.3,0
P104391,76,F,Midwest,Medicaid,1,7,3,2,27.5,2,0,92.8,7.6,0
P104392,18,F,Northeast,Medicare,3,11,5,2,39.7,1,0,35.1,3.4,0
P104393,22,M,Northeast,Uninsured,0,29,12,0,33.2,2,0,14.7,9.5,0
P104394,54,M,South,Commercial,0,2,3,0,43.1,3,1,20.7,6.9,0
P104395,54,M,Northeast,Commercial,0,63,5,1,54.1,2,1,179.0,8.1,1
P104396,39,F,South,Commercial,2,50,3,0,97.1,2,1,36.0,3.2,0
P104397,36,F,Northeast,Medicare,2,35,2,3,49.5,2,0,56.8,7.6,0
P104398,23,M,Northeast,Medicare,2,94,3,0,112.6,3,1,0.3,7.2,0
P104399,65,M,Northeast,Medicare,1,26,7,2,82.5,2,1,24.1,7.4,0
P104400,45,M,West,Medicaid,3,84,3,1,47.4,1,1,19.9,7.8,0
P104401,26,F,Midwest,Commercial,2,56,4,1,47.7,4,0,120.5,6.5,0
P104402,46,F,Northeast,Medicaid,1,66,5,0,64.9,0,1,28.1,8.2,0
P104403,85,F,Northeast,Medicare,1,91,4,1,61.9,3,0,177.4,2.7,0
P104404,36,M,West,Medicare,1,25,4,1,30.9,4,0,88.5,8.0,0
P104405,82,F,Midwest,Commercial,2,12,6,1,41.7,2,0,7.2,7.8,0
P104406,36,M,West,Commercial,2,76,3,0,21.3,3,0,19.3,10.0,0
P104407,31,M,Northeast,Commercial,2,62,5,1,104.0,2,0,36.0,8.0,0
P104408,36,M,South,Medicaid,3,19,2,1,63.5,5,1,114.1,3.3,1
P104409,41,F,Northeast,Medicare,2,87,6,2,52.2,2,1,0.8,6.7,0
P104410,26,M,South,Commercial,0,69,2,1,43.3,4,0,44.5,6.7,0
P104411,60,M,Northeast,Medicaid,0,52,4,1,46.1,2,1,13.6,7.3,0
P104412,42,F,Northeast,Medicare,3,13,2,0,23.3,3,0,35.8,6.9,0
P104413,69,M,Midwest,Medicaid,1,92,5,0,64.1,3,0,26.2,7.6,0
P104414,53,M,West,Medicare,2,50,2,0,79.4,2,0,28.2,5.8,0
P104415,49,M,Midwest,Medicare,1,57,2,2,99.2,0,2,7.9,10.0,1
P104416,51,F,West,Medicare,2,3,3,0,79.8,1,1,18.1,7.3,0
P104417,29,M,West,Medicare,2,64,3,0,78.7,2,0,19.0,10.0,0
P104418,69,F,West,Commercial,1,80,3,1,89.2,2,0,240.2,5.1,1
P104419,25,F,Northeast,Commercial,2,76,1,1,56.1,4,0,63.3,6.7,1
P104420,69,F,South,Uninsured,1,36,6,2,26.5,3,1,6.9,8.8,0
P104421,89,F,Midwest,Medicare,0,19,1,1,79.4,3,0,23.5,4.8,0
P104422,73,F,West,Medicare,3,43,8,2,42.1,1,0,35.9,9.7,0
P104423,50,F,West,Medicare,0,54,6,0,57.8,3,1,1.3,7.8,0
P104424,40,M,Midwest,Medicare,1,26,6,0,34.7,3,3,2.3,7.7,0
P104425,80,F,South,Commercial,2,59,3,0,88.8,3,0,34.9,9.9,0
P104426,36,M,South,Commercial,1,88,6,2,81.3,1,0,37.2,6.7,0
P104427,52,F,Northeast,Commercial,1,12,1,0,24.9,5,0,27.3,6.5,0
P104428,73,M,South,Commercial,3,24,3,1,62.5,3,0,60.3,6.8,0
P104429,84,M,Northeast,Commercial,1,44,1,1,86.0,1,0,22.9,6.9,0
P104430,84,M,West,Medicaid,0,17,2,1,56.8,3,0,13.2,5.2,0
P104431,24,M,Northeast,Commercial,1,74,3,4,59.6,3,0,56.8,8.2,0
P104432,82,M,South,Medicaid,0,6,3,1,84.2,1,2,53.6,6.9,0
P104433,26,F,West,Medicaid,0,4,3,0,53.4,2,0,81.9,7.2,0
P104434,60,F,West,Commercial,1,34,2,4,57.9,2,0,45.2,7.2,1
P104435,84,F,South,Medicare,1,40,4,2,79.6,4,1,41.3,8.9,0
P104436,65,F,South,Medicare,0,68,3,0,34.8,3,0,55.8,8.1,0
P104437,86,F,Midwest,Medicaid,1,14,3,2,42.9,1,0,8.4,8.3,0
P104438,42,F,West,Medicare,1,75,4,1,17.2,1,1,93.9,7.2,1
P104439,40,M,West,Commercial,1,17,4,0,110.2,3,0,118.5,8.4,0
P104440,41,M,Midwest,Commercial,2,91,2,1,62.9,4,1,16.7,10.0,0
P104441,43,M,South,Medicaid,1,49,2,1,86.3,0,0,54.7,9.6,0
P104442,67,M,South,Commercial,2,73,10,0,30.2,2,1,33.1,5.8,0
P104443,50,F,Midwest,Medicaid,1,3,2,1,91.0,4,1,2.3,9.6,0
P104444,71,F,West,Commercial,2,69,4,4,52.6,2,0,44.1,8.3,0
P104445,47,M,Northeast,Medicare,2,41,4,3,94.4,1,0,4.3,7.5,0
P104446,40,M,West,Medicare,1,48,5,0,55.0,0,0,8.3,9.0,0
P104447,31,F,South,Commercial,1,3,4,1,32.9,3,2,18.2,8.7,0
P104448,57,F,Northeast,Commercial,2,59,2,0,87.2,2,0,14.8,7.9,1
P104449,82,F,Northeast,Commercial,2,88,4,3,61.5,1,2,13.1,6.9,1
P104450,79,F,South,Medicaid,0,95,2,2,30.7,6,0,63.2,6.2,0
P104451,36,F,Northeast,Medicare,1,84,3,1,18.9,1,0,58.0,9.0,0
P104452,52,F,Northeast,Commercial,1,69,4,1,70.4,0,0,83.3,8.1,0
P104453,68,M,South,Medicare,1,21,5,1,59.3,5,0,26.7,7.0,0
P104454,62,M,West,Commercial,1,36,2,1,65.1,2,0,28.6,7.5,0
P104455,22,M,Midwest,Medicare,5,7,4,2,65.8,3,0,126.6,6.8,0
P104456,60,M,Northeast,Medicaid,0,22,5,2,56.4,1,0,4.7,5.7,0
P104457,20,M,Midwest,Medicaid,0,24,1,0,69.5,1,0,0.7,9.7,0
P104458,26,F,South,Medicaid,0,64,1,1,78.0,4,0,24.5,7.7,0
P104459,65,M,Midwest,Commercial,4,3,5,1,56.3,3,0,37.1,4.1,0
P104460,25,F,Northeast,Commercial,1,89,5,1,73.0,3,0,9.1,8.9,0
P104461,42,M,Northeast,Medicaid,2,70,4,0,74.3,2,0,27.5,8.1,0
P104462,60,F,South,Commercial,0,64,3,2,86.7,2,1,71.4,8.5,1
P104463,65,M,West,Commercial,4,55,4,1,7.0,3,0,0.2,9.4,0
P104464,50,M,Midwest,Commercial,5,25,2,1,49.3,1,0,57.9,7.2,0
P104465,24,F,Northeast,Medicaid,2,52,3,0,73.8,5,1,32.2,7.8,0
P104466,75,F,West,Medicare,2,61,3,1,112.4,3,2,6.2,5.1,0
P104467,86,F,West,Uninsured,1,81,1,0,89.5,3,0,109.9,6.6,0
P104468,81,M,Midwest,Commercial,0,65,4,1,90.1,2,2,10.2,9.2,0
P104469,71,M,Midwest,Commercial,1,77,5,0,126.4,1,1,51.7,7.4,0
P104470,46,F,Northeast,Commercial,2,44,6,1,57.9,3,0,53.0,6.8,0
P104471,81,M,Midwest,Medicaid,0,39,10,1,111.8,2,0,40.5,8.0,0
P104472,53,F,West,Commercial,3,75,5,0,77.1,3,1,147.1,5.9,1
P104473,27,F,South,Medicaid,0,58,4,3,35.5,3,0,17.4,6.5,0
P104474,79,F,Northeast,Medicare,1,38,6,1,17.2,3,0,54.8,8.9,1
P104475,41,M,West,Medicaid,1,42,5,2,54.3,4,2,17.6,4.4,1
P104476,85,F,Midwest,Medicaid,1,53,1,1,76.5,5,0,4.4,6.6,0
P104477,44,F,Midwest,Medicare,2,60,4,1,53.4,2,1,26.4,7.7,0
P104478,80,F,Midwest,Medicare,2,35,2,2,62.9,3,0,47.3,8.2,0
P104479,56,M,Northeast,Commercial,0,15,4,0,107.9,0,0,5.4,6.0,0
P104480,51,F,Northeast,Medicaid,2,86,6,2,61.1,2,0,60.0,8.4,0
P104481,39,M,West,Medicaid,0,29,3,1,109.1,2,0,20.6,7.6,0
P104482,78,M,West,Medicare,0,16,4,3,79.3,2,1,9.4,9.7,0
P104483,22,M,Northeast,Commercial,1,24,4,3,86.6,3,1,122.8,8.7,1
P104484,51,F,Midwest,Uninsured,1,83,5,2,54.4,4,0,0.5,7.1,0
P104485,44,M,Midwest,Medicaid,2,16,4,1,58.2,2,0,157.5,9.5,1
P104486,57,F,South,Medicare,1,67,3,3,60.4,1,0,11.9,7.6,0
P104487,36,F,Midwest,Uninsured,1,40,7,1,57.8,2,0,46.5,8.3,0
P104488,65,F,West,Medicare,2,58,6,2,76.3,3,0,1.8,6.5,0
P104489,45,F,West,Commercial,2,70,3,0,92.3,2,0,16.6,5.8,0
P104490,31,M,Northeast,Medicare,2,22,2,1,121.6,1,0,4.7,4.8,0
P104491,32,M,South,Commercial,0,38,2,0,42.5,0,0,3.7,6.5,0
P104492,68,M,West,Medicare,1,76,2,0,60.0,0,0,52.0,7.5,0
P104493,36,F,Northeast,Medicare,3,94,13,1,84.9,3,0,73.9,6.4,0
P104494,40,M,West,Commercial,1,82,2,2,61.5,3,0,32.2,8.0,0
P104495,63,M,South,Commercial,1,29,4,1,27.6,6,0,12.7,7.2,0
P104496,41,F,Midwest,Medicare,1,23,5,3,79.9,2,0,2.2,7.5,0
P104497,45,F,South,Medicaid,3,91,5,1,39.9,3,1,24.7,9.7,0
P104498,35,M,West,Uninsured,0,66,5,2,64.9,5,0,37.3,10.0,0
P104499,42,F,Midwest,Commercial,0,19,4,1,103.0,4,1,22.6,4.9,0
P104500,67,F,Midwest,Medicaid,1,62,3,1,77.6,2,0,36.8,5.5,0
P104501,56,M,South,Commercial,1,31,5,0,75.8,4,0,23.0,7.8,0
P104502,89,F,Northeast,Commercial,0,15,5,0,97.3,2,1,74.9,6.8,0
P104503,73,F,West,Medicare,0,16,6,2,56.9,3,0,22.6,4.8,0
P104504,19,M,South,Commercial,1,36,3,2,68.6,2,0,60.2,8.2,0
P104505,45,M,Northeast,Medicaid,0,23,5,3,55.5,2,0,10.7,5.5,0
P104506,38,M,West,Commercial,1,75,5,0,79.6,3,1,57.8,8.7,0
P104507,60,M,Northeast,Commercial,2,15,2,1,26.7,3,0,19.0,9.2,0
P104508,37,M,Midwest,Medicare,0,18,2,2,37.8,6,1,39.6,9.5,0
P104509,87,M,South,Commercial,0,60,7,1,60.8,2,0,144.0,6.2,1
P104510,39,M,West,Commercial,0,42,5,2,75.1,3,0,0.1,7.5,1
P104511,55,M,Northeast,Commercial,2,20,6,2,107.6,2,1,3.9,9.5,0
P104512,26,F,West,Commercial,1,7,2,2,37.7,1,0,49.0,3.7,1
P104513,83,M,Northeast,Medicaid,1,9,7,4,58.4,6,0,6.4,5.5,0
P104514,83,M,West,Commercial,2,28,3,1,66.4,2,1,0.3,8.5,0
P104515,75,F,South,Medicare,1,26,4,0,31.3,2,0,33.0,10.0,0
P104516,43,M,Northeast,Medicare,0,56,2,1,41.3,6,1,51.0,3.1,0
P104517,22,M,South,Medicare,0,65,8,1,15.1,5,0,96.8,5.4,0
P104518,69,F,Northeast,Medicare,0,16,2,0,73.8,6,0,49.4,6.9,0
P104519,48,F,South,Medicare,0,41,5,1,39.9,3,2,0.1,7.7,0
P104520,89,F,Midwest,Medicaid,1,45,2,1,90.7,1,0,103.9,10.0,0
P104521,68,F,Midwest,Commercial,1,15,4,1,70.5,1,0,44.1,9.3,0
P104522,56,F,Midwest,Medicaid,0,47,2,3,55.2,4,1,97.9,8.3,0
P104523,89,F,West,Commercial,0,7,9,1,41.2,1,0,29.0,5.0,0
P104524,75,F,South,Medicare,0,30,3,2,69.6,6,3,137.6,7.5,0
P104525,51,F,Midwest,Medicare,1,70,4,1,53.6,0,0,64.2,9.0,1
P104526,19,M,Northeast,Commercial,0,24,2,1,73.5,1,0,112.0,5.5,0
P104527,24,M,South,Commercial,2,67,0,2,88.9,3,0,23.5,6.8,1
P104528,49,F,Midwest,Commercial,2,11,4,0,41.0,1,0,116.7,7.2,0
P104529,58,F,Northeast,Commercial,3,44,4,0,49.2,3,2,2.4,6.3,0
P104530,20,F,South,Medicare,2,86,3,0,92.0,1,1,1.7,8.8,0
P104531,27,F,Northeast,Commercial,3,51,4,1,94.8,2,0,145.6,9.1,0
P104532,68,F,West,Medicaid,3,78,4,0,35.9,3,0,12.4,6.0,0
P104533,72,F,Midwest,Medicaid,0,23,4,1,39.0,0,0,3.7,5.6,0
P104534,20,F,Midwest,Commercial,3,18,2,2,38.8,4,1,12.1,7.4,0
P104535,54,M,Midwest,Commercial,0,47,7,1,65.9,6,1,69.1,8.1,0
P104536,23,F,Northeast,Commercial,0,24,6,2,25.2,4,0,93.1,10.0,0
P104537,70,M,Northeast,Medicaid,0,70,6,0,60.8,3,1,21.4,7.5,0
P104538,78,F,South,Commercial,3,34,5,1,59.0,3,0,74.7,6.8,0
P104539,80,F,Northeast,Commercial,3,74,5,1,44.6,2,0,57.7,6.1,0
P104540,61,M,South,Uninsured,1,4,6,2,62.2,2,1,26.4,7.8,0
P104541,63,F,South,Medicare,0,33,9,1,62.2,1,0,4.2,7.0,0
P104542,84,M,West,Commercial,2,24,5,0,51.1,1,0,60.6,8.9,0
P104543,62,M,South,Medicaid,3,65,3,1,102.0,2,0,107.1,7.9,0
P104544,50,M,Northeast,Medicaid,0,20,1,0,49.8,4,0,37.0,7.3,0
P104545,72,F,West,Medicare,2,47,7,1,61.1,2,0,56.6,5.8,0
P104546,60,M,Northeast,Commercial,0,35,5,2,44.9,1,0,102.7,8.3,0
P104547,78,F,Northeast,Medicare,0,71,4,0,84.3,3,0,13.9,7.2,0
P104548,55,F,South,Commercial,0,36,3,2,31.6,2,0,16.7,8.7,1
P104549,80,F,Northeast,Medicare,2,66,1,2,63.7,4,0,9.6,4.9,0
P104550,21,M,West,Commercial,2,9,4,2,37.3,3,0,20.1,8.0,0
P104551,20,M,South,Medicare,0,72,2,1,17.1,5,1,3.6,8.9,0
P104552,25,F,West,Medicaid,2,61,7,1,43.3,1,0,3.6,7.6,0
P104553,58,F,Northeast,Uninsured,0,16,4,2,44.1,2,1,22.8,9.0,0
P104554,69,M,Midwest,Medicaid,1,11,5,0,73.4,1,0,107.1,8.2,0
P104555,33,M,Northeast,Commercial,2,31,8,1,38.9,4,1,56.8,6.4,0
P104556,29,F,Northeast,Commercial,2,94,2,2,8.1,2,0,57.4,5.4,0
P104557,79,F,South,Medicare,0,26,3,2,10.3,1,0,36.9,9.3,0
P104558,72,M,West,Commercial,2,46,8,1,64.1,2,0,14.4,6.5,1
P104559,64,M,South,Commercial,2,43,5,2,71.7,2,0,41.5,7.3,0
P104560,53,M,West,Medicaid,0,29,3,2,64.4,4,1,48.3,6.5,0
P104561,48,F,Northeast,Commercial,0,45,4,1,49.4,7,1,28.2,9.4,0
P104562,19,F,South,Commercial,2,17,4,1,67.9,2,0,34.0,3.4,1
P104563,31,F,Midwest,Medicare,0,64,4,1,13.8,1,0,35.4,9.1,0
P104564,82,F,South,Uninsured,2,16,5,0,9.7,1,0,27.2,6.5,1
P104565,42,M,Midwest,Medicare,1,55,8,3,23.6,1,0,9.7,10.0,0
P104566,68,F,Midwest,Commercial,0,31,4,0,55.5,2,0,2.8,9.1,0
P104567,68,M,Northeast,Medicare,0,56,3,3,79.5,1,0,59.7,6.0,1
P104568,40,M,Midwest,Medicaid,2,53,2,2,34.8,4,1,51.3,10.0,1
P104569,32,M,West,Commercial,5,61,6,0,37.7,2,0,2.1,6.4,0
P104570,67,M,West,Medicare,0,58,4,1,75.8,3,0,8.4,8.6,0
P104571,24,M,South,Medicare,1,26,4,2,49.6,1,0,28.5,8.3,0
P104572,53,F,South,Medicare,1,56,2,3,64.5,5,1,149.8,10.0,0
P104573,81,F,West,Commercial,2,22,1,0,62.5,3,0,24.4,5.8,0
P104574,69,F,West,Medicaid,2,37,4,1,28.8,3,0,42.4,3.2,0
P104575,73,M,West,Commercial,2,21,1,1,104.8,3,0,119.5,5.4,1
P104576,23,M,West,Commercial,1,51,6,1,37.9,0,1,20.7,7.5,0
P104577,32,F,South,Commercial,0,75,6,0,107.5,1,0,182.8,5.6,0
P104578,37,F,Northeast,Medicare,2,58,4,0,73.7,1,0,64.3,5.0,0
P104579,39,F,Northeast,Commercial,1,10,5,1,66.8,2,0,37.3,6.9,0
P104580,31,F,South,Medicaid,1,8,5,0,22.7,4,1,41.2,9.2,0
P104581,87,M,West,Medicaid,1,31,8,1,68.6,4,0,1.7,2.3,0
P104582,29,F,South,Commercial,4,56,6,2,58.0,4,2,20.5,7.8,0
P104583,68,M,South,Medicaid,0,27,2,1,54.3,2,0,2.2,7.8,0
P104584,60,M,West,Uninsured,0,95,5,0,27.4,1,1,15.6,8.9,0
P104585,61,F,Northeast,Commercial,1,57,6,1,81.9,2,1,26.7,5.6,0
P104586,33,F,Midwest,Medicare,1,85,8,0,83.0,0,0,45.9,10.0,0
P104587,40,M,Midwest,Uninsured,0,88,6,3,17.2,2,0,8.2,7.8,0
P104588,61,M,West,Medicaid,1,10,4,1,45.0,5,0,16.7,8.3,0
P104589,39,F,South,Medicare,1,84,3,3,52.8,0,0,63.4,6.6,0
P104590,67,F,Midwest,Medicaid,0,5,4,1,68.5,1,0,82.5,9.5,0
P104591,20,M,West,Medicare,0,11,2,1,63.6,0,1,40.2,10.0,1
P104592,23,M,West,Commercial,1,52,4,2,58.2,3,0,26.5,6.9,1
P104593,70,M,Midwest,Commercial,2,52,5,1,72.1,2,0,11.3,8.0,0
P104594,62,M,Midwest,Medicare,0,62,2,3,106.7,1,0,52.6,8.6,0
P104595,21,M,West,Commercial,1,4,3,0,52.6,3,0,68.3,10.0,0
P104596,82,F,West,Commercial,2,11,1,0,85.8,2,1,26.7,9.3,0
P104597,18,M,Midwest,Commercial,0,76,1,1,103.8,1,0,42.3,8.4,0
P104598,86,F,South,Medicaid,2,57,5,0,98.2,2,1,23.7,8.6,0
P104599,70,M,Midwest,Medicare,1,36,4,0,76.5,4,0,26.6,9.1,0
P104600,89,M,Northeast,Commercial,2,18,6,1,76.4,3,0,23.2,9.3,0
P104601,86,M,Midwest,Commercial,0,21,6,2,70.8,4,1,13.6,9.4,0
P104602,40,F,South,Commercial,2,30,3,1,102.3,5,1,35.9,6.5,0
P104603,72,M,West,Commercial,1,46,4,0,50.3,0,0,20.7,10.0,0
P104604,33,M,Midwest,Medicare,0,78,4,0,50.6,1,1,16.6,8.1,0
P104605,51,M,West,Commercial,0,42,4,1,43.5,2,0,79.5,8.5,0
P104606,35,M,West,Uninsured,2,42,5,2,121.0,1,0,147.4,9.3,1
P104607,52,F,West,Commercial,0,90,5,1,98.4,2,0,34.7,8.6,0
P104608,80,F,Northeast,Commercial,1,9,3,0,44.9,0,1,7.3,9.2,0
P104609,49,M,West,Medicaid,2,4,3,2,29.9,2,0,6.5,6.4,0
P104610,24,M,South,Commercial,2,95,4,1,55.0,3,0,30.0,7.6,0
P104611,41,M,Midwest,Commercial,2,91,5,0,61.8,1,0,81.7,7.6,1
P104612,74,M,South,Commercial,0,39,3,0,66.4,3,1,45.5,9.3,0
P104613,55,F,South,Medicare,1,23,6,0,21.5,2,0,23.3,7.7,0
P104614,58,F,West,Commercial,2,12,6,1,41.5,2,1,0.4,7.9,0
P104615,49,M,West,Medicaid,1,14,3,0,90.4,3,0,110.8,8.0,0
P104616,39,F,Midwest,Medicare,0,85,0,1,75.3,5,0,122.6,10.0,0
P104617,61,M,Northeast,Medicaid,0,71,8,0,42.5,1,1,21.3,2.7,0
P104618,63,M,Northeast,Medicare,1,81,2,2,84.2,0,1,102.0,8.3,1
P104619,82,M,Northeast,Medicaid,1,50,1,0,84.4,4,1,20.9,6.9,1
P104620,62,F,West,Medicare,0,63,7,1,115.6,0,1,41.0,4.3,0
P104621,89,M,South,Medicare,0,86,7,1,54.6,1,0,3.8,5.6,0
P104622,77,F,Northeast,Medicare,2,34,2,1,43.2,2,0,20.8,5.6,0
P104623,23,F,Midwest,Medicare,2,52,1,2,56.3,1,1,182.5,6.8,0
P104624,46,F,West,Commercial,0,28,2,2,83.2,5,1,15.4,6.0,0
P104625,45,F,Midwest,Medicare,2,49,9,2,28.7,1,0,53.0,7.6,0
P104626,18,M,South,Commercial,1,21,1,2,60.1,3,0,14.3,8.9,0
P104627,31,M,Northeast,Medicare,4,20,4,1,61.0,0,0,198.3,7.8,1
P104628,72,F,West,Commercial,1,34,3,0,93.2,4,0,46.7,6.3,0
P104629,43,M,Northeast,Commercial,0,91,3,0,46.6,2,0,17.6,7.9,0
P104630,28,F,West,Commercial,0,26,10,0,56.3,2,0,32.9,8.6,0
P104631,38,M,Northeast,Commercial,3,64,2,1,73.1,2,1,51.4,9.6,0
P104632,37,M,Northeast,Commercial,0,55,4,3,44.6,1,0,16.8,6.0,0
P104633,30,M,South,Commercial,1,58,2,1,40.1,1,0,33.3,10.0,0
P104634,25,F,Northeast,Medicare,1,13,3,2,106.8,2,0,85.3,7.8,0
P104635,73,F,Northeast,Commercial,4,76,5,0,73.9,1,0,77.4,7.8,0
P104636,77,F,Northeast,Uninsured,0,75,7,1,90.4,2,0,112.0,6.2,0
P104637,53,M,Midwest,Medicaid,1,10,3,2,78.2,3,0,94.3,5.1,1
P104638,62,M,West,Commercial,1,38,5,1,57.1,0,0,1.1,5.0,0
P104639,84,F,Northeast,Commercial,2,83,1,1,44.9,2,0,92.0,10.0,0
P104640,78,F,Midwest,Commercial,2,23,8,1,45.9,2,0,1.6,10.0,0
P104641,20,M,South,Commercial,2,48,6,1,41.6,2,0,21.9,8.6,0
P104642,86,F,South,Medicare,2,79,3,1,41.8,6,0,55.1,5.5,1
P104643,22,M,South,Medicare,1,77,4,0,40.5,3,0,215.1,7.3,1
P104644,19,M,West,Medicare,2,37,4,0,79.5,2,0,95.8,4.8,0
P104645,47,F,Midwest,Commercial,2,68,4,0,36.0,1,2,54.6,6.4,0
P104646,71,F,Midwest,Medicare,4,89,6,1,94.8,2,2,91.4,4.7,0
P104647,23,F,West,Commercial,0,43,5,3,78.8,1,1,40.3,6.8,0
P104648,39,F,Midwest,Medicaid,0,93,4,1,76.8,1,0,12.9,6.9,0
P104649,36,M,Northeast,Uninsured,1,74,2,0,66.0,4,0,190.0,6.3,1
P104650,46,M,Northeast,Commercial,2,62,2,5,70.4,3,1,10.6,5.8,1
P104651,88,F,South,Medicaid,1,69,4,1,49.4,3,0,19.4,7.2,0
P104652,41,M,Northeast,Medicaid,0,18,3,1,38.9,2,0,18.1,8.5,0
P104653,33,F,Midwest,Medicare,1,1,6,1,48.9,3,1,0.1,9.8,0
P104654,26,F,South,Commercial,0,79,3,2,27.2,1,1,7.6,6.2,0
P104655,32,M,Northeast,Medicaid,3,68,4,3,71.5,4,0,174.6,8.6,0
P104656,27,M,South,Commercial,0,90,7,1,35.0,4,0,6.9,8.5,0
P104657,59,M,West,Commercial,0,49,4,2,76.3,4,0,64.1,8.1,0
P104658,48,F,West,Medicare,0,37,6,1,77.0,4,0,209.2,9.1,1
P104659,53,M,West,Commercial,1,80,7,0,66.5,0,0,63.4,7.8,0
P104660,77,F,West,Commercial,1,90,4,0,47.3,4,0,88.4,7.4,0
P104661,59,M,Midwest,Uninsured,1,77,5,2,38.9,3,0,97.3,8.6,0
P104662,29,M,West,Commercial,0,79,6,2,41.9,1,0,4.9,10.0,0
P104663,45,M,West,Medicare,0,17,2,0,36.9,3,0,15.4,4.7,0
P104664,40,F,Midwest,Medicare,3,83,5,2,59.7,4,1,87.5,7.8,0
P104665,77,F,South,Commercial,2,3,3,1,57.3,3,0,1.5,6.7,0
P104666,40,M,West,Medicare,4,72,4,0,107.7,3,0,99.8,5.5,0
P104667,27,F,South,Medicare,0,19,1,2,106.4,4,0,3.2,8.4,0
P104668,70,M,Northeast,Medicare,0,4,4,1,98.2,2,0,40.4,6.9,1
P104669,48,F,Northeast,Medicare,0,71,3,3,55.0,6,1,129.9,6.6,0
P104670,24,M,Midwest,Uninsured,0,33,4,1,24.6,0,0,10.9,8.1,0
P104671,67,F,Northeast,Medicaid,1,83,4,0,64.6,5,0,5.4,8.9,0
P104672,33,M,Northeast,Commercial,3,27,2,0,53.8,2,0,58.8,5.5,0
P104673,80,F,Northeast,Commercial,0,67,5,2,61.0,5,0,102.3,7.9,0
P104674,77,F,Midwest,Medicare,2,62,5,2,70.8,4,1,85.3,10.0,0
P104675,44,M,South,Medicaid,1,78,7,0,77.6,2,1,2.1,7.8,0
P104676,58,F,Midwest,Medicaid,2,82,4,1,15.5,1,0,15.4,7.3,0
P104677,58,M,Midwest,Commercial,1,56,5,1,92.4,4,0,0.1,7.2,0
P104678,65,M,West,Medicaid,1,33,6,1,83.9,1,0,82.8,3.9,1
P104679,22,M,Northeast,Commercial,3,49,4,1,45.7,0,1,155.9,4.2,0
P104680,41,M,South,Commercial,0,58,5,2,82.2,1,0,9.8,9.2,0
P104681,30,M,Midwest,Medicare,1,93,2,3,53.7,3,0,9.0,10.0,0
P104682,68,F,South,Commercial,1,17,8,3,60.9,2,1,27.3,10.0,0
P104683,22,M,Northeast,Medicare,2,8,4,0,56.3,7,0,8.8,10.0,0
P104684,55,F,Northeast,Commercial,1,45,1,0,41.9,4,1,106.3,6.9,0
P104685,70,M,South,Medicaid,0,41,2,1,28.6,2,1,12.2,7.3,0
P104686,86,F,South,Uninsured,1,86,2,2,128.3,3,0,139.5,5.4,1
P104687,38,M,Northeast,Commercial,0,27,5,2,75.7,1,1,3.1,5.6,1
P104688,18,F,South,Medicare,0,15,1,2,63.5,7,0,35.8,8.9,1
P104689,70,F,Midwest,Medicare,2,12,2,0,105.3,8,0,161.6,6.3,0
P104690,18,F,West,Commercial,4,85,1,1,18.0,2,1,5.3,6.5,0
P104691,22,F,Midwest,Medicaid,0,58,6,2,53.9,3,0,35.5,6.9,0
P104692,89,F,Northeast,Medicare,4,93,8,2,44.6,1,0,2.1,9.1,0
P104693,80,F,Midwest,Commercial,1,26,3,1,47.7,3,0,37.2,7.5,0
P104694,68,F,Northeast,Medicaid,2,8,7,1,60.8,3,0,15.0,6.4,0
P104695,78,M,Northeast,Commercial,2,44,4,0,49.1,8,0,12.4,7.5,1
P104696,23,F,Midwest,Commercial,0,17,4,2,15.5,4,2,35.9,9.1,0
P104697,24,M,South,Commercial,0,13,8,1,34.6,4,0,1.4,6.4,0
P104698,39,F,South,Medicaid,1,84,2,1,37.0,3,0,12.8,5.7,0
P104699,19,M,West,Medicaid,1,38,4,1,48.9,1,0,22.4,5.8,0
P104700,81,F,Northeast,Commercial,1,7,5,2,36.2,0,0,37.8,10.0,0
P104701,22,M,Northeast,Commercial,1,20,5,1,55.6,2,0,0.9,6.1,0
P104702,57,M,Midwest,Commercial,1,35,4,1,56.3,2,1,16.8,7.5,0
P104703,79,M,South,Medicare,0,86,3,2,7.0,4,1,28.9,4.1,0
P104704,70,F,West,Commercial,2,61,7,1,33.2,3,0,142.8,10.0,0
P104705,34,F,Northeast,Commercial,1,50,2,0,65.4,2,2,37.4,6.4,0
P104706,51,F,South,Commercial,0,56,4,0,57.2,2,0,24.3,8.4,1
P104707,57,F,Northeast,Medicare,4,76,0,0,16.1,3,1,243.9,7.3,1
P104708,73,F,Northeast,Medicare,0,19,3,2,80.1,5,0,24.2,6.2,0
P104709,48,M,South,Medicare,2,47,1,3,75.2,5,1,11.8,8.7,0
P104710,38,F,Midwest,Commercial,1,37,4,0,118.2,5,0,30.3,6.4,0
P104711,75,M,Northeast,Medicare,1,5,6,0,104.1,3,1,8.2,9.2,0
P104712,81,F,West,Medicare,0,53,4,2,38.7,4,2,13.2,10.0,1
P104713,53,F,Midwest,Medicare,1,66,4,1,56.8,6,0,74.9,9.1,0
P104714,20,F,South,Commercial,3,64,6,1,60.8,3,0,120.5,6.0,0
P104715,54,F,West,Commercial,0,5,5,1,91.9,4,0,69.6,7.1,1
P104716,82,M,South,Medicare,1,38,4,0,52.9,1,1,0.5,4.5,0
P104717,89,M,Northeast,Commercial,2,38,4,2,93.6,2,0,47.8,3.4,0
P104718,46,M,West,Medicare,2,15,1,1,67.1,1,1,1.7,5.1,0
P104719,28,F,Northeast,Commercial,2,52,7,1,40.0,7,0,80.7,7.6,0
P104720,59,F,West,Commercial,0,51,3,1,30.5,1,0,42.3,8.1,0
P104721,77,M,West,Medicare,2,75,3,2,85.4,0,0,143.6,8.1,1
P104722,86,F,West,Commercial,1,73,7,1,84.2,4,2,35.2,8.4,0
P104723,21,F,South,Commercial,2,86,7,1,87.3,5,0,32.6,7.8,0
P104724,38,M,Midwest,Medicaid,0,41,4,1,7.0,1,0,3.4,8.9,0
P104725,52,F,West,Commercial,5,20,4,1,56.7,0,0,59.2,7.8,1
P104726,25,F,Northeast,Medicaid,0,52,1,1,91.3,2,1,40.9,6.1,0
P104727,81,F,South,Commercial,2,64,1,1,24.2,6,0,11.3,9.0,0
P104728,26,M,South,Medicaid,1,32,4,1,74.2,0,0,8.8,5.5,0
P104729,65,F,Midwest,Medicaid,1,45,2,0,46.2,1,0,13.2,5.8,0
P104730,84,M,Midwest,Commercial,1,88,5,1,36.5,4,1,58.4,10.0,0
P104731,67,F,West,Medicare,0,73,7,1,41.8,2,1,39.2,5.6,0
P104732,72,F,South,Medicare,1,58,6,3,99.5,1,0,0.7,9.0,0
P104733,36,F,Northeast,Medicare,0,90,1,0,82.4,0,0,12.1,8.5,0
P104734,77,M,Northeast,Commercial,3,2,8,0,57.1,0,1,7.6,5.5,0
P104735,48,F,West,Medicaid,0,51,3,1,115.0,6,0,14.8,10.0,0
P104736,22,M,South,Medicare,3,26,6,0,15.2,5,1,22.7,7.0,0
P104737,44,F,Midwest,Uninsured,2,28,4,1,44.0,4,0,5.7,6.8,0
P104738,43,F,Midwest,Medicaid,3,75,2,1,100.0,5,0,92.0,6.9,0
P104739,55,F,West,Medicaid,2,76,1,1,55.5,1,1,173.9,8.3,0
P104740,37,F,Northeast,Medicare,1,47,4,1,54.8,0,0,28.5,6.2,0
P104741,51,F,Northeast,Medicare,0,51,5,4,57.0,3,1,19.8,5.0,0
P104742,48,M,Midwest,Medicaid,2,57,4,1,48.6,2,1,5.4,8.7,0
P104743,41,M,South,Medicare,0,84,0,2,83.2,0,1,33.8,5.2,0
P104744,68,M,West,Commercial,0,3,5,0,39.4,3,0,93.4,4.9,0
P104745,39,M,Northeast,Medicare,0,54,2,4,127.2,1,0,87.3,6.4,0
P104746,73,M,South,Commercial,0,7,5,0,24.6,4,0,12.0,10.0,0
P104747,36,M,West,Medicaid,0,90,1,3,102.3,3,0,98.7,6.8,1
P104748,80,F,West,Medicare,1,23,1,0,80.6,6,0,46.7,10.0,0
P104749,44,M,Northeast,Medicare,1,2,2,0,42.9,0,0,11.4,7.3,0
P104750,20,M,West,Commercial,1,77,4,0,66.4,1,1,11.0,7.6,0
P104751,28,F,Northeast,Medicare,0,71,9,0,81.1,3,1,15.0,7.9,0
P104752,76,M,Northeast,Commercial,1,86,5,3,75.7,6,0,4.7,6.4,0
P104753,80,M,West,Medicare,1,33,3,1,12.5,6,0,51.8,7.5,0
P104754,33,F,Northeast,Medicare,2,27,5,0,69.7,2,0,14.5,8.5,1
P104755,61,M,South,Medicare,0,64,6,0,25.3,1,1,9.5,7.9,1
P104756,59,F,Northeast,Commercial,2,90,6,1,86.2,3,0,2.9,6.4,0
P104757,27,F,Midwest,Medicare,1,90,4,2,86.7,3,0,28.1,9.2,0
P104758,50,F,Northeast,Medicare,1,38,6,0,25.8,1,0,42.5,4.0,0
P104759,67,M,South,Medicaid,2,63,7,2,10.6,3,0,131.7,8.7,0
P104760,87,F,South,Medicaid,2,79,8,1,52.4,2,0,102.6,8.2,0
P104761,79,M,Midwest,Medicaid,0,71,5,2,54.0,1,0,48.2,7.6,0
P104762,25,F,South,Commercial,1,58,6,2,60.2,4,0,28.8,9.6,0
P104763,35,F,Northeast,Commercial,3,16,3,1,70.5,0,0,39.1,8.2,1
P104764,49,M,South,Medicaid,1,61,3,0,56.1,2,0,33.3,2.4,1
P104765,28,F,South,Uninsured,1,17,2,1,62.6,3,1,4.3,9.0,0
P104766,59,M,South,Commercial,1,43,5,5,39.2,0,0,32.5,7.5,1
P104767,18,F,Midwest,Medicare,1,55,1,0,34.3,1,0,76.6,7.7,0
P104768,26,M,South,Commercial,1,3,5,0,75.1,0,1,58.0,7.9,0
P104769,21,M,South,Commercial,3,41,6,0,73.0,1,1,18.9,7.7,0
P104770,39,F,West,Uninsured,1,30,3,0,51.1,3,0,16.2,5.5,0
P104771,72,F,South,Medicaid,2,11,1,1,33.7,3,1,34.7,6.4,1
P104772,30,F,South,Uninsured,1,62,2,3,98.8,3,3,9.8,9.1,0
P104773,89,M,Northeast,Commercial,1,70,7,1,102.8,1,2,3.4,7.4,0
P104774,37,M,Midwest,Medicare,1,85,3,2,88.5,4,2,77.9,7.8,0
P104775,21,F,Midwest,Medicaid,3,67,3,2,75.8,1,0,18.2,8.7,0
P104776,42,F,Midwest,Medicare,2,18,5,0,32.8,3,1,70.8,7.1,0
P104777,71,M,Northeast,Commercial,1,9,2,2,92.0,2,0,1.1,9.5,0
P104778,25,F,South,Medicare,1,79,5,0,74.5,4,1,38.1,7.9,0
P104779,23,M,South,Commercial,1,5,7,2,34.4,3,0,20.5,5.5,0
P104780,79,M,West,Medicare,0,37,4,0,77.6,2,1,4.6,6.9,0
P104781,60,F,South,Medicaid,2,36,1,1,47.2,1,0,124.7,6.8,1
P104782,42,F,South,Commercial,2,18,5,0,80.7,4,1,22.4,7.6,0
P104783,72,F,South,Commercial,0,61,9,1,88.6,5,0,125.3,5.6,1
P104784,78,F,West,Medicare,2,74,3,4,73.0,1,0,9.0,10.0,0
P104785,43,M,Midwest,Medicare,0,85,6,0,39.1,1,1,17.4,9.0,0
P104786,58,M,West,Commercial,0,45,7,1,75.4,1,1,17.4,7.9,0
P104787,18,M,South,Commercial,4,42,0,0,74.0,4,0,38.9,7.7,0
P104788,40,M,West,Medicare,3,20,3,5,42.5,3,3,19.2,9.2,0
P104789,60,F,West,Commercial,0,8,9,1,51.5,2,0,128.9,4.8,1
P104790,32,M,Midwest,Medicare,2,80,5,5,107.6,2,1,27.0,8.1,0
P104791,89,F,Midwest,Medicare,1,80,10,0,101.4,3,1,13.6,5.3,0
P104792,87,F,West,Commercial,3,94,0,1,46.3,2,0,23.1,9.1,0
P104793,36,F,West,Medicare,2,12,3,0,9.5,0,0,0.9,5.9,0
P104794,46,M,South,Medicare,1,41,4,0,97.1,3,0,1.9,8.1,0
P104795,31,M,Midwest,Medicare,2,61,6,1,113.0,3,1,85.0,10.0,0
P104796,54,F,South,Medicare,2,84,5,3,99.3,0,0,152.5,9.5,0
P104797,26,M,Northeast,Commercial,2,40,6,1,51.1,1,0,77.8,5.7,0
P104798,46,F,South,Commercial,2,14,5,3,76.8,4,1,5.6,7.9,0
P104799,57,F,West,Medicare,1,87,4,0,36.9,0,0,52.1,7.6,0
P104800,62,F,West,Medicare,2,8,4,1,87.0,0,1,81.3,7.4,0
P104801,60,M,West,Commercial,2,67,4,1,45.4,1,1,41.9,10.0,0
P104802,33,F,West,Commercial,1,35,2,1,44.1,5,0,53.0,7.4,0
P104803,75,F,Midwest,Medicare,2,1,7,3,57.9,4,1,114.4,10.0,0
P104804,67,F,West,Commercial,3,50,7,0,46.0,2,0,31.6,6.4,0
P104805,72,M,Northeast,Medicaid,1,36,8,0,78.4,6,1,56.2,7.6,0
P104806,51,M,South,Medicare,1,42,3,4,38.6,4,1,13.9,7.5,1
P104807,82,F,Northeast,Commercial,1,18,3,2,124.7,2,0,69.7,8.0,0
P104808,46,M,West,Medicare,2,64,2,2,73.8,2,1,3.5,9.0,0
P104809,76,F,Midwest,Commercial,0,27,2,1,51.3,2,0,1.5,9.9,0
P104810,32,F,West,Medicaid,2,15,3,1,35.6,3,0,21.6,7.3,0
P104811,35,M,South,Medicaid,2,38,3,0,52.2,1,1,41.2,7.2,0
P104812,55,M,South,Medicaid,1,18,4,1,54.8,4,1,11.1,7.4,0
P104813,58,F,Midwest,Medicare,1,52,8,2,53.2,2,0,72.9,9.2,1
P104814,71,M,Midwest,Medicaid,1,51,6,1,47.6,2,1,14.6,5.3,0
P104815,39,F,South,Medicare,0,76,1,0,39.4,4,0,11.0,6.7,0
P104816,80,M,South,Medicaid,1,94,3,3,82.7,1,1,125.3,10.0,0
P104817,41,M,Midwest,Commercial,1,9,5,2,95.3,2,0,12.9,3.7,0
P104818,56,M,Northeast,Medicaid,1,4,1,1,38.4,3,0,13.9,9.1,0
P104819,85,F,Northeast,Medicare,1,42,4,1,58.8,6,1,105.9,9.7,0
P104820,56,M,Northeast,Commercial,2,7,5,1,15.0,0,0,173.3,9.2,1
P104821,67,M,Northeast,Uninsured,1,81,3,0,46.4,4,0,45.9,6.6,0
P104822,83,F,Northeast,Medicare,1,77,1,1,109.2,5,0,149.5,9.4,0
P104823,88,F,Northeast,Medicaid,4,42,2,1,90.0,5,0,33.5,8.6,0
P104824,53,M,Northeast,Commercial,0,92,5,2,75.5,2,1,2.3,8.5,0
P104825,48,F,West,Medicare,0,50,4,2,31.1,1,0,79.5,5.5,0
P104826,32,M,Northeast,Medicare,1,52,3,1,42.6,3,0,111.2,7.0,1
P104827,56,F,Midwest,Commercial,2,74,3,2,47.1,2,0,35.8,7.7,1
P104828,84,M,Northeast,Medicaid,0,53,8,0,85.5,3,0,72.3,10.0,0
P104829,53,F,West,Medicare,1,68,2,0,92.5,10,0,12.1,5.3,0
P104830,43,M,Northeast,Commercial,1,23,2,1,60.2,6,1,9.6,7.4,0
P104831,25,M,Midwest,Medicare,2,49,4,1,82.7,1,0,16.2,8.2,0
P104832,46,F,Midwest,Commercial,0,77,3,0,41.8,0,0,30.0,7.6,0
P104833,35,M,West,Medicaid,1,92,4,0,68.3,3,2,40.3,7.8,0
P104834,88,M,Midwest,Medicaid,4,19,3,1,86.5,2,0,28.3,4.6,0
P104835,55,F,Midwest,Medicare,2,4,4,2,100.2,2,0,28.6,8.0,0
P104836,27,F,West,Medicare,2,57,1,3,31.3,1,0,90.0,5.6,0
P104837,22,M,West,Commercial,1,6,6,3,96.6,4,1,113.0,7.4,1
P104838,79,M,South,Commercial,1,65,7,2,120.6,1,0,49.1,7.4,0
P104839,85,F,West,Medicaid,1,41,1,1,24.9,2,1,3.7,9.9,0
P104840,72,M,West,Commercial,4,77,4,3,20.8,6,0,54.9,3.2,0
P104841,26,F,Midwest,Commercial,1,15,4,2,101.2,2,0,45.4,3.7,0
P104842,25,F,West,Commercial,2,5,2,1,51.2,5,2,56.5,6.4,1
P104843,32,M,Northeast,Medicare,0,21,3,2,56.2,3,1,6.2,9.1,0
P104844,72,F,Midwest,Medicaid,1,7,1,3,91.4,7,2,74.4,8.1,1
P104845,73,F,Midwest,Commercial,2,15,2,3,39.7,1,1,24.6,7.5,0
P104846,78,F,West,Commercial,2,72,1,0,68.6,0,0,40.6,10.0,0
P104847,24,F,Northeast,Commercial,0,66,10,0,27.9,0,0,147.7,6.0,1
P104848,29,F,West,Commercial,0,60,3,3,83.8,3,0,13.6,6.5,0
P104849,82,M,Northeast,Commercial,2,41,5,2,83.7,2,0,163.1,8.5,0
P104850,84,M,South,Medicaid,1,22,3,0,66.5,1,0,95.4,8.1,0
P104851,70,M,Midwest,Medicare,0,80,4,1,62.6,2,0,9.8,6.2,0
P104852,25,M,South,Commercial,0,84,7,0,61.9,4,0,7.1,6.5,0
P104853,22,F,West,Medicare,2,24,5,0,58.0,2,0,16.0,6.1,0
P104854,22,F,West,Medicaid,0,86,3,3,60.4,2,2,109.8,5.2,1
P104855,67,M,Northeast,Commercial,2,60,8,1,84.1,7,0,3.0,6.5,0
P104856,78,F,South,Commercial,0,33,3,2,17.6,3,0,28.2,3.9,1
P104857,63,F,Northeast,Medicaid,1,21,5,1,108.1,3,0,11.9,7.2,0
P104858,36,M,Midwest,Commercial,0,57,5,0,66.9,0,1,8.2,7.2,0
P104859,72,M,West,Medicaid,2,2,3,0,118.6,5,1,44.5,7.7,1
P104860,22,M,Midwest,Medicaid,0,31,2,1,68.5,2,0,38.5,9.8,0
P104861,77,F,Northeast,Medicaid,0,66,7,3,62.5,4,0,19.2,7.3,0
P104862,82,F,Northeast,Commercial,2,48,7,0,77.9,4,1,21.4,5.9,0
P104863,69,F,Northeast,Commercial,1,14,4,2,31.0,1,0,19.8,7.0,0
P104864,81,M,South,Medicaid,2,16,2,1,35.5,5,0,64.1,5.7,0
P104865,60,F,Midwest,Medicare,1,66,4,1,57.2,3,1,8.4,8.4,0
P104866,51,F,Northeast,Commercial,1,80,3,0,64.1,1,1,75.1,8.9,0
P104867,41,F,West,Medicare,1,66,4,2,88.0,6,0,26.7,9.0,0
P104868,84,M,South,Commercial,1,15,5,0,64.2,0,0,12.0,9.9,0
P104869,68,M,Midwest,Medicare,1,64,3,1,98.5,1,2,38.9,4.6,1
P104870,31,F,Midwest,Medicaid,0,27,2,1,7.0,3,0,113.3,6.6,0
P104871,86,F,Midwest,Medicare,1,57,9,2,107.4,5,0,100.5,10.0,0
P104872,22,F,South,Medicare,1,57,2,0,52.0,2,0,40.4,9.3,0
P104873,60,F,South,Uninsured,1,85,1,1,79.3,3,0,32.6,8.4,1
P104874,31,M,South,Medicare,0,79,3,1,92.2,5,1,5.3,7.3,1
P104875,65,F,Northeast,Commercial,0,8,4,0,29.3,2,0,47.5,9.7,0
P104876,47,M,South,Medicare,1,1,2,0,98.3,2,1,5.4,6.9,1
P104877,49,M,West,Commercial,3,89,5,2,81.1,6,1,47.6,6.5,0
P104878,66,M,West,Commercial,1,30,4,1,106.6,1,0,47.2,8.0,0
P104879,72,M,West,Medicare,1,7,5,1,64.1,1,1,56.8,7.3,0
P104880,45,F,South,Commercial,3,19,5,1,62.1,2,1,56.4,6.3,1
P104881,89,F,South,Commercial,2,48,6,0,43.7,0,0,47.8,6.4,0
P104882,53,F,Northeast,Medicare,3,85,2,0,44.6,1,0,16.9,9.4,0
P104883,29,M,South,Commercial,0,88,3,1,60.6,2,0,7.7,10.0,0
P104884,18,F,Midwest,Medicare,0,63,1,0,76.8,3,0,24.5,8.4,1
P104885,32,F,South,Commercial,0,26,2,1,81.0,1,0,91.5,6.5,0
P104886,67,F,Midwest,Medicare,1,68,3,0,36.9,6,2,62.8,7.3,1
P104887,56,F,Northeast,Medicaid,2,80,7,4,59.7,4,0,0.1,5.7,0
P104888,42,M,South,Commercial,1,40,4,0,67.8,0,0,34.9,5.4,0
P104889,52,M,South,Medicaid,0,57,4,2,8.3,4,0,27.3,7.9,0
P104890,78,M,South,Commercial,1,47,4,3,83.7,2,0,39.6,7.3,1
P104891,59,M,Northeast,Commercial,0,82,4,2,55.6,1,0,20.1,9.7,0
P104892,22,F,South,Commercial,2,59,7,0,62.4,6,0,0.7,9.0,0
P104893,21,F,West,Commercial,1,5,2,1,98.5,4,0,80.9,4.2,0
P104894,52,F,West,Commercial,1,83,3,0,37.2,4,0,10.1,10.0,0
P104895,47,M,South,Medicaid,0,53,5,1,40.3,3,0,91.4,6.7,0
P104896,79,M,South,Medicaid,1,41,3,0,7.0,4,0,1.0,6.6,0
P104897,59,F,Midwest,Uninsured,0,18,3,1,60.1,4,0,2.9,7.1,0
P104898,72,M,South,Medicaid,3,67,6,0,89.2,3,0,62.4,7.3,0
P104899,60,F,Midwest,Commercial,1,2,2,0,9.0,2,0,10.1,4.9,0
P104900,42,F,South,Commercial,1,17,4,0,35.9,2,0,78.1,8.5,0
P104901,65,M,West,Commercial,2,66,3,0,65.8,2,0,4.3,6.6,0
P104902,62,M,Midwest,Medicare,0,26,2,0,50.1,1,0,0.8,5.5,0
P104903,69,M,West,Medicaid,0,72,1,2,50.4,2,0,102.0,9.3,1
P104904,31,M,West,Commercial,1,25,3,1,65.5,3,0,1.0,5.4,0
P104905,64,F,South,Commercial,1,70,6,1,107.6,1,1,6.0,8.2,0
P104906,38,M,South,Commercial,1,65,6,3,62.7,3,0,62.0,6.7,1
P104907,74,M,Northeast,Medicaid,0,70,5,2,67.7,3,1,25.2,9.8,1
P104908,75,F,Midwest,Medicare,0,70,2,0,73.7,3,0,15.0,8.7,0
P104909,62,F,Midwest,Medicare,0,76,4,2,13.0,3,0,20.0,9.3,0
P104910,86,M,South,Medicare,0,35,7,0,69.8,2,0,42.5,3.9,0
P104911,56,F,Northeast,Commercial,0,45,4,2,23.1,7,0,12.5,6.5,0
P104912,19,F,West,Commercial,2,7,4,0,62.4,2,0,9.3,7.1,0
P104913,61,M,Northeast,Medicaid,3,34,2,0,89.0,2,1,17.9,8.1,0
P104914,73,M,Midwest,Medicaid,4,44,9,3,51.3,5,0,27.7,9.7,0
P104915,25,M,Northeast,Commercial,2,74,4,2,88.5,4,0,7.7,4.4,0
P104916,25,M,Northeast,Commercial,0,86,3,3,18.5,2,1,65.2,8.0,0
P104917,37,F,West,Commercial,2,64,6,2,68.6,2,0,15.8,5.9,0
P104918,78,M,Midwest,Commercial,0,13,6,1,69.0,2,2,9.8,7.0,0
P104919,55,F,Northeast,Commercial,1,20,7,2,7.0,3,0,62.1,5.6,0
P104920,88,M,Northeast,Commercial,1,51,1,1,74.5,4,1,14.7,10.0,0
P104921,80,F,South,Medicare,0,42,4,0,7.0,6,0,37.4,8.8,0
P104922,57,M,Midwest,Medicaid,3,89,5,0,65.9,2,0,43.8,7.1,0
P104923,66,M,South,Medicare,0,18,2,0,72.7,1,0,32.5,6.3,0
P104924,41,M,West,Medicare,0,55,2,2,50.9,3,2,35.6,8.8,0
P104925,24,F,Midwest,Uninsured,4,74,2,0,65.7,3,2,10.4,7.1,0
P104926,46,F,Midwest,Uninsured,0,42,3,2,118.2,0,0,121.6,8.2,0
P104927,60,F,South,Commercial,1,24,2,0,47.8,2,1,61.8,8.1,0
P104928,31,F,Midwest,Commercial,2,13,9,2,32.3,5,0,11.8,6.6,0
P104929,33,M,West,Commercial,1,60,7,0,112.6,4,0,19.6,8.6,0
P104930,19,F,Northeast,Medicaid,2,60,1,1,66.3,5,1,4.4,6.3,0
P104931,70,M,Midwest,Commercial,1,70,4,0,90.4,2,1,188.9,5.5,0
P104932,82,F,West,Commercial,4,80,4,0,20.3,1,0,48.6,7.9,0
P104933,77,F,South,Medicare,0,95,9,2,7.0,4,0,12.5,9.3,0
P104934,45,M,West,Medicare,0,18,3,1,39.2,4,1,94.1,5.2,0
P104935,60,F,South,Medicare,2,42,5,3,56.4,3,0,56.0,10.0,0
P104936,87,F,Northeast,Medicaid,1,31,5,3,47.7,7,0,23.3,5.6,0
P104937,60,F,West,Medicare,2,83,2,1,47.7,3,0,10.4,8.0,1
P104938,39,F,South,Medicaid,2,12,4,0,13.9,6,0,40.5,10.0,0
P104939,42,M,West,Commercial,1,64,2,2,66.2,3,0,13.3,5.1,1
P104940,70,F,South,Medicaid,1,30,2,1,54.1,0,0,1.9,5.5,1
P104941,50,F,South,Medicare,1,1,5,1,7.0,6,1,23.4,10.0,0
P104942,78,M,Midwest,Commercial,0,57,3,0,52.9,1,0,71.4,10.0,0
P104943,80,F,South,Uninsured,1,38,2,2,57.3,3,0,193.3,4.4,1
P104944,20,M,West,Medicaid,2,66,2,3,87.1,3,0,81.9,6.2,0
P104945,70,F,Northeast,Medicaid,0,38,4,4,47.2,3,0,12.5,6.7,0
P104946,44,M,Northeast,Medicaid,2,19,9,0,84.9,2,0,25.5,6.5,0
P104947,55,F,Northeast,Commercial,0,12,5,0,82.1,1,0,15.4,8.2,0
P104948,37,F,South,Commercial,1,18,6,0,40.0,5,3,23.4,7.7,0
P104949,44,M,Northeast,Commercial,2,42,4,1,77.4,2,0,7.0,4.8,1
P104950,41,M,South,Medicaid,2,26,3,2,89.1,3,0,201.5,10.0,1
P104951,21,M,Northeast,Medicaid,0,12,7,2,87.8,2,0,96.8,5.1,0
P104952,74,M,West,Uninsured,1,31,2,2,69.3,3,0,5.0,8.6,0
P104953,28,F,Northeast,Medicaid,0,80,2,2,57.7,0,1,74.1,3.3,1
P104954,45,M,West,Medicare,0,80,3,2,26.2,3,0,142.3,5.6,0
P104955,31,M,West,Commercial,0,35,7,1,90.0,2,2,49.6,5.6,0
P104956,29,F,Midwest,Commercial,0,50,4,1,23.7,4,0,17.6,10.0,0
P104957,44,F,West,Medicare,0,18,3,0,56.2,5,0,26.6,6.4,1
P104958,84,F,West,Medicaid,0,40,6,3,87.4,3,0,2.3,8.2,0
P104959,85,M,West,Commercial,0,58,4,1,35.2,0,1,11.0,8.9,0
P104960,45,F,Midwest,Medicaid,0,2,6,2,60.0,3,0,26.8,8.7,0
P104961,54,F,Midwest,Medicare,1,82,9,1,20.7,0,0,5.3,6.6,0
P104962,88,M,South,Commercial,1,86,8,2,51.1,4,0,7.8,6.9,0
P104963,34,M,Midwest,Medicaid,1,89,4,0,35.2,3,2,19.5,8.7,0
P104964,86,F,South,Medicare,0,21,7,1,40.5,0,0,33.6,7.8,0
P104965,25,M,Northeast,Medicare,1,85,6,1,74.4,3,0,93.4,10.0,0
P104966,34,F,West,Commercial,2,11,5,1,76.6,0,0,53.5,3.3,0
P104967,42,M,Midwest,Commercial,0,84,6,1,45.8,3,0,1.2,9.5,0
P104968,20,F,Midwest,Commercial,0,13,7,2,67.0,2,1,43.4,8.0,0
P104969,76,F,South,Medicare,4,34,3,0,48.7,6,1,27.2,10.0,0
P104970,79,M,West,Medicaid,0,91,4,5,51.3,1,2,23.8,10.0,0
P104971,45,F,Midwest,Uninsured,1,49,7,0,31.3,2,0,9.0,7.4,0
P104972,78,M,Northeast,Medicaid,1,21,5,2,47.1,3,0,109.2,8.3,0
P104973,73,F,West,Commercial,0,36,1,1,10.9,4,0,89.1,6.8,0
P104974,75,M,West,Uninsured,0,32,10,0,112.8,3,0,39.4,9.4,0
P104975,75,M,West,Commercial,1,88,3,2,90.2,9,0,30.1,9.5,0
P104976,59,M,South,Commercial,0,40,5,2,121.4,1,1,46.6,6.9,0
P104977,25,M,Northeast,Medicare,0,9,8,1,88.5,2,1,19.6,8.9,0
P104978,84,M,Northeast,Medicaid,2,16,3,1,67.9,0,1,15.1,7.4,0
P104979,61,F,Midwest,Medicaid,1,53,3,3,7.0,1,2,12.7,6.0,1
P104980,82,F,West,Medicaid,1,2,3,2,86.2,5,0,43.1,8.1,0
P104981,87,M,Northeast,Commercial,0,24,4,2,94.0,3,0,62.8,8.5,0
P104982,31,M,Midwest,Commercial,0,58,4,0,31.9,3,0,82.3,8.7,0
P104983,46,M,Northeast,Commercial,2,81,5,1,74.3,2,0,57.0,5.9,0
P104984,31,M,West,Medicare,1,10,4,2,64.2,1,0,52.8,7.1,0
P104985,21,F,Northeast,Medicare,1,33,3,1,58.6,0,1,57.3,4.6,0
P104986,87,M,West,Commercial,3,38,5,1,74.1,2,0,55.2,7.8,0
P104987,84,M,Northeast,Medicare,2,83,3,2,72.0,2,0,61.1,7.7,0
P104988,85,M,South,Medicare,3,75,4,3,35.5,2,0,2.0,5.0,0
P104989,81,M,Midwest,Medicare,0,89,5,0,84.6,5,1,77.3,4.9,1
P104990,64,M,West,Commercial,2,59,3,1,23.9,2,0,3.4,8.6,0
P104991,55,M,South,Commercial,1,17,6,0,72.5,5,2,166.7,9.8,0
P104992,89,F,West,Medicare,2,90,4,1,67.7,1,1,70.1,6.0,1
P104993,57,M,Northeast,Medicare,2,72,3,0,41.5,1,1,0.8,7.3,0
P104994,64,F,South,Commercial,1,63,7,1,91.5,2,1,11.7,4.8,0
P104995,33,F,West,Commercial,0,34,8,0,13.0,2,2,108.1,9.1,0
P104996,71,F,South,Medicaid,2,76,4,1,67.0,2,0,44.4,10.0,0
P104997,77,F,Midwest,Medicaid,1,39,6,0,65.2,3,0,21.7,5.5,1
P104998,66,F,South,Commercial,0,31,1,2,99.8,1,0,16.8,5.0,1
P104999,53,M,South,Medicare,1,27,2,1,76.7,2,0,32.2,7.1,0
P105000,32,M,West,Medicare,3,63,3,0,7.0,4,2,0.2,7.9,0
P105001,20,M,Midwest,Commercial,1,59,3,1,48.6,4,1,59.8,5.2,0
P105002,63,F,Midwest,Commercial,0,22,2,0,100.6,2,1,10.8,5.3,0
P105003,67,F,Midwest,Uninsured,5,33,2,0,56.2,3,0,57.8,9.4,1
P105004,73,M,West,Medicare,1,22,5,2,32.3,4,0,200.0,4.5,1
P105005,86,M,South,Commercial,3,71,7,1,58.7,5,0,38.2,4.8,0
P105006,53,M,West,Medicaid,2,33,3,3,102.0,3,0,4.5,7.2,0
P105007,77,M,Midwest,Medicare,1,74,2,0,38.8,2,0,76.7,10.0,0
P105008,69,M,West,Medicare,3,23,5,0,33.8,3,1,3.5,6.6,0
P105009,37,M,West,Commercial,2,38,1,0,54.3,2,0,3.4,5.4,0
P105010,78,M,Northeast,Commercial,1,3,5,1,43.8,1,0,98.0,8.5,0
P105011,21,M,South,Commercial,1,1,3,2,78.4,1,0,43.9,9.5,0
P105012,61,M,South,Uninsured,2,3,4,0,51.2,4,1,32.4,10.0,1
P105013,85,F,South,Medicare,2,7,4,2,68.8,3,2,90.0,8.2,0
P105014,65,F,South,Medicaid,0,89,4,2,100.7,2,0,199.0,8.6,0
P105015,85,F,Northeast,Commercial,2,27,3,2,36.3,2,0,14.0,8.6,0
P105016,22,M,West,Medicaid,1,51,5,1,85.9,1,0,51.1,7.9,1
P105017,56,M,West,Medicare,0,91,3,1,82.6,4,0,1.0,10.0,0
P105018,74,F,Midwest,Medicare,2,47,3,1,29.0,2,0,64.4,7.6,0
P105019,64,M,South,Commercial,2,38,2,0,94.4,1,0,4.4,7.4,0
P105020,81,F,West,Medicare,0,70,7,0,29.3,3,0,19.0,9.1,0
P105021,51,F,South,Commercial,0,71,8,1,23.6,2,1,4.7,7.9,0
P105022,67,M,South,Commercial,3,10,3,1,39.0,4,0,68.0,10.0,0
P105023,48,F,West,Medicaid,0,89,6,0,39.9,4,0,311.0,10.0,0
P105024,80,F,West,Commercial,0,12,4,1,51.3,1,1,24.9,5.8,0
P105025,26,F,Midwest,Commercial,0,33,6,2,32.3,4,1,89.7,9.0,0
P105026,36,F,Northeast,Medicaid,1,91,4,1,74.2,3,0,10.4,7.6,1
P105027,24,M,Northeast,Commercial,0,54,1,1,56.8,2,0,8.9,8.1,0
P105028,68,M,West,Medicare,0,54,4,0,64.6,6,0,85.3,9.6,0
P105029,34,M,South,Medicaid,1,81,6,0,77.0,2,0,37.0,7.0,0
P105030,40,M,Midwest,Medicare,0,43,5,1,98.1,2,0,7.6,6.0,0
P105031,78,F,South,Commercial,2,59,3,3,49.2,2,0,40.9,6.5,0
P105032,43,M,South,Medicare,3,52,4,1,44.6,0,1,35.8,7.2,1
P105033,28,F,West,Medicare,2,11,8,1,80.0,1,1,19.0,3.9,0
P105034,19,F,Midwest,Commercial,1,29,10,1,91.4,2,0,109.5,6.9,0
P105035,34,M,South,Medicaid,2,74,2,1,62.0,2,0,2.0,7.5,0
P105036,83,F,South,Uninsured,0,32,4,2,61.8,4,0,0.8,9.1,0
P105037,57,F,Northeast,Commercial,1,86,2,1,54.8,4,0,91.5,6.4,0
P105038,89,F,Midwest,Commercial,2,92,5,0,44.6,4,1,105.3,8.2,0
P105039,33,M,Midwest,Medicare,3,74,5,2,50.1,3,0,22.3,7.6,0
P105040,43,F,Northeast,Medicare,0,1,3,2,58.0,3,1,7.1,9.0,1
P105041,29,F,South,Medicaid,0,72,5,5,76.5,4,1,19.6,9.6,1
P105042,46,M,Midwest,Commercial,1,94,0,1,80.9,3,0,59.3,6.7,0
P105043,58,F,Northeast,Commercial,0,72,4,0,37.1,4,0,0.0,9.6,0
P105044,76,M,West,Medicare,2,61,3,0,61.6,4,1,83.1,9.3,0
P105045,44,F,West,Uninsured,1,59,5,0,42.1,3,0,2.2,6.9,1
P105046,73,M,Midwest,Commercial,3,48,3,1,53.6,3,0,318.5,9.4,0
P105047,63,M,Northeast,Medicaid,0,24,2,1,63.2,1,0,36.1,8.0,0
P105048,39,M,Midwest,Commercial,1,46,5,0,84.0,2,0,7.3,8.8,0
P105049,83,M,West,Commercial,0,87,3,2,56.5,2,0,38.0,8.5,0
P105050,49,F,Northeast,Medicare,3,9,3,2,71.1,2,0,10.6,6.6,1
P105051,28,M,West,Commercial,3,13,8,0,33.3,2,0,22.3,6.4,0
P105052,87,M,West,Medicare,2,84,3,0,31.6,0,1,26.0,9.9,1
P105053,83,M,Northeast,Commercial,2,79,2,0,53.5,1,1,43.0,6.7,1
P105054,21,M,Northeast,Medicare,1,49,4,2,143.4,2,1,6.9,3.9,1
P105055,82,M,Midwest,Commercial,3,35,5,2,40.3,3,0,2.7,6.2,0
P105056,86,M,West,Medicaid,1,11,5,0,63.8,4,0,1.5,9.7,0
P105057,77,F,West,Medicaid,2,65,1,1,70.2,0,0,58.9,10.0,0
P105058,36,M,Midwest,Commercial,0,52,5,0,60.8,2,0,8.6,9.6,0
P105059,63,M,Midwest,Commercial,2,77,3,3,45.1,2,0,12.9,6.8,0
P105060,56,M,Midwest,Uninsured,3,35,4,1,73.9,4,1,1.9,6.9,1
P105061,62,F,Midwest,Commercial,1,76,1,0,37.2,2,0,0.8,8.2,0
P105062,62,M,West,Medicaid,1,91,3,1,69.5,1,0,12.7,8.6,0
P105063,64,M,Northeast,Medicare,0,16,6,0,45.4,1,0,5.2,3.9,0
P105064,55,M,Northeast,Medicaid,1,73,2,0,84.9,3,1,19.8,5.9,0
P105065,67,F,Northeast,Commercial,2,59,3,0,15.3,7,2,40.3,7.7,0
P105066,55,F,West,Commercial,1,39,2,1,57.3,3,1,56.2,7.0,1
P105067,19,F,Midwest,Commercial,1,21,5,1,32.0,3,1,52.3,6.1,0
P105068,20,F,Northeast,Commercial,4,15,7,1,80.7,2,0,10.2,8.3,0
P105069,86,M,Northeast,Commercial,2,11,5,0,81.0,5,0,31.3,6.5,1
P105070,83,F,South,Uninsured,0,26,1,0,7.0,5,0,21.1,4.1,1
P105071,60,M,Northeast,Commercial,0,49,3,0,28.9,3,0,9.7,9.3,0
P105072,30,F,Midwest,Commercial,4,52,6,1,83.3,3,0,64.3,7.3,1
P105073,74,F,South,Commercial,1,94,3,1,56.7,2,0,21.5,8.1,0
P105074,28,M,South,Commercial,1,71,3,0,75.3,4,1,24.9,5.5,0
P105075,45,F,Northeast,Medicare,0,94,4,0,59.6,5,0,5.9,5.7,0
P105076,41,F,Midwest,Commercial,2,72,3,1,64.0,3,1,46.2,4.4,0
P105077,18,F,West,Medicaid,0,55,8,2,84.7,3,1,6.9,8.2,0
P105078,76,M,Midwest,Medicaid,1,78,3,0,30.2,1,1,14.3,7.1,0
P105079,54,M,West,Commercial,2,74,4,2,48.9,3,0,44.4,9.6,0
P105080,40,F,West,Medicaid,1,77,3,2,34.1,2,2,9.9,6.4,0
P105081,54,M,West,Commercial,0,24,6,1,66.8,4,0,13.8,5.7,0
P105082,18,F,Midwest,Commercial,1,69,2,1,27.3,2,0,106.3,5.7,1
P105083,49,M,Northeast,Medicaid,0,22,2,2,83.1,2,1,20.5,8.9,1
P105084,55,F,South,Medicaid,4,31,5,1,46.6,1,0,13.9,10.0,0
P105085,42,M,South,Commercial,1,68,2,1,72.8,3,0,3.5,6.8,1
P105086,77,M,Midwest,Medicare,3,48,5,2,41.5,2,0,1.5,8.6,0
P105087,35,F,West,Commercial,1,75,3,1,80.2,2,1,86.4,6.5,0
P105088,27,F,Midwest,Medicare,0,69,4,0,89.7,3,0,26.0,6.8,0
P105089,55,F,South,Medicare,2,71,8,1,79.0,4,1,13.5,5.4,0
P105090,81,F,West,Commercial,1,15,8,0,37.9,4,0,11.1,7.7,0
P105091,45,F,Midwest,Medicaid,1,10,3,0,96.5,4,0,88.3,6.4,1
P105092,21,F,West,Medicare,1,24,4,1,77.3,2,0,24.4,5.8,0
P105093,87,M,Midwest,Commercial,2,34,7,0,44.1,5,0,3.8,9.6,0
P105094,49,F,Midwest,Medicaid,2,78,2,0,67.0,5,1,10.6,9.1,0
P105095,30,M,South,Medicare,1,5,1,3,98.4,4,0,5.1,9.6,0
P105096,62,F,South,Commercial,3,52,6,3,37.6,1,0,2.9,7.9,0
P105097,41,M,South,Medicare,2,75,4,1,36.9,5,0,37.9,6.1,0
P105098,85,F,South,Medicaid,2,35,2,0,56.8,2,1,67.7,8.1,0
P105099,39,M,Midwest,Uninsured,0,30,2,0,25.0,0,1,36.7,8.0,0
P105100,57,F,South,Commercial,0,20,7,1,62.7,1,0,6.5,6.0,0
P105101,57,F,Northeast,Medicare,0,41,2,1,78.3,3,1,46.9,10.0,0
P105102,35,M,Northeast,Medicaid,0,59,4,1,64.3,1,0,41.0,7.5,1
P105103,53,M,West,Uninsured,2,55,7,1,41.9,1,1,47.3,7.8,0
P105104,25,M,South,Commercial,0,81,7,1,82.7,3,0,45.1,7.8,0
P105105,64,F,Midwest,Medicare,1,1,7,3,55.7,3,1,35.2,8.4,1
P105106,72,F,West,Medicaid,0,28,4,2,40.2,1,1,14.3,7.0,0
P105107,86,M,Northeast,Commercial,1,34,5,3,66.5,2,1,3.9,9.8,1
P105108,41,M,West,Commercial,1,38,2,0,90.1,1,1,96.8,10.0,0
P105109,38,M,Midwest,Medicare,1,70,5,0,45.5,1,0,22.0,4.0,0
P105110,57,F,Midwest,Medicare,1,10,4,1,100.0,2,0,76.1,7.1,0
P105111,67,F,South,Medicare,2,28,5,1,61.9,3,2,92.4,9.5,0
P105112,89,M,Midwest,Commercial,1,6,3,0,63.2,4,0,60.6,8.3,0
P105113,19,M,Northeast,Medicaid,2,55,3,2,62.9,2,0,26.0,5.6,0
P105114,35,F,South,Commercial,0,92,6,0,46.2,3,0,2.3,6.8,0
P105115,36,M,West,Medicaid,3,93,3,1,28.3,3,1,5.2,10.0,0
P105116,36,M,South,Commercial,1,5,3,0,108.9,1,0,121.6,4.6,1
P105117,51,F,Midwest,Commercial,5,12,5,1,30.5,2,1,90.4,7.7,0
P105118,80,F,West,Uninsured,1,55,1,3,91.1,0,0,47.9,7.3,0
P105119,20,M,Midwest,Medicaid,1,26,4,2,103.2,2,0,1.5,6.8,0
P105120,76,F,South,Commercial,0,22,3,0,42.2,5,0,26.2,6.9,0
P105121,62,M,West,Commercial,1,65,5,2,75.5,3,0,51.5,8.6,0
P105122,62,M,West,Medicare,0,30,4,1,77.3,1,0,40.2,8.8,0
P105123,66,F,Midwest,Uninsured,1,57,2,0,77.3,0,1,14.2,8.1,0
P105124,26,M,Northeast,Commercial,2,4,1,0,44.2,6,0,9.3,8.6,1
P105125,71,F,South,Medicaid,2,93,2,0,50.3,4,0,20.0,7.3,0
P105126,35,F,South,Commercial,1,9,2,1,80.1,4,1,57.6,10.0,0
P105127,55,M,Northeast,Medicare,0,4,1,0,19.0,5,0,28.3,8.8,0
P105128,66,M,South,Commercial,1,40,2,0,10.0,3,0,32.7,6.5,0
P105129,61,F,Northeast,Commercial,1,84,2,3,62.6,4,0,16.4,8.4,1
P105130,41,M,Midwest,Medicaid,1,61,3,2,56.8,1,0,37.3,9.4,1
P105131,46,M,South,Commercial,2,47,1,1,63.9,2,0,0.3,7.9,0
P105132,52,M,Midwest,Medicaid,0,27,3,0,41.9,3,0,10.7,5.8,0
P105133,20,M,South,Commercial,1,22,2,2,79.6,2,0,7.3,4.2,1
P105134,70,F,Midwest,Commercial,0,63,4,1,81.2,1,1,9.5,8.7,1
P105135,25,F,Midwest,Medicaid,2,48,6,5,64.1,3,0,80.3,5.5,0
P105136,51,M,Northeast,Medicare,1,59,2,1,26.9,3,0,50.3,6.0,1
P105137,65,F,South,Commercial,1,40,2,1,86.0,1,0,16.5,6.1,1
P105138,23,M,Midwest,Medicare,1,29,10,1,16.1,2,0,25.8,5.7,0
P105139,89,F,Midwest,Commercial,1,18,5,3,28.4,2,2,11.5,6.9,0
P105140,45,F,Northeast,Medicaid,2,28,6,1,79.0,3,0,7.1,7.6,0
P105141,19,F,West,Commercial,0,21,3,0,31.9,3,0,83.9,6.2,0
P105142,65,F,Northeast,Medicare,2,47,3,1,41.6,6,2,7.0,6.0,0
P105143,58,F,West,Commercial,0,28,3,3,63.3,8,0,112.9,6.8,0
P105144,64,M,Midwest,Medicare,3,76,3,2,83.0,1,1,65.0,7.1,1
P105145,72,M,South,Medicaid,1,53,4,1,74.5,0,1,24.6,8.0,1
P105146,52,F,Northeast,Medicaid,1,30,5,3,93.0,0,0,108.3,7.9,0
P105147,77,F,West,Commercial,2,8,6,1,48.7,2,0,280.1,5.3,1
P105148,44,M,Midwest,Commercial,1,12,3,3,38.3,5,0,13.8,9.0,1
P105149,57,F,West,Commercial,1,9,6,1,27.9,4,0,0.6,5.0,0
P105150,29,F,West,Medicaid,0,31,4,0,62.8,0,1,92.5,7.9,1
P105151,62,M,Northeast,Commercial,1,32,8,1,66.9,4,0,1.4,7.3,0
P105152,36,M,Midwest,Medicare,1,5,7,1,121.2,1,0,4.8,10.0,0
P105153,68,M,South,Commercial,2,68,1,1,75.3,3,0,22.1,6.7,1
P105154,75,M,West,Uninsured,0,51,4,1,17.2,2,0,52.3,7.6,0
P105155,79,M,Northeast,Medicare,1,93,5,1,88.7,1,0,0.6,7.6,0
P105156,84,M,Northeast,Medicare,1,85,2,1,38.9,5,1,8.1,8.6,0
P105157,26,F,Midwest,Medicaid,2,2,3,1,27.2,3,0,32.5,9.6,0
P105158,27,F,Midwest,Uninsured,0,67,3,0,85.9,1,1,3.5,8.0,0
P105159,84,F,Midwest,Medicare,4,93,1,0,81.0,0,0,33.8,10.0,0
P105160,45,F,South,Medicaid,1,77,1,3,87.2,4,0,104.4,7.0,0
P105161,19,M,South,Medicare,2,66,2,4,44.4,0,0,24.7,9.7,0
P105162,38,F,West,Commercial,1,14,6,2,115.6,0,0,98.9,7.9,0
P105163,78,F,West,Commercial,1,86,5,1,82.9,5,0,47.2,7.8,0
P105164,43,F,West,Medicare,1,79,4,1,36.2,2,0,56.7,5.3,0
P105165,23,M,South,Medicare,2,51,2,0,115.5,2,1,114.0,8.6,1
P105166,69,M,West,Commercial,1,88,6,1,74.4,2,0,120.1,7.1,1
P105167,32,M,South,Commercial,2,44,3,1,59.6,1,0,15.4,7.5,0
P105168,43,F,West,Medicare,3,51,2,1,46.0,2,3,12.8,7.5,1
P105169,18,F,West,Commercial,2,75,4,1,7.0,3,0,40.3,8.5,0
P105170,61,M,Northeast,Medicare,0,69,3,2,79.1,3,1,30.5,9.6,0
P105171,50,M,West,Medicare,1,53,6,2,44.5,2,0,54.9,7.2,0
P105172,80,M,Midwest,Commercial,5,75,7,1,54.1,2,1,18.2,6.9,0
P105173,42,M,West,Commercial,3,86,3,1,57.5,4,1,32.4,7.9,0
P105174,32,F,Midwest,Commercial,0,62,5,0,38.4,1,0,5.2,5.6,0
P105175,29,M,Northeast,Commercial,0,85,5,1,72.9,3,1,68.2,6.0,0
P105176,32,M,West,Medicare,5,40,5,2,39.0,1,0,113.0,8.4,0
P105177,50,M,Northeast,Medicare,1,51,6,0,19.9,7,2,18.8,6.5,0
P105178,24,M,West,Medicaid,0,62,4,0,61.6,0,0,10.0,8.9,0
P105179,46,F,Northeast,Commercial,2,55,4,2,45.5,4,0,25.5,7.3,1
P105180,79,F,West,Medicare,2,17,4,0,11.0,1,0,4.2,6.9,0
P105181,73,M,South,Commercial,1,44,4,2,29.3,2,0,6.8,9.6,0
P105182,63,F,Northeast,Medicaid,1,13,2,0,64.2,1,0,157.7,6.3,1
P105183,82,F,Northeast,Commercial,1,66,4,0,63.5,2,0,14.3,7.5,0
P105184,74,F,South,Medicare,2,76,5,0,94.8,1,0,43.3,6.4,0
P105185,64,M,West,Medicare,3,65,4,1,89.4,2,1,21.2,7.5,0
P105186,80,F,West,Commercial,0,83,6,0,71.0,5,1,9.9,8.7,0
P105187,26,F,Midwest,Uninsured,2,62,4,1,42.4,3,0,164.5,7.8,1
P105188,76,M,Midwest,Commercial,2,37,3,1,46.4,3,0,11.7,7.4,0
P105189,39,M,South,Commercial,2,6,5,2,70.9,0,0,55.0,7.3,1
P105190,70,M,West,Medicare,0,4,4,0,84.8,3,0,1.8,8.0,0
P105191,83,M,South,Medicare,0,92,5,3,73.6,2,1,16.1,8.3,1
P105192,53,F,West,Commercial,1,75,2,0,48.3,6,0,49.2,8.3,0
P105193,24,M,South,Commercial,0,32,1,2,65.2,6,0,86.1,7.8,0
P105194,44,M,South,Commercial,0,91,6,2,53.6,0,0,214.3,6.4,0
P105195,47,F,South,Medicaid,2,24,3,0,7.2,3,0,56.3,7.3,1
P105196,85,M,Midwest,Medicare,4,74,3,1,54.7,3,0,127.4,6.7,0
P105197,85,F,Midwest,Commercial,1,21,2,2,49.7,1,0,10.3,8.2,0
P105198,58,F,West,Commercial,2,68,4,2,79.9,3,0,74.8,7.0,0
P105199,86,F,Northeast,Medicaid,0,7,6,2,32.4,5,1,7.6,7.1,0
P105200,49,F,Northeast,Medicaid,3,65,3,2,35.3,4,0,107.8,10.0,0
P105201,47,M,West,Commercial,1,44,3,2,86.4,3,0,25.6,7.3,0
P105202,78,F,West,Medicare,3,56,2,3,37.0,5,0,40.9,4.2,0
P105203,66,M,Northeast,Commercial,1,4,8,2,42.8,2,0,1.1,10.0,0
P105204,55,F,West,Commercial,0,36,4,2,72.4,2,1,51.7,7.5,0
P105205,50,F,South,Medicaid,2,16,7,2,77.8,1,0,6.7,6.9,0
P105206,68,F,West,Medicaid,1,59,5,1,94.9,3,0,27.3,6.9,0
P105207,72,F,West,Commercial,0,1,5,1,51.1,0,0,7.9,6.9,0
P105208,53,M,Midwest,Medicaid,1,86,3,0,52.6,1,1,228.1,9.7,1
P105209,20,M,Northeast,Medicare,5,17,4,1,55.9,1,0,26.2,6.5,0
P105210,25,F,West,Medicaid,2,50,4,1,44.9,6,0,66.3,6.5,0
P105211,28,M,Northeast,Medicaid,1,95,3,1,70.8,3,1,57.3,7.2,0
P105212,51,M,South,Medicare,3,39,2,1,51.8,1,0,84.8,4.7,1
P105213,62,M,Midwest,Medicaid,0,52,8,1,29.5,1,1,25.6,6.8,0
P105214,75,F,Northeast,Commercial,1,92,1,1,15.8,5,0,26.4,9.3,0
P105215,34,F,South,Medicare,2,7,4,1,56.9,1,0,69.9,8.0,1
P105216,74,M,West,Commercial,1,54,3,2,75.5,2,0,209.6,8.5,1
P105217,65,M,Northeast,Medicaid,0,54,3,0,42.8,4,0,87.6,6.4,1
P105218,21,F,South,Commercial,1,69,5,1,27.3,2,0,37.7,4.6,0
P105219,43,M,Northeast,Commercial,1,58,3,2,98.4,4,0,9.1,8.7,0
P105220,39,F,Midwest,Medicaid,1,46,4,2,51.1,3,1,62.1,5.8,0
P105221,81,M,Northeast,Commercial,1,53,6,0,82.5,5,1,77.4,4.8,1
P105222,84,F,South,Commercial,1,28,5,1,86.3,3,0,11.3,6.1,0
P105223,76,M,Midwest,Commercial,2,32,5,2,97.8,2,0,39.2,6.3,0
P105224,56,F,Northeast,Medicare,0,91,5,1,58.6,1,0,20.3,5.5,0
P105225,53,F,Northeast,Commercial,4,63,4,1,24.3,1,2,20.7,7.5,0
P105226,40,M,West,Commercial,2,65,4,2,12.2,5,0,3.5,10.0,0
P105227,73,F,West,Medicare,2,14,5,0,53.4,3,0,18.0,7.4,0
P105228,24,M,Northeast,Medicaid,1,37,1,0,102.4,2,0,59.4,6.4,0
P105229,37,M,West,Medicaid,1,21,3,2,61.8,4,2,24.1,7.6,1
P105230,27,F,South,Commercial,1,91,2,2,93.9,1,0,31.3,9.2,0
P105231,53,F,Northeast,Medicaid,1,95,7,1,35.7,2,1,44.4,3.6,0
P105232,39,M,West,Medicaid,0,32,2,3,96.3,3,0,18.3,6.8,0
P105233,32,M,South,Medicare,1,40,5,1,76.9,3,0,27.8,8.0,0
P105234,45,M,South,Medicare,0,66,3,0,63.3,3,1,104.5,8.1,0
P105235,79,F,Northeast,Commercial,4,15,5,1,83.5,4,0,9.9,6.7,0
P105236,58,M,West,Medicare,1,54,3,0,45.8,1,0,24.9,5.1,0
P105237,77,M,South,Medicare,2,21,3,1,71.6,2,1,8.7,7.8,0
P105238,83,M,Midwest,Commercial,0,51,4,1,38.9,3,0,24.3,6.1,0
P105239,82,F,Northeast,Commercial,2,69,6,1,44.7,2,1,20.0,2.7,0
P105240,43,F,West,Commercial,1,71,4,0,37.1,1,0,4.8,7.7,0
P105241,81,M,West,Medicare,2,12,5,0,37.7,2,0,8.6,7.9,0
P105242,83,M,Midwest,Commercial,2,28,4,0,16.6,5,0,9.5,7.1,0
P105243,87,F,South,Medicare,0,34,3,0,116.9,2,0,18.0,10.0,0
P105244,43,M,Midwest,Medicaid,4,69,2,1,29.9,2,1,157.5,8.3,0
P105245,34,F,South,Commercial,1,32,5,1,85.8,5,1,3.4,7.7,0
P105246,60,F,West,Commercial,0,45,4,0,17.8,4,0,133.7,10.0,0
P105247,85,F,Midwest,Commercial,5,22,4,1,45.6,0,0,105.2,10.0,0
P105248,82,F,Northeast,Commercial,1,33,6,1,51.0,2,1,25.6,9.1,0
P105249,59,F,West,Medicaid,4,46,1,0,95.6,4,0,40.1,6.7,1
P105250,28,F,Northeast,Medicare,1,20,3,0,68.3,1,0,7.2,8.3,0
P105251,48,F,South,Medicaid,1,11,6,1,33.2,1,1,27.3,8.9,1
P105252,69,M,South,Uninsured,2,14,5,2,53.9,0,0,142.8,3.2,1
P105253,58,M,Northeast,Commercial,1,44,5,1,89.7,3,0,29.3,5.4,0
P105254,42,M,West,Medicare,3,16,7,0,86.3,2,1,1.3,8.5,0
P105255,42,F,West,Medicare,1,4,3,1,43.3,1,0,10.0,7.3,0
P105256,22,M,Northeast,Medicare,0,80,2,2,23.2,2,0,24.7,8.4,0
P105257,38,F,South,Commercial,0,93,8,4,43.9,1,0,39.0,8.7,0
P105258,66,M,South,Commercial,1,49,3,1,77.0,1,2,89.7,5.9,1
P105259,35,M,Midwest,Medicare,1,58,3,2,16.1,3,1,83.3,7.1,1
P105260,89,F,Midwest,Medicare,0,16,7,3,55.7,2,0,12.7,7.7,0
P105261,23,F,Midwest,Commercial,1,8,8,2,29.5,3,0,47.0,9.0,0
P105262,60,M,Northeast,Commercial,0,8,0,1,47.8,2,0,19.7,9.0,0
P105263,53,M,Midwest,Medicare,0,19,3,0,72.8,2,0,84.7,4.6,1
P105264,77,M,Northeast,Medicare,1,11,6,0,58.4,3,0,2.9,3.7,0
P105265,81,M,Northeast,Medicare,2,70,5,1,77.4,1,0,70.6,6.5,0
P105266,57,M,West,Commercial,0,74,4,2,90.6,0,0,139.5,9.5,1
P105267,63,F,Northeast,Commercial,1,70,1,1,153.3,2,0,11.5,6.5,0
P105268,68,M,Northeast,Medicaid,0,28,7,0,82.7,0,0,16.9,10.0,0
P105269,55,F,South,Medicare,0,35,5,0,75.0,4,0,344.6,5.2,1
P105270,31,F,Midwest,Commercial,2,35,2,1,43.6,2,0,27.1,5.7,0
P105271,48,F,Midwest,Medicare,0,15,5,2,82.4,1,0,10.7,6.3,1
P105272,35,M,Northeast,Commercial,1,45,1,3,99.1,2,0,73.8,5.8,0
P105273,51,M,West,Medicare,2,51,6,1,43.1,0,0,22.8,5.9,0
P105274,62,F,South,Commercial,1,20,6,1,46.0,4,1,110.5,7.9,0
P105275,33,F,Midwest,Medicare,2,27,2,1,43.8,1,0,0.3,7.5,0
P105276,35,F,Northeast,Medicaid,1,45,9,1,26.9,2,0,56.9,5.7,0
P105277,77,M,West,Commercial,1,10,3,0,59.6,0,2,114.0,7.6,0
P105278,45,M,South,Commercial,1,56,3,2,26.3,2,0,33.8,6.3,0
P105279,32,F,West,Commercial,1,33,4,0,57.5,0,0,233.4,8.8,0
P105280,69,F,South,Commercial,3,68,1,0,68.0,2,0,11.1,8.0,0
P105281,69,M,Midwest,Medicaid,0,72,3,0,67.1,5,0,20.5,8.4,0
P105282,77,F,Midwest,Uninsured,4,36,4,1,47.6,5,0,9.2,7.6,0
P105283,72,F,Northeast,Commercial,3,34,0,1,21.3,1,1,6.6,7.3,0
P105284,89,F,Northeast,Medicaid,1,51,5,0,90.5,4,1,15.4,7.8,0
P105285,59,F,South,Commercial,0,4,4,3,15.8,3,0,14.5,10.0,0
P105286,38,F,Northeast,Medicare,1,19,6,0,62.9,2,0,1.7,6.6,0
P105287,80,M,Midwest,Medicare,0,12,11,0,97.1,0,1,37.8,8.7,0
P105288,37,F,Northeast,Commercial,4,27,3,1,62.3,6,0,84.3,8.6,1
P105289,38,F,Midwest,Medicare,3,57,5,0,92.0,5,0,39.8,10.0,0
P105290,77,M,Northeast,Medicare,3,24,3,2,72.7,2,0,36.4,9.6,0
P105291,81,M,Northeast,Commercial,2,50,3,1,25.2,1,1,17.6,4.3,0
P105292,42,F,South,Uninsured,0,66,6,1,92.8,0,0,72.9,6.9,0
P105293,70,F,Midwest,Commercial,0,65,5,1,45.3,3,0,39.4,3.6,0
P105294,84,M,South,Commercial,1,51,3,0,49.3,3,0,6.0,8.1,0
P105295,75,F,South,Medicaid,1,55,4,0,77.1,0,0,19.3,8.0,0
P105296,18,M,South,Commercial,0,42,3,2,36.3,2,0,29.6,6.9,0
P105297,65,F,South,Commercial,3,48,5,2,83.5,5,0,33.2,8.0,0
P105298,30,F,South,Commercial,0,76,4,1,70.5,5,0,19.0,8.8,0
P105299,78,F,West,Commercial,0,46,3,0,101.4,5,0,42.9,6.5,0
P105300,22,M,Midwest,Commercial,0,34,3,0,88.7,1,1,135.9,5.6,0
P105301,89,F,South,Commercial,0,92,1,3,54.9,2,0,44.2,6.5,0
P105302,30,F,Midwest,Medicare,1,88,4,1,49.6,3,0,7.9,8.4,0
P105303,48,F,Midwest,Medicare,2,82,3,1,41.7,2,0,30.7,7.5,0
P105304,34,M,West,Medicaid,2,78,6,0,53.7,7,1,91.2,9.0,0
P105305,76,F,Midwest,Medicaid,2,37,5,0,37.5,5,0,91.1,5.1,0
P105306,46,M,Northeast,Commercial,2,92,5,2,52.3,3,0,61.9,9.1,0
P105307,71,M,Midwest,Uninsured,4,63,3,0,28.4,2,0,92.4,9.8,0
P105308,22,F,West,Medicaid,1,85,0,1,35.6,4,0,139.7,10.0,0
P105309,50,M,Northeast,Medicaid,0,2,3,3,94.2,1,0,91.3,8.0,1
P105310,83,M,Northeast,Medicare,1,11,2,2,26.5,2,0,6.9,7.8,1
P105311,84,F,Midwest,Commercial,3,2,4,1,24.3,1,0,15.5,8.9,0
P105312,33,F,West,Commercial,1,95,5,5,41.9,2,3,30.7,7.4,0
P105313,46,F,South,Medicaid,1,31,5,2,94.1,1,0,3.7,6.0,0
P105314,47,F,Midwest,Medicare,2,4,3,1,36.5,6,0,30.8,4.9,0
P105315,58,M,Midwest,Medicaid,1,72,7,1,52.3,2,1,8.7,6.2,0
P105316,56,M,Midwest,Medicare,2,76,5,0,67.0,0,0,109.0,10.0,0
P105317,25,M,Northeast,Commercial,0,88,4,2,73.1,1,1,1.7,8.1,0
P105318,72,F,South,Commercial,1,55,5,1,57.2,3,0,2.5,5.0,0
P105319,34,F,West,Uninsured,1,65,4,1,69.7,4,0,40.0,7.6,0
P105320,40,F,West,Commercial,2,59,3,2,84.1,3,0,118.9,8.4,0
P105321,78,M,West,Medicare,2,68,3,0,27.8,2,0,24.2,9.2,0
P105322,67,F,Northeast,Uninsured,1,50,5,1,42.9,0,0,180.1,6.1,0
P105323,46,M,South,Commercial,3,4,6,3,39.0,1,0,5.5,7.3,0
P105324,83,M,Northeast,Commercial,2,16,1,1,50.7,3,0,19.3,4.5,0
P105325,46,F,South,Medicare,1,89,5,2,91.0,2,0,66.0,8.4,0
P105326,58,M,West,Medicaid,0,5,2,2,84.3,3,0,60.3,3.5,0
P105327,35,M,South,Medicare,2,9,4,0,57.8,2,1,71.8,7.0,1
P105328,31,M,Northeast,Commercial,0,77,1,0,80.1,2,1,66.1,6.4,0
P105329,53,F,Midwest,Commercial,1,90,3,0,112.9,3,1,3.1,10.0,1
P105330,58,F,West,Commercial,2,43,5,0,28.8,4,0,1.6,9.9,0
P105331,76,M,Midwest,Commercial,1,14,3,1,43.4,2,0,24.7,5.8,0
P105332,46,F,West,Commercial,1,56,2,0,53.2,3,1,47.1,7.0,0
P105333,82,M,Midwest,Medicaid,0,4,7,2,69.4,3,1,125.1,3.9,0
P105334,61,F,Midwest,Commercial,0,35,3,1,72.9,3,1,35.0,5.7,0
P105335,23,M,West,Medicaid,1,54,3,2,33.5,1,0,91.6,5.6,1
P105336,71,M,South,Medicaid,2,84,6,2,64.5,2,0,33.6,8.1,1
P105337,59,F,South,Medicare,1,11,4,2,81.1,3,0,73.1,8.6,0
P105338,46,F,Midwest,Medicare,1,58,4,0,29.5,1,0,7.9,5.6,0
P105339,51,M,Midwest,Commercial,1,3,5,0,63.8,2,0,55.0,9.8,0
P105340,39,F,South,Medicare,4,45,3,1,44.7,7,0,16.2,10.0,0
P105341,62,M,South,Commercial,1,64,4,0,23.9,5,0,62.4,6.3,1
P105342,58,M,Northeast,Commercial,0,4,4,0,84.5,1,1,13.3,6.2,0
P105343,50,F,Midwest,Medicare,2,71,5,0,71.6,3,0,122.3,9.2,1
P105344,38,M,Northeast,Commercial,3,94,4,1,37.5,2,0,16.5,7.2,0
P105345,46,F,South,Commercial,1,28,3,1,82.9,0,1,1.9,7.5,1
P105346,53,M,South,Medicare,0,72,6,2,113.0,2,0,0.6,7.8,0
P105347,51,F,West,Medicare,2,51,7,1,62.6,3,1,29.4,8.3,0
P105348,40,F,South,Commercial,0,88,4,1,25.4,1,2,103.8,10.0,0
P105349,59,F,Northeast,Commercial,0,56,4,2,52.5,7,1,73.6,6.8,0
P105350,34,M,Midwest,Commercial,1,77,6,1,11.5,0,0,3.4,8.3,0
P105351,54,M,Northeast,Medicare,2,16,4,0,57.0,3,0,45.0,5.1,0
P105352,26,M,South,Medicare,2,25,2,0,50.4,2,0,119.7,4.0,1
P105353,51,F,South,Commercial,3,42,6,2,79.5,4,0,61.5,9.5,0
P105354,74,M,Northeast,Medicare,1,86,4,1,45.1,3,2,38.9,6.6,0
P105355,76,M,West,Uninsured,2,61,3,1,82.4,5,0,3.0,8.7,1
P105356,68,M,South,Medicare,1,21,4,0,40.0,4,1,14.3,8.4,0
P105357,71,F,Midwest,Medicare,1,85,3,0,57.0,3,0,75.4,8.8,0
P105358,22,M,West,Medicare,2,59,4,1,24.8,2,2,14.7,6.6,0
P105359,42,F,South,Medicaid,1,40,5,0,33.3,3,0,19.7,8.6,0
P105360,65,F,West,Medicaid,1,37,4,0,79.6,4,0,18.5,10.0,0
P105361,75,M,South,Commercial,1,67,3,2,86.8,2,1,24.6,7.8,1
P105362,59,F,West,Commercial,2,84,2,4,43.6,2,1,200.8,9.4,0
P105363,79,F,South,Commercial,0,48,7,0,73.0,5,0,23.2,6.8,0
P105364,37,M,Northeast,Medicaid,3,81,6,1,79.5,6,1,6.8,7.1,0
P105365,29,M,West,Commercial,1,68,6,0,33.3,0,0,16.0,9.9,0
P105366,24,F,West,Medicaid,1,8,9,0,71.3,5,2,101.0,6.6,1
P105367,59,M,West,Commercial,0,75,1,0,60.3,2,0,25.3,6.7,0
P105368,65,F,Northeast,Medicare,0,54,7,1,68.8,2,1,6.2,6.6,0
P105369,38,F,West,Commercial,0,51,5,2,57.0,1,0,57.9,5.9,0
P105370,74,F,South,Medicare,0,59,4,3,7.0,0,0,66.8,8.5,0
P105371,71,M,West,Commercial,1,6,5,1,64.2,1,0,52.3,7.3,0
P105372,43,F,West,Medicare,3,87,6,0,55.9,4,0,2.5,8.1,0
P105373,35,F,Northeast,Medicare,1,84,3,2,51.7,3,0,28.4,5.9,0
P105374,71,M,South,Commercial,2,95,3,1,18.9,4,0,45.6,6.5,1
P105375,66,M,South,Medicare,2,58,7,1,85.0,0,0,151.9,8.7,1
P105376,30,M,South,Medicaid,0,23,5,0,61.0,6,0,22.8,6.5,0
P105377,36,M,Midwest,Medicaid,4,58,2,0,9.4,4,0,34.4,8.7,0
P105378,52,F,South,Medicare,0,27,3,0,94.0,1,0,19.6,7.3,0
P105379,54,F,Midwest,Medicare,3,49,2,1,70.7,3,0,10.4,8.1,0
P105380,29,F,Midwest,Medicaid,1,77,3,1,83.0,2,0,45.8,10.0,0
P105381,86,M,Northeast,Medicare,1,17,4,1,52.6,0,1,104.5,9.0,0
P105382,45,F,Northeast,Medicaid,0,44,6,3,59.7,2,0,26.4,10.0,0
P105383,45,F,Midwest,Medicaid,0,47,6,0,86.6,4,1,56.8,5.7,0
P105384,22,F,Northeast,Commercial,2,89,7,2,70.9,2,1,4.7,8.3,0
P105385,81,F,Northeast,Commercial,1,51,4,1,56.5,4,0,75.1,10.0,0
P105386,34,M,Midwest,Medicare,5,33,2,0,44.1,5,0,76.3,8.5,0
P105387,89,M,South,Medicare,1,37,4,1,7.0,4,1,61.4,7.2,0
P105388,53,F,Northeast,Medicare,3,29,5,0,82.9,3,0,0.8,7.2,0
P105389,80,M,South,Uninsured,1,15,7,1,83.6,2,0,76.8,6.0,1
P105390,30,M,Midwest,Medicare,1,68,6,0,78.7,0,0,9.8,6.9,0
P105391,29,F,West,Commercial,0,73,7,0,88.5,2,1,86.1,6.4,0
P105392,75,F,West,Medicare,1,19,1,2,36.8,4,0,34.2,6.3,0
P105393,77,M,Midwest,Commercial,0,44,4,4,51.4,3,0,67.0,8.5,1
P105394,57,F,West,Medicare,1,72,8,1,48.1,1,1,10.9,6.8,0
P105395,20,M,Midwest,Medicaid,1,67,3,0,11.1,1,0,49.0,8.5,0
P105396,85,M,South,Commercial,0,8,7,3,45.1,2,1,3.7,7.6,0
P105397,46,M,West,Medicaid,1,5,2,0,64.3,1,0,36.8,10.0,0
P105398,85,M,South,Medicaid,1,7,6,0,86.2,5,0,54.3,7.1,0
P105399,80,M,West,Commercial,1,48,1,1,73.0,1,0,5.4,8.6,0
P105400,79,F,West,Medicaid,0,87,2,2,44.3,7,1,43.0,6.3,0
P105401,67,F,South,Medicaid,3,8,4,0,83.9,6,0,114.9,6.9,0
P105402,66,M,Midwest,Medicare,1,67,5,3,67.7,4,1,27.4,7.4,1
P105403,56,M,West,Commercial,3,70,2,2,19.2,2,0,256.5,7.9,1
P105404,19,M,West,Commercial,0,92,0,0,65.2,0,0,32.3,7.3,0
P105405,45,M,Northeast,Medicare,2,56,2,0,80.4,3,0,24.9,6.1,0
P105406,70,F,West,Commercial,2,91,4,1,74.1,6,0,29.2,9.0,0
P105407,76,M,Midwest,Commercial,1,43,6,4,31.4,2,1,29.5,8.4,0
P105408,58,M,Northeast,Medicaid,0,26,5,2,37.2,0,1,12.2,9.3,0
P105409,69,M,Northeast,Medicare,0,93,3,0,112.6,5,1,65.8,7.5,0
P105410,19,M,Midwest,Medicare,1,50,1,0,38.2,5,0,7.7,10.0,0
P105411,51,F,South,Uninsured,3,31,9,2,62.3,3,0,2.5,7.2,0
P105412,54,M,Northeast,Commercial,0,62,2,1,7.0,8,0,46.6,4.9,0
P105413,82,F,Midwest,Commercial,2,41,2,1,93.7,2,0,113.0,7.7,1
P105414,40,F,Midwest,Medicare,0,72,3,0,80.7,4,0,157.4,3.5,1
P105415,34,M,Northeast,Commercial,3,71,5,1,104.1,3,0,1.5,7.9,0
P105416,43,M,South,Commercial,1,2,4,1,34.6,3,0,141.6,8.0,0
P105417,30,M,South,Medicaid,1,50,2,0,91.4,3,0,17.0,3.8,0
P105418,58,F,West,Commercial,0,82,3,3,34.9,0,0,17.6,4.0,0
P105419,64,F,Midwest,Medicare,1,63,3,1,99.7,2,0,44.0,5.7,0
P105420,75,F,Northeast,Medicare,1,69,3,7,7.0,4,0,2.9,7.4,0
P105421,87,M,Midwest,Medicare,2,93,2,0,87.0,2,0,75.9,5.2,0
P105422,23,M,West,Commercial,1,33,7,1,61.9,2,1,3.3,9.8,0
P105423,35,M,Northeast,Commercial,1,67,3,2,78.0,3,0,15.4,5.5,0
P105424,39,F,West,Medicaid,1,3,4,0,75.0,1,0,3.1,9.0,0
P105425,35,M,Northeast,Medicaid,0,15,9,0,72.4,3,0,3.0,3.8,0
P105426,77,M,Midwest,Medicare,0,67,6,0,121.8,1,2,23.8,10.0,1
P105427,28,F,South,Commercial,1,20,5,2,107.0,3,0,8.8,8.9,0
P105428,20,M,Midwest,Medicare,0,75,3,0,75.6,2,0,79.6,4.5,1
P105429,79,M,West,Commercial,1,83,3,0,66.4,3,0,90.1,7.7,0
P105430,87,F,West,Commercial,0,85,4,1,98.3,2,2,16.7,8.5,0
P105431,34,F,West,Commercial,2,5,4,0,100.2,2,0,37.9,10.0,0
P105432,41,M,West,Commercial,0,31,3,2,64.2,3,0,54.6,4.8,1
P105433,54,M,South,Commercial,2,49,9,1,63.0,0,0,32.2,10.0,0
P105434,55,M,South,Commercial,2,2,4,0,37.5,4,2,22.9,7.1,0
P105435,89,M,Midwest,Medicaid,2,87,8,1,69.3,3,1,17.6,10.0,0
P105436,47,F,Northeast,Medicare,3,92,8,0,67.0,3,1,73.2,10.0,0
P105437,18,M,Midwest,Commercial,1,74,5,1,86.1,5,1,30.7,1.4,1
P105438,48,M,Midwest,Commercial,1,27,3,1,106.7,2,0,93.8,8.7,0
P105439,58,F,West,Medicaid,0,11,0,2,92.4,2,0,96.1,7.2,1
P105440,55,M,Northeast,Commercial,1,79,4,0,87.8,5,0,16.7,9.1,0
P105441,54,F,Northeast,Commercial,1,71,2,2,55.8,2,0,54.8,8.5,0
P105442,84,F,Northeast,Medicare,2,90,5,0,51.3,3,0,53.6,8.1,0
P105443,76,F,Midwest,Medicare,1,37,4,1,80.2,2,0,135.1,8.8,1
P105444,36,M,Midwest,Medicaid,2,17,4,1,76.0,1,0,50.6,5.7,0
P105445,43,F,Midwest,Commercial,0,86,5,1,79.0,2,0,26.8,4.2,0
P105446,66,F,Northeast,Commercial,1,11,4,1,36.9,2,0,130.0,8.6,0
P105447,47,M,South,Commercial,1,55,6,1,36.8,2,0,4.9,8.0,0
P105448,48,F,South,Medicare,0,45,2,1,48.5,3,0,27.5,9.7,0
P105449,30,M,Northeast,Commercial,1,53,2,0,79.2,5,1,24.2,8.6,0
P105450,36,M,West,Commercial,3,39,3,2,61.2,4,1,81.0,6.7,0
P105451,71,F,Northeast,Commercial,4,1,5,1,99.5,0,3,1.3,8.1,0
P105452,78,F,Midwest,Medicaid,0,60,2,0,35.7,3,0,64.0,10.0,0
P105453,74,M,South,Commercial,1,24,4,1,36.0,3,0,2.2,7.9,0
P105454,40,F,West,Commercial,1,12,5,1,55.4,5,1,77.4,3.7,0
P105455,27,F,Midwest,Medicaid,3,40,5,1,47.0,4,1,43.9,10.0,0
P105456,29,M,South,Medicare,0,28,4,0,40.3,2,0,32.5,5.6,0
P105457,46,M,Midwest,Medicare,0,69,2,1,62.5,4,1,28.4,6.4,0
P105458,55,M,Northeast,Medicare,1,35,4,2,63.4,3,0,5.1,5.6,0
P105459,82,M,Northeast,Commercial,1,50,3,2,28.9,3,1,10.2,7.8,0
P105460,82,M,South,Medicaid,3,47,6,1,45.5,4,1,46.5,6.8,0
P105461,18,M,West,Commercial,2,81,4,0,78.3,2,1,54.4,8.7,0
P105462,68,M,West,Uninsured,2,10,3,1,53.5,1,0,19.3,9.1,0
P105463,39,M,South,Commercial,1,4,1,0,39.7,3,0,49.4,4.6,1
P105464,32,M,South,Medicare,2,83,7,4,51.2,0,0,131.3,3.5,1
P105465,57,F,West,Medicare,1,31,6,4,29.6,5,0,7.1,6.4,1
P105466,20,F,Midwest,Commercial,1,69,1,1,104.7,3,0,18.1,9.2,0
P105467,42,F,Northeast,Commercial,0,57,6,1,82.3,6,0,88.7,8.1,0
P105468,57,M,Northeast,Medicaid,1,73,1,1,121.5,5,2,4.7,8.8,0
P105469,37,F,West,Commercial,0,63,8,1,62.5,4,1,9.6,5.3,1
P105470,60,F,West,Uninsured,0,24,1,0,51.3,3,1,54.6,5.3,0
P105471,51,M,West,Commercial,0,48,3,0,38.5,2,0,8.3,8.8,0
P105472,75,F,Northeast,Medicare,2,30,5,3,71.5,1,0,50.5,5.4,0
P105473,31,F,West,Medicare,2,38,4,1,48.8,2,0,1.7,8.1,0
P105474,22,F,Northeast,Medicare,0,52,3,2,36.0,0,1,0.2,4.6,0
P105475,56,F,West,Medicare,0,7,3,2,93.1,4,0,18.8,7.1,1
P105476,36,M,West,Medicare,2,3,1,0,61.0,1,0,75.0,6.2,1
P105477,68,F,South,Medicare,0,67,4,4,66.5,3,0,55.8,8.6,0
P105478,24,F,Northeast,Medicare,0,9,1,2,65.5,2,1,17.5,4.5,0
P105479,59,M,Midwest,Medicare,1,86,4,2,70.3,3,0,1.9,9.1,0
P105480,89,F,Northeast,Commercial,2,62,3,3,16.3,2,0,16.8,7.7,0
P105481,24,F,Midwest,Commercial,0,77,3,0,31.2,1,0,49.9,9.0,0
P105482,39,M,South,Commercial,1,45,7,0,106.1,5,0,2.7,6.1,0
P105483,78,M,South,Medicare,2,67,2,2,58.8,2,1,34.5,8.9,0
P105484,56,M,West,Medicaid,0,18,3,1,70.3,1,0,162.6,6.5,1
P105485,30,M,West,Commercial,3,61,1,2,79.9,2,0,74.0,10.0,0
P105486,33,M,South,Medicare,2,30,5,0,50.6,1,1,5.3,4.6,0
P105487,73,F,South,Commercial,0,74,5,0,33.3,2,0,13.3,4.6,0
P105488,79,M,West,Medicare,5,35,8,2,25.8,5,0,7.2,7.4,0
P105489,43,M,South,Medicare,1,74,6,0,34.8,1,3,29.2,7.8,0
P105490,52,F,Northeast,Medicare,0,85,3,2,42.8,5,0,32.2,7.8,0
P105491,74,M,West,Medicare,0,1,2,2,41.0,1,0,35.0,8.6,0
P105492,30,F,West,Medicaid,0,6,7,1,27.8,2,0,81.3,5.0,0
P105493,32,M,South,Commercial,0,34,3,0,83.0,3,0,14.0,10.0,0
P105494,73,M,Northeast,Medicare,6,52,5,2,96.8,4,1,12.7,7.3,0
P105495,31,M,Northeast,Commercial,0,83,4,3,36.6,5,0,21.4,8.9,0
P105496,73,F,Midwest,Medicaid,2,42,1,2,17.2,0,0,20.3,7.6,0
P105497,53,M,South,Medicaid,1,81,5,0,61.5,7,0,51.1,9.2,0
P105498,89,M,Midwest,Commercial,0,70,4,2,97.9,4,0,120.2,10.0,1
P105499,20,F,West,Commercial,2,68,4,1,26.7,3,1,2.2,5.7,0
P105500,86,F,Northeast,Medicare,1,87,4,1,27.4,1,1,2.5,7.7,0
P105501,34,M,West,Uninsured,2,30,4,3,7.0,1,0,19.8,7.2,0
P105502,20,F,Northeast,Commercial,5,64,3,0,66.5,1,0,3.4,9.8,0
P105503,70,M,Northeast,Medicare,2,76,3,1,35.0,4,0,6.8,8.7,0
P105504,56,M,Midwest,Commercial,0,92,2,0,82.0,5,2,38.3,9.3,0
P105505,78,F,Midwest,Medicare,0,22,7,2,78.1,1,0,59.1,6.7,0
P105506,25,M,West,Medicare,0,75,0,2,97.4,0,1,22.0,8.9,0
P105507,23,F,Midwest,Commercial,1,22,4,1,87.4,3,0,71.0,5.9,1
P105508,58,M,South,Medicaid,1,92,4,0,20.4,2,0,12.2,6.5,0
P105509,81,M,Midwest,Commercial,0,51,4,0,53.0,1,1,56.5,9.5,0
P105510,47,F,West,Medicaid,2,84,3,0,88.5,7,0,12.1,9.2,0
P105511,75,M,Midwest,Commercial,1,55,4,2,25.8,1,0,93.5,9.4,0
P105512,83,F,South,Medicare,1,8,1,2,50.5,1,1,24.1,5.9,0
P105513,80,M,West,Commercial,1,34,2,1,61.7,1,1,12.1,8.8,0
P105514,54,F,South,Medicare,0,58,5,0,58.8,0,1,17.3,5.7,0
P105515,68,M,South,Commercial,2,58,7,1,67.4,1,0,5.1,7.6,0
P105516,55,M,South,Medicare,2,53,2,1,43.0,1,0,80.7,9.0,0
P105517,66,F,South,Commercial,1,68,4,1,36.6,2,1,21.8,8.1,0
P105518,58,M,Northeast,Commercial,2,55,3,1,71.3,4,2,4.8,9.7,0
P105519,55,F,Midwest,Medicaid,0,18,7,0,55.5,2,0,95.4,4.7,1
P105520,49,M,Midwest,Medicare,0,8,0,1,112.8,4,0,8.3,6.7,0
P105521,65,F,South,Medicare,1,28,1,0,32.2,3,0,57.1,5.1,0
P105522,72,M,West,Medicare,1,14,3,2,58.5,2,0,42.2,6.8,0
P105523,84,F,South,Commercial,1,67,5,3,26.9,7,0,63.6,7.5,0
P105524,62,F,South,Medicaid,1,93,5,1,69.2,4,0,101.9,7.6,0
P105525,25,M,Northeast,Commercial,2,89,4,0,54.8,2,0,0.8,9.1,0
P105526,60,M,West,Medicaid,2,54,4,0,73.1,1,0,39.0,9.2,0
P105527,40,M,Northeast,Medicaid,3,85,2,1,42.1,4,2,25.6,6.6,0
P105528,19,M,Northeast,Commercial,0,63,3,0,14.0,1,0,34.5,8.3,0
P105529,23,F,West,Commercial,3,13,3,1,91.9,3,1,76.8,10.0,0
P105530,60,M,Midwest,Medicare,1,56,4,2,82.5,9,1,84.0,10.0,0
P105531,86,F,Northeast,Medicaid,1,55,4,1,83.6,2,0,25.2,7.6,0
P105532,54,F,South,Commercial,2,53,5,1,82.2,1,1,49.7,8.5,0
P105533,50,M,Midwest,Commercial,1,77,1,0,62.5,2,0,48.8,7.4,0
P105534,24,M,Northeast,Commercial,2,94,6,2,75.3,2,0,4.8,3.3,0
P105535,66,F,West,Medicaid,1,23,6,1,37.3,1,1,198.4,5.2,1
P105536,21,F,Midwest,Medicare,0,2,1,1,49.6,2,0,31.1,6.6,0
P105537,78,M,Northeast,Commercial,1,62,2,3,88.4,2,0,58.5,6.7,1
P105538,76,F,Midwest,Medicare,4,11,6,0,110.7,3,1,1.8,6.8,0
P105539,89,F,Northeast,Medicaid,1,41,7,0,68.2,3,0,25.2,6.2,0
P105540,38,F,Midwest,Medicaid,1,89,5,2,7.0,1,0,5.6,7.4,0
P105541,29,F,South,Commercial,2,63,9,1,68.9,0,1,5.3,7.1,0
P105542,39,F,Northeast,Commercial,2,90,2,1,95.5,2,0,44.2,6.2,0
P105543,75,M,Midwest,Commercial,3,4,5,0,52.4,2,0,38.5,6.4,0
P105544,33,F,South,Medicare,0,68,6,2,34.9,4,1,38.8,6.3,0
P105545,81,F,South,Commercial,0,30,7,3,84.0,4,0,31.9,9.5,0
P105546,29,M,West,Commercial,2,8,5,0,51.1,3,0,39.2,8.5,0
P105547,21,M,Midwest,Medicaid,0,30,7,1,51.0,3,1,32.3,6.7,0
P105548,33,M,South,Medicare,1,89,1,0,18.3,3,0,52.6,8.8,0
P105549,72,M,Northeast,Commercial,1,40,10,1,18.8,3,0,116.5,6.7,0
P105550,61,M,Midwest,Commercial,2,88,4,3,80.9,3,0,14.9,7.1,0
P105551,43,M,Northeast,Commercial,1,11,5,3,29.1,3,1,17.3,7.0,0
P105552,65,M,West,Commercial,2,63,5,2,104.2,4,0,57.7,9.6,0
P105553,64,M,Northeast,Commercial,2,42,3,2,109.9,1,1,90.7,8.0,0
P105554,57,M,Midwest,Commercial,2,29,8,3,33.9,6,0,200.5,6.8,1
P105555,55,F,South,Commercial,1,52,3,1,42.7,1,0,1.3,9.9,0
P105556,25,M,Midwest,Medicaid,1,59,5,1,77.6,2,0,29.3,7.2,1
P105557,36,M,South,Medicaid,2,3,2,0,98.2,3,2,3.1,5.6,0
P105558,55,F,Northeast,Commercial,1,63,6,3,64.2,2,0,13.1,6.3,0
P105559,27,M,West,Medicare,1,29,1,0,43.7,2,0,134.7,4.7,0
P105560,52,F,West,Commercial,1,77,3,1,50.3,2,1,48.0,6.2,0
P105561,26,F,Northeast,Medicaid,1,17,1,0,62.8,1,0,35.9,6.7,0
P105562,74,M,Northeast,Medicaid,1,28,1,0,46.6,4,0,32.5,5.5,1
P105563,25,F,Midwest,Medicare,2,93,1,2,90.5,2,1,38.0,6.2,1
P105564,24,F,West,Medicare,0,24,6,1,42.7,1,0,87.0,5.6,1
P105565,63,F,Midwest,Commercial,0,13,5,2,71.5,0,0,1.4,9.2,0
P105566,33,M,Northeast,Commercial,0,53,6,1,79.0,1,1,23.6,4.6,0
P105567,43,F,Midwest,Medicare,1,60,3,2,60.2,5,1,8.1,5.2,0
P105568,40,M,South,Commercial,0,54,2,2,54.3,4,0,111.5,7.6,0
P105569,33,M,Midwest,Medicare,0,39,1,1,59.4,1,1,21.9,4.6,0
P105570,72,M,South,Medicare,2,11,4,1,38.2,1,1,44.6,7.7,0
P105571,67,M,Northeast,Commercial,1,28,5,2,79.4,4,0,16.4,5.4,0
P105572,35,M,Northeast,Medicare,1,6,3,1,56.7,6,0,58.2,8.3,1
P105573,67,F,Midwest,Medicaid,1,82,2,0,53.7,2,1,40.0,6.4,0
P105574,69,M,Midwest,Medicare,3,25,2,1,32.6,4,1,8.4,6.7,0
P105575,56,M,South,Medicare,1,64,8,0,108.7,2,0,48.4,8.7,0
P105576,59,F,Northeast,Medicaid,2,25,4,1,81.4,2,0,22.5,7.6,1
P105577,85,F,West,Commercial,0,59,4,0,23.5,2,2,68.8,4.5,0
P105578,50,M,Northeast,Medicare,1,9,10,0,74.1,1,0,18.9,7.6,0
P105579,45,F,Northeast,Commercial,2,9,2,1,44.8,7,0,48.0,7.0,1
P105580,56,M,South,Commercial,1,31,5,1,37.3,5,1,2.9,6.9,0
P105581,78,F,Midwest,Uninsured,2,25,2,0,41.7,2,0,132.9,6.6,0
P105582,69,M,West,Commercial,2,31,6,0,73.0,2,1,51.8,5.9,0
P105583,23,F,Midwest,Commercial,0,27,4,0,56.4,2,0,9.3,7.9,0
P105584,51,M,West,Commercial,0,66,6,1,58.7,0,0,46.5,6.3,0
P105585,71,F,Midwest,Uninsured,0,42,4,1,67.1,2,0,88.3,10.0,0
P105586,34,F,West,Medicaid,2,15,3,5,83.5,3,0,49.0,10.0,1
P105587,89,F,Northeast,Commercial,1,88,5,2,117.8,4,0,0.8,7.4,0
P105588,76,F,Northeast,Medicare,0,61,6,0,53.4,2,1,63.4,9.0,0
P105589,78,M,Midwest,Commercial,2,39,5,2,49.4,4,0,56.9,7.0,0
P105590,23,M,West,Medicare,4,49,5,1,62.7,1,0,155.8,6.7,1
P105591,59,F,Midwest,Medicare,2,32,4,1,77.6,1,1,74.5,7.5,0
P105592,56,M,South,Commercial,0,38,3,3,87.4,1,0,8.0,5.8,0
P105593,63,F,South,Medicare,2,7,5,1,35.1,2,0,79.9,5.9,0
P105594,79,F,Northeast,Medicaid,2,79,7,0,120.6,5,0,23.0,10.0,0
P105595,43,M,South,Commercial,0,37,3,0,30.5,4,0,20.8,7.4,0
P105596,56,M,Midwest,Commercial,2,67,5,4,82.3,4,1,8.7,8.4,0
P105597,66,M,Northeast,Medicaid,1,5,4,0,78.8,4,0,35.2,8.8,0
P105598,72,F,South,Commercial,0,9,5,0,25.0,2,0,13.3,5.9,0
P105599,73,F,South,Medicare,0,35,5,3,66.7,2,0,44.7,5.0,0
P105600,42,M,South,Medicare,0,4,7,1,16.3,6,0,66.9,10.0,0
P105601,89,F,West,Commercial,1,92,3,0,39.3,1,2,1.0,7.9,0
P105602,18,F,West,Commercial,0,4,7,3,58.3,3,1,22.1,7.5,0
P105603,53,M,South,Commercial,1,53,2,0,63.5,3,0,16.4,8.2,0
P105604,61,M,West,Commercial,2,34,2,3,91.1,5,0,15.4,8.2,0
P105605,22,F,Midwest,Medicare,3,20,4,1,42.7,4,0,9.0,9.3,0
P105606,50,F,West,Medicaid,0,14,4,4,69.1,3,1,0.1,9.1,0
P105607,60,M,Midwest,Commercial,2,29,4,2,83.1,3,0,15.2,7.5,0
P105608,61,F,Midwest,Medicare,1,5,7,0,58.5,3,2,29.3,7.5,0
P105609,26,F,Midwest,Commercial,1,55,5,0,59.9,1,0,89.1,9.9,0
P105610,37,F,South,Commercial,1,23,4,2,23.6,1,0,37.7,4.7,1
P105611,35,M,Midwest,Medicare,6,2,3,1,19.6,2,0,4.4,7.7,0
P105612,64,M,Midwest,Commercial,1,11,4,1,39.0,3,0,12.1,5.4,1
P105613,41,F,Midwest,Medicare,0,86,5,0,94.8,6,0,26.8,4.5,0
P105614,59,F,Northeast,Commercial,1,23,2,0,94.9,3,0,138.4,6.2,0
P105615,70,M,Midwest,Medicare,1,55,6,0,91.2,3,1,3.4,5.5,0
P105616,75,M,Midwest,Medicaid,0,39,0,0,69.3,5,1,22.3,8.5,0
P105617,31,M,Northeast,Commercial,0,47,3,1,73.1,2,1,34.4,4.0,1
P105618,83,F,West,Medicaid,0,82,6,2,49.7,3,1,7.6,9.6,0
P105619,29,M,West,Commercial,0,69,3,1,50.7,1,1,9.6,6.8,0
P105620,19,M,Midwest,Commercial,1,53,7,2,9.2,4,0,10.0,8.9,0
P105621,21,M,West,Commercial,2,20,4,1,65.2,3,0,26.6,6.3,0
P105622,32,F,West,Medicaid,1,81,4,2,71.8,3,1,56.7,6.2,0
P105623,80,M,South,Medicare,0,3,4,0,44.6,2,1,38.6,6.8,0
P105624,32,F,West,Uninsured,2,53,4,1,82.8,1,1,50.8,6.7,1
P105625,67,F,West,Medicare,1,59,2,1,90.7,4,0,13.2,6.9,0
P105626,48,F,Northeast,Commercial,0,90,6,2,31.9,7,0,24.6,6.0,0
P105627,20,M,West,Medicaid,0,16,7,2,117.8,3,0,23.5,7.3,0
P105628,49,F,Northeast,Uninsured,1,28,8,0,73.6,5,0,53.3,7.9,0
P105629,20,M,South,Medicaid,1,2,6,2,98.8,4,0,25.6,8.3,1
P105630,52,F,West,Medicare,0,24,3,3,42.8,3,2,14.1,9.7,1
P105631,58,F,Midwest,Medicaid,0,89,2,1,96.3,1,0,43.0,7.7,0
P105632,55,F,South,Commercial,3,1,3,1,76.5,3,1,8.4,8.6,0
P105633,38,M,Midwest,Medicaid,0,75,5,1,52.7,5,0,26.2,10.0,0
P105634,73,F,Northeast,Uninsured,0,89,6,1,32.5,3,0,100.9,6.1,0
P105635,60,F,Northeast,Medicare,3,11,6,2,60.3,0,2,101.0,8.6,1
P105636,36,F,West,Commercial,2,35,6,3,79.5,0,2,46.9,6.2,0
P105637,49,F,Northeast,Commercial,1,86,2,0,61.9,7,1,30.8,6.3,1
P105638,25,M,West,Uninsured,2,69,5,3,62.2,3,1,10.3,7.6,0
P105639,84,F,South,Medicaid,3,7,1,1,47.8,0,0,0.3,2.3,0
P105640,72,F,Northeast,Medicare,0,83,2,3,26.9,1,1,52.4,7.0,0
P105641,38,M,West,Medicaid,3,77,6,1,64.4,2,1,19.3,6.1,0
P105642,66,F,Northeast,Medicare,2,30,3,1,36.8,2,1,6.6,4.8,0
P105643,66,F,South,Medicaid,0,40,4,2,83.8,2,0,23.2,8.7,0
P105644,61,F,Northeast,Commercial,0,29,3,0,81.0,4,0,13.7,6.2,0
P105645,21,F,West,Commercial,1,50,1,1,101.7,0,0,27.9,8.4,0
P105646,81,M,South,Medicare,1,75,8,0,50.6,2,0,145.7,8.9,0
P105647,86,F,Midwest,Commercial,2,64,5,2,58.9,4,1,50.5,9.0,0
P105648,88,F,Northeast,Commercial,0,93,4,2,23.2,1,0,47.6,10.0,0
P105649,88,M,Midwest,Medicaid,2,10,0,2,46.1,2,1,31.4,6.4,0
P105650,84,F,Midwest,Commercial,1,88,4,0,59.9,5,1,4.9,5.4,0
P105651,71,M,South,Medicare,3,87,2,1,62.0,1,0,19.8,10.0,0
P105652,22,M,West,Commercial,0,37,2,0,50.5,1,0,3.5,7.0,0
P105653,51,F,South,Medicaid,0,14,5,1,44.3,4,1,34.3,7.1,0
P105654,35,F,Midwest,Commercial,2,22,5,1,66.1,2,0,32.3,9.1,0
P105655,33,F,Northeast,Medicare,2,90,2,1,52.5,3,0,17.6,7.4,0
P105656,77,F,West,Medicare,0,1,2,1,92.8,4,1,57.4,7.1,1
P105657,76,F,Northeast,Commercial,2,9,6,0,66.3,5,1,112.2,9.1,1
P105658,55,M,Midwest,Commercial,0,7,3,0,46.7,6,0,20.8,5.2,0
P105659,71,F,Northeast,Commercial,0,17,3,1,87.1,1,0,54.6,5.4,1
P105660,27,F,Northeast,Commercial,1,75,6,3,34.8,1,1,14.2,7.5,0
P105661,33,F,Northeast,Commercial,1,6,3,0,50.2,4,0,5.6,4.1,0
P105662,79,M,West,Commercial,2,92,2,3,33.8,2,0,23.4,4.4,0
P105663,50,M,Northeast,Medicare,2,38,2,2,53.6,1,0,44.9,10.0,0
P105664,57,F,West,Commercial,2,51,5,0,94.3,0,1,25.3,4.6,0
P105665,51,M,Midwest,Commercial,1,57,3,2,64.7,3,0,25.1,6.5,0
P105666,32,F,Northeast,Commercial,1,78,2,1,16.8,2,0,34.4,8.9,0
P105667,77,M,South,Medicare,1,60,5,3,50.4,0,0,14.3,9.2,0
P105668,72,M,South,Medicare,1,6,4,1,66.7,4,1,16.1,8.2,0
P105669,67,M,South,Medicare,1,79,6,2,67.3,5,0,32.4,6.6,0
P105670,43,F,Midwest,Medicare,0,9,2,0,55.6,0,1,7.7,5.9,0
P105671,64,F,West,Medicare,0,51,1,0,79.2,2,1,83.7,7.0,0
P105672,86,M,West,Commercial,2,83,8,2,74.6,1,0,80.8,8.0,0
P105673,64,F,Midwest,Commercial,3,49,3,0,56.2,2,0,61.5,5.0,0
P105674,53,F,West,Medicare,3,40,1,2,65.9,0,0,8.8,8.5,1
P105675,37,M,West,Commercial,1,31,4,3,56.5,2,1,61.8,7.5,1
P105676,55,M,Northeast,Medicaid,3,75,6,1,61.4,5,0,44.8,6.3,0
P105677,44,M,Midwest,Medicare,3,62,6,0,64.8,2,0,10.3,8.6,0
P105678,62,M,West,Medicare,0,78,6,2,85.4,4,0,82.9,9.9,0
P105679,21,M,Northeast,Medicare,5,87,5,2,71.8,2,0,24.3,7.8,0
P105680,31,F,Midwest,Medicaid,0,57,4,2,60.1,1,1,9.6,7.7,0
P105681,74,M,West,Commercial,0,34,1,3,49.9,0,1,103.8,6.8,1
P105682,45,M,South,Commercial,3,57,6,0,76.6,2,1,21.4,4.5,0
P105683,49,M,West,Medicaid,2,34,5,0,67.9,3,0,14.1,5.9,0
P105684,57,F,West,Medicare,2,20,2,1,57.6,3,2,15.6,7.4,1
P105685,49,F,Midwest,Commercial,2,33,4,1,52.4,0,1,28.7,5.0,1
P105686,72,M,Midwest,Commercial,2,46,4,2,61.6,1,0,64.7,6.3,0
P105687,35,F,Midwest,Commercial,2,22,5,0,43.3,7,0,4.7,5.4,0
P105688,72,F,South,Medicaid,1,30,4,0,23.9,2,0,3.1,7.6,0
P105689,33,M,South,Commercial,0,54,1,2,99.3,3,1,19.0,8.6,0
P105690,44,F,Midwest,Commercial,0,13,2,1,100.0,4,0,82.6,8.7,0
P105691,60,F,South,Commercial,2,11,8,1,63.8,2,0,33.3,10.0,0
P105692,81,F,West,Uninsured,1,74,7,0,73.5,1,0,2.2,5.3,0
P105693,34,F,West,Medicare,3,80,2,2,54.7,1,1,12.2,9.1,0
P105694,60,M,South,Medicare,2,30,5,1,73.1,2,0,64.9,7.9,0
P105695,22,F,Midwest,Medicaid,1,14,2,2,63.1,5,0,17.6,8.2,0
P105696,23,F,Northeast,Commercial,2,44,3,0,65.3,2,0,15.9,10.0,0
P105697,73,F,Northeast,Medicaid,0,17,3,1,35.9,2,0,46.3,4.3,0
P105698,69,F,South,Medicare,2,84,5,0,105.1,6,0,87.5,7.2,0
P105699,45,F,Northeast,Medicare,0,7,7,0,32.8,2,0,21.0,6.6,0
P105700,62,F,West,Medicaid,2,48,2,1,81.6,2,1,45.8,5.8,0
P105701,45,M,Northeast,Uninsured,1,37,1,3,40.6,4,1,17.6,7.1,0
P105702,37,F,South,Commercial,0,45,7,0,11.4,2,0,2.5,8.2,0
P105703,49,F,South,Commercial,2,72,8,2,84.2,1,1,66.8,7.4,0
P105704,40,F,Northeast,Medicaid,1,25,9,2,64.8,1,0,63.9,4.4,0
P105705,76,F,South,Commercial,1,87,5,4,26.6,7,1,42.5,7.0,1
P105706,47,F,Midwest,Medicare,1,93,4,1,77.3,5,0,132.3,5.4,0
P105707,41,F,West,Commercial,2,42,5,1,51.8,1,0,62.9,5.9,0
P105708,56,F,Northeast,Medicaid,2,37,4,2,106.3,1,0,2.8,5.8,0
P105709,72,F,Northeast,Medicare,3,23,4,2,25.6,2,1,17.0,10.0,0
P105710,37,M,South,Uninsured,0,78,2,0,45.0,4,1,0.2,6.6,0
P105711,85,F,South,Medicare,0,69,4,1,81.4,4,0,27.0,6.6,0
P105712,51,M,West,Uninsured,3,43,3,1,50.2,0,1,14.4,7.5,0
P105713,65,M,Northeast,Medicare,0,66,2,0,40.4,5,0,12.5,6.4,0
P105714,86,F,South,Medicare,0,35,3,0,66.5,2,1,22.1,9.3,0
P105715,49,F,Midwest,Medicare,1,65,1,0,88.3,1,1,69.7,8.6,0
P105716,32,F,South,Medicare,1,78,5,1,59.6,4,0,19.5,8.2,0
P105717,71,F,Midwest,Medicare,0,43,2,4,55.5,5,0,179.9,7.4,1
P105718,18,M,West,Commercial,0,64,4,0,41.9,2,0,12.5,8.6,0
P105719,50,F,Midwest,Commercial,1,54,4,0,49.6,1,0,4.9,7.2,0
P105720,88,M,South,Medicare,2,7,5,3,33.0,1,0,32.5,9.0,0
P105721,47,F,West,Commercial,1,6,4,0,91.4,2,0,30.6,7.9,0
P105722,67,M,West,Medicare,4,26,2,0,78.5,1,0,7.0,6.4,0
P105723,55,M,West,Commercial,1,24,4,1,28.6,2,0,3.5,7.4,0
P105724,33,F,Northeast,Commercial,1,19,2,3,46.5,3,1,48.4,8.9,0
P105725,40,M,West,Medicare,0,89,4,1,79.5,2,0,88.3,7.7,0
P105726,55,M,West,Commercial,2,58,4,1,77.1,3,2,3.3,6.0,1
P105727,25,F,West,Uninsured,2,4,3,0,58.3,1,0,164.7,10.0,1
P105728,47,F,Midwest,Uninsured,4,86,5,0,54.5,3,1,54.6,6.7,1
P105729,47,F,South,Medicare,2,29,2,0,60.6,2,0,37.0,7.6,0
P105730,78,F,Midwest,Commercial,1,94,2,0,49.6,2,1,6.7,7.4,0
P105731,26,M,Midwest,Commercial,2,22,5,4,87.6,1,0,25.3,10.0,0
P105732,78,F,West,Medicaid,1,9,8,1,78.3,1,0,4.7,7.3,0
P105733,47,F,South,Commercial,1,13,5,0,67.9,2,0,0.2,9.0,0
P105734,64,M,Midwest,Medicaid,2,37,3,2,33.4,3,0,14.3,9.1,1
P105735,58,F,West,Uninsured,1,88,2,2,45.4,3,0,12.3,5.4,0
P105736,39,M,West,Commercial,0,53,6,0,45.1,2,0,103.7,10.0,0
P105737,85,F,Northeast,Medicare,0,12,2,0,51.6,3,0,73.5,7.8,1
P105738,34,M,West,Medicare,2,31,4,5,65.1,1,0,9.6,7.5,0
P105739,20,M,Northeast,Medicare,1,47,5,0,100.1,5,0,44.6,8.1,0
P105740,72,F,West,Commercial,1,52,3,0,65.1,1,1,49.8,10.0,0
P105741,62,M,Northeast,Medicare,3,80,4,2,26.2,3,0,15.2,7.5,0
P105742,82,F,Northeast,Commercial,0,5,3,0,77.7,2,0,63.3,7.9,0
P105743,50,M,Midwest,Medicaid,0,1,3,3,27.0,0,0,67.3,9.0,1
P105744,19,M,Midwest,Medicare,2,69,6,1,72.0,1,0,3.3,8.0,0
P105745,19,F,Midwest,Medicare,0,11,3,0,49.7,4,0,19.2,9.6,1
P105746,49,M,South,Medicaid,0,65,5,0,75.0,0,0,92.2,8.3,0
P105747,35,M,Northeast,Medicare,2,33,4,1,73.8,5,1,1.1,9.6,0
P105748,84,M,Midwest,Medicare,2,37,4,2,64.9,4,0,56.2,8.7,0
P105749,26,M,Midwest,Commercial,0,15,5,3,34.5,4,0,3.3,7.8,0
P105750,81,M,Midwest,Medicare,0,74,3,3,45.0,1,0,2.9,9.5,0
P105751,33,F,South,Commercial,0,18,2,1,73.4,4,0,7.3,9.0,0
P105752,26,M,West,Medicaid,2,1,2,1,65.1,4,0,28.2,7.3,0
P105753,37,M,West,Commercial,1,57,6,1,106.1,2,0,20.7,6.3,0
P105754,28,F,Northeast,Commercial,1,15,8,1,64.0,2,0,51.8,7.9,0
P105755,46,F,Northeast,Medicaid,1,17,4,0,80.0,2,0,147.8,9.7,0
P105756,41,F,Northeast,Commercial,2,21,3,2,50.5,4,0,33.1,5.7,0
P105757,56,F,Northeast,Medicaid,1,61,5,1,39.1,1,1,123.3,7.2,0
P105758,56,F,Midwest,Commercial,0,72,6,1,89.1,4,0,45.7,7.4,0
P105759,18,F,Midwest,Commercial,1,87,4,0,42.4,5,1,1.3,9.4,0
P105760,26,M,South,Medicare,1,94,7,1,24.7,2,1,0.7,5.5,0
P105761,29,F,Midwest,Medicare,0,22,3,1,26.8,2,0,3.9,9.4,0
P105762,32,F,West,Medicaid,2,21,2,1,69.2,4,0,7.7,6.3,1
P105763,24,M,West,Commercial,1,21,3,1,43.3,1,0,40.8,7.6,0
P105764,40,F,South,Commercial,0,18,6,1,22.2,0,1,25.1,9.1,0
P105765,57,F,Midwest,Commercial,1,2,1,0,108.1,1,0,3.7,10.0,0
P105766,40,M,Midwest,Commercial,2,56,5,2,7.0,3,0,96.7,9.6,0
P105767,41,M,West,Medicare,1,2,1,1,49.7,4,0,50.3,6.5,1
P105768,51,M,West,Commercial,1,4,3,0,100.6,3,1,39.0,5.9,0
P105769,57,F,South,Medicare,1,38,5,2,61.5,3,1,27.6,10.0,0
P105770,41,F,West,Medicaid,0,77,3,1,121.6,1,0,212.6,5.2,1
P105771,33,M,South,Commercial,0,47,7,1,79.6,3,1,12.8,10.0,0
P105772,47,M,West,Medicare,1,38,4,1,30.5,3,2,15.8,9.3,0
P105773,19,M,West,Commercial,1,18,4,2,78.8,2,0,51.5,9.1,1
P105774,53,M,West,Medicaid,1,65,2,1,45.8,1,2,71.5,8.9,0
P105775,85,F,Northeast,Commercial,0,31,4,1,53.7,5,1,13.8,5.9,0
P105776,46,F,Northeast,Medicare,1,95,1,2,34.9,3,0,21.4,6.9,0
P105777,25,M,West,Commercial,0,14,2,0,43.7,7,0,18.1,10.0,0
P105778,68,M,Northeast,Commercial,1,75,5,0,78.1,2,0,43.9,5.3,0
P105779,27,F,Northeast,Commercial,3,65,3,2,37.3,4,0,15.9,10.0,0
P105780,31,M,South,Commercial,1,35,5,3,11.6,2,0,2.4,10.0,0
P105781,28,F,South,Medicaid,1,38,3,0,70.3,2,0,16.4,5.9,0
P105782,81,M,Northeast,Commercial,0,92,6,1,53.9,1,1,33.5,9.2,0
P105783,88,F,Northeast,Uninsured,0,70,5,0,83.0,1,0,49.7,10.0,0
P105784,59,M,South,Medicare,1,5,4,4,40.8,3,0,22.5,10.0,0
P105785,62,F,Midwest,Commercial,1,53,7,4,85.6,3,0,53.0,3.8,0
P105786,64,M,Midwest,Commercial,1,71,4,2,77.9,2,2,24.8,9.5,0
P105787,61,M,West,Commercial,0,36,4,2,72.9,3,0,83.3,8.1,0
P105788,57,F,West,Medicaid,1,66,5,2,26.3,2,0,27.3,10.0,0
P105789,89,M,Northeast,Commercial,2,60,6,1,58.5,3,0,27.7,8.5,0
P105790,70,M,Midwest,Medicaid,0,32,2,2,82.6,1,2,12.9,7.8,0
P105791,24,M,Northeast,Commercial,0,1,1,1,46.2,2,0,22.3,10.0,0
P105792,46,F,South,Commercial,1,4,2,2,7.5,4,1,10.5,8.0,0
P105793,88,M,South,Commercial,1,66,5,0,43.1,2,1,79.6,10.0,1
P105794,47,M,Midwest,Medicare,1,74,3,1,36.3,4,1,127.2,8.9,0
P105795,32,M,South,Medicare,2,36,1,4,44.8,3,0,33.7,5.7,1
P105796,80,F,West,Medicaid,0,46,4,2,23.9,3,1,114.6,8.5,0
P105797,62,M,South,Commercial,1,49,5,1,79.4,2,1,76.8,10.0,0
P105798,58,F,West,Commercial,2,84,3,3,75.2,3,0,1.6,5.9,0
P105799,48,F,West,Medicaid,0,50,6,0,37.3,4,0,57.1,8.1,0
P105800,26,F,Midwest,Medicare,4,55,2,0,49.2,5,1,115.9,3.0,0
P105801,45,F,Northeast,Medicaid,1,54,3,2,38.2,2,2,24.7,5.9,0
P105802,49,F,Midwest,Commercial,0,13,2,0,72.2,2,1,98.9,5.2,0
P105803,85,F,South,Medicare,3,67,2,1,34.9,3,1,1.9,5.4,0
P105804,40,M,South,Commercial,3,87,7,2,38.6,1,0,71.1,9.8,0
P105805,28,M,South,Uninsured,1,11,3,2,62.5,4,1,0.2,6.8,0
P105806,48,F,South,Commercial,4,7,1,2,38.8,1,1,128.8,6.7,1
P105807,89,M,South,Medicaid,2,47,7,0,101.9,0,0,62.9,6.2,0
P105808,52,M,West,Commercial,3,73,4,2,42.0,2,1,94.1,8.7,0
P105809,45,M,South,Medicaid,1,8,2,1,78.3,5,1,25.4,10.0,0
P105810,66,M,South,Medicaid,5,71,3,3,82.1,4,0,23.7,8.7,0
P105811,64,M,Midwest,Medicaid,1,23,5,1,24.9,4,1,38.8,9.0,0
P105812,39,M,Northeast,Medicare,1,18,6,2,53.4,1,0,34.3,9.5,0
P105813,87,M,Midwest,Commercial,2,18,8,0,38.2,2,0,15.9,7.9,0
P105814,60,M,West,Medicaid,3,50,1,2,82.6,3,0,5.0,4.5,0
P105815,22,F,West,Medicare,1,57,4,1,58.1,4,0,48.5,9.6,0
P105816,47,M,Northeast,Medicare,3,44,8,1,82.3,6,0,9.5,7.1,0
P105817,84,M,South,Commercial,1,58,6,0,100.8,4,0,36.5,4.3,0
P105818,46,M,Northeast,Commercial,1,77,5,1,103.2,0,0,19.4,8.5,0
P105819,58,M,Midwest,Commercial,0,79,4,0,33.2,1,0,25.3,10.0,0
P105820,62,F,South,Medicare,0,70,4,4,30.5,1,1,11.1,9.8,0
P105821,68,F,West,Commercial,3,50,4,1,30.5,3,0,36.3,4.8,0
P105822,80,M,Northeast,Commercial,2,21,5,4,88.4,5,0,20.7,7.4,0
P105823,28,M,West,Medicaid,2,71,5,0,78.8,3,0,60.6,6.3,0
P105824,55,M,South,Medicare,1,64,8,0,77.0,2,1,7.1,5.2,0
P105825,56,M,West,Medicaid,0,85,6,2,73.7,3,0,102.2,7.3,1
P105826,28,M,Northeast,Commercial,1,68,7,2,49.8,3,3,11.8,7.2,0
P105827,66,M,South,Commercial,1,13,8,2,62.2,2,0,10.7,5.4,0
P105828,26,F,South,Medicare,0,55,5,1,68.4,0,0,32.3,6.8,0
P105829,50,M,West,Commercial,1,69,4,0,62.8,2,0,153.9,7.0,0
P105830,41,F,Midwest,Medicare,0,95,5,1,43.8,0,0,250.9,5.8,1
P105831,29,M,West,Commercial,1,32,2,3,100.2,2,0,23.2,4.2,1
P105832,77,F,Midwest,Medicare,1,82,1,3,30.0,2,0,23.1,6.0,0
P105833,35,M,West,Commercial,1,27,3,2,49.5,2,1,28.3,4.6,1
P105834,36,F,Midwest,Medicare,2,36,1,1,96.5,3,0,32.3,8.1,1
P105835,79,F,Midwest,Medicaid,1,92,5,2,83.2,0,0,23.2,7.5,0
P105836,81,M,West,Commercial,2,16,3,2,28.3,5,0,0.8,9.8,0
P105837,20,M,West,Medicare,0,20,4,0,7.0,4,0,19.9,3.3,0
P105838,38,F,Midwest,Medicare,3,80,4,0,34.2,2,1,24.3,9.9,0
P105839,69,M,South,Medicare,3,87,5,0,63.0,5,2,27.5,5.3,1
P105840,74,F,Midwest,Commercial,1,10,2,1,61.5,6,1,67.1,7.4,0
P105841,89,F,Midwest,Commercial,1,79,3,1,59.2,2,1,26.2,6.9,1
P105842,57,F,West,Medicaid,0,56,2,0,74.4,4,2,45.0,5.1,0
P105843,18,M,Midwest,Medicare,0,84,7,2,60.7,5,0,37.1,8.0,0
P105844,80,M,West,Medicare,1,48,2,2,83.8,1,0,35.1,7.6,0
P105845,29,M,Midwest,Commercial,2,56,4,1,78.9,1,0,34.8,10.0,0
P105846,26,M,West,Medicaid,2,23,1,2,7.0,1,1,60.6,7.7,0
P105847,66,M,West,Commercial,0,56,0,1,62.2,3,0,22.8,6.9,0
P105848,61,M,West,Commercial,0,40,1,2,54.6,1,1,46.0,6.1,1
P105849,22,M,Northeast,Medicare,1,39,1,1,66.9,1,0,28.1,6.3,0
P105850,30,F,West,Medicare,1,27,7,1,54.0,3,0,171.2,3.5,0
P105851,60,F,South,Medicare,1,39,3,0,19.7,0,0,5.6,6.4,0
P105852,36,F,West,Commercial,2,16,2,2,71.5,4,0,73.6,8.4,0
P105853,67,M,South,Commercial,3,81,5,1,77.4,2,0,1.3,6.0,0
P105854,47,M,South,Medicare,0,39,5,1,13.9,2,0,18.9,9.3,0
P105855,60,F,Midwest,Commercial,3,37,4,0,103.2,2,1,134.4,7.5,0
P105856,52,M,Midwest,Medicare,2,94,5,0,83.5,1,0,12.2,8.8,0
P105857,44,M,Midwest,Medicare,1,47,0,1,37.5,1,0,28.6,6.9,0
P105858,42,F,Northeast,Commercial,1,67,2,1,32.5,0,1,5.1,6.1,0
P105859,68,F,West,Medicare,3,95,4,0,65.1,1,0,56.4,9.8,0
P105860,55,F,South,Medicaid,0,82,3,0,63.2,0,0,39.8,7.4,0
P105861,60,F,West,Medicaid,1,34,7,0,75.5,1,0,41.9,9.5,0
P105862,59,M,South,Commercial,1,51,4,1,72.3,3,0,0.2,6.7,0
P105863,32,M,Midwest,Medicare,1,79,3,0,74.7,4,0,13.8,1.0,0
P105864,83,F,Midwest,Medicaid,1,48,4,2,32.2,4,1,15.9,10.0,0
P105865,58,F,Northeast,Medicare,1,27,7,1,56.5,7,0,86.1,5.9,0
P105866,69,F,South,Commercial,4,51,5,0,68.6,1,0,106.2,5.0,0
P105867,81,F,Midwest,Commercial,1,3,2,0,54.1,2,1,40.2,8.9,0
P105868,84,F,West,Medicare,1,84,7,2,76.2,3,0,119.5,4.2,1
P105869,66,M,West,Medicaid,2,57,5,2,86.9,1,2,18.4,9.2,0
P105870,74,M,South,Medicaid,0,25,2,0,39.3,0,0,0.6,7.6,0
P105871,51,M,Midwest,Medicaid,0,46,4,4,59.1,0,0,44.9,8.0,0
P105872,71,F,Northeast,Commercial,3,4,3,2,46.8,3,0,24.5,8.3,0
P105873,41,M,West,Medicare,0,75,4,2,49.4,2,0,100.6,5.5,1
P105874,69,F,West,Commercial,0,51,2,2,18.9,2,0,51.1,5.5,0
P105875,24,F,West,Commercial,1,1,2,2,70.3,5,0,7.9,9.1,0
P105876,83,M,South,Commercial,3,44,4,2,131.7,4,1,69.6,6.4,0
P105877,35,M,South,Medicaid,0,7,1,3,70.4,1,1,93.8,7.0,1
P105878,65,F,West,Commercial,1,37,5,1,117.2,2,0,62.8,7.8,0
P105879,18,F,Midwest,Medicare,0,82,4,1,92.3,4,1,12.2,8.8,0
P105880,29,M,Northeast,Commercial,1,63,4,1,41.2,3,0,7.6,4.5,0
P105881,89,M,Midwest,Commercial,0,46,3,1,70.6,2,0,13.1,8.4,0
P105882,78,M,Midwest,Medicare,2,49,1,3,79.6,0,1,118.1,9.4,0
P105883,34,F,South,Commercial,1,49,5,1,78.3,1,0,27.5,8.3,0
P105884,27,F,South,Commercial,2,10,5,2,42.0,2,0,162.3,10.0,0
P105885,76,F,Northeast,Medicare,1,22,2,0,65.3,2,1,12.0,7.0,0
P105886,89,F,South,Medicaid,0,78,2,2,101.8,4,0,0.9,4.7,0
P105887,30,M,Northeast,Medicare,1,88,4,0,21.1,3,0,41.7,8.5,1
P105888,65,M,South,Medicaid,0,14,5,2,85.9,1,0,13.0,7.5,0
P105889,38,F,Northeast,Commercial,1,87,2,1,89.5,2,0,39.2,10.0,1
P105890,71,M,South,Commercial,1,3,2,1,17.2,2,0,33.1,8.0,1
P105891,48,M,Midwest,Commercial,4,50,6,1,44.3,3,1,55.7,9.1,0
P105892,27,M,South,Uninsured,5,79,3,0,53.1,5,0,0.5,6.9,0
P105893,41,F,Northeast,Commercial,2,21,3,1,81.9,1,0,6.3,7.6,1
P105894,56,F,West,Commercial,0,91,8,1,60.2,3,1,139.3,9.7,0
P105895,75,F,South,Medicaid,1,94,6,0,46.2,3,0,32.5,8.7,0
P105896,19,F,Midwest,Medicaid,0,41,9,2,62.0,4,1,24.6,10.0,0
P105897,86,F,Midwest,Commercial,1,85,3,0,70.8,2,0,53.2,9.2,0
P105898,64,F,Midwest,Medicaid,0,8,7,2,56.0,3,1,4.4,7.6,0
P105899,81,F,South,Commercial,2,50,3,1,100.6,1,0,43.7,8.0,1
P105900,84,F,West,Medicare,1,28,1,1,60.8,4,0,23.1,8.8,0
P105901,29,M,West,Medicare,3,60,4,0,78.5,4,0,7.8,10.0,0
P105902,24,M,West,Uninsured,5,24,8,2,33.6,2,0,3.5,7.2,0
P105903,73,F,South,Commercial,0,42,2,1,69.1,2,0,8.9,4.4,1
P105904,31,M,South,Medicaid,0,70,7,1,47.3,2,0,18.5,9.0,0
P105905,28,F,Northeast,Commercial,0,20,5,0,47.4,4,0,25.8,9.5,1
P105906,51,F,South,Medicare,0,80,6,5,98.5,1,2,22.3,6.8,1
P105907,83,M,West,Medicare,0,65,2,2,43.5,4,0,59.2,10.0,0
P105908,75,F,South,Medicaid,2,24,1,1,47.2,4,0,111.1,9.1,1
P105909,55,F,West,Medicaid,2,64,3,2,16.8,6,0,2.9,8.1,0
P105910,32,F,West,Medicaid,0,31,3,1,37.9,2,0,21.5,6.7,0
P105911,42,F,Midwest,Medicare,3,52,6,1,17.6,1,0,19.2,5.9,0
P105912,67,M,Midwest,Commercial,2,58,2,1,89.5,2,0,67.4,8.6,0
P105913,29,F,West,Uninsured,2,78,2,0,69.2,1,0,25.6,8.2,0
P105914,55,F,Northeast,Medicare,1,34,5,2,80.1,5,1,47.2,7.0,0
P105915,18,F,Northeast,Commercial,2,43,5,3,71.6,2,0,18.5,4.5,0
P105916,41,M,Northeast,Medicare,1,43,11,1,36.0,0,0,50.9,8.7,0
P105917,35,F,West,Commercial,0,82,4,1,80.4,2,4,29.1,8.7,0
P105918,67,M,South,Medicare,0,80,4,0,55.2,1,0,1.9,8.0,0
P105919,83,M,Northeast,Commercial,2,21,4,2,74.5,3,0,19.9,7.4,0
P105920,28,F,Northeast,Commercial,3,10,5,1,7.0,5,1,6.0,5.7,0
P105921,75,M,South,Medicaid,1,92,4,2,30.2,2,1,98.6,8.8,0
P105922,65,F,South,Medicaid,1,16,2,3,42.4,6,0,39.7,10.0,0
P105923,87,F,Northeast,Medicare,2,20,4,4,67.7,2,1,35.6,6.0,1
P105924,83,F,Northeast,Uninsured,3,12,3,1,20.6,3,2,85.0,6.1,0
P105925,25,F,West,Commercial,1,16,3,0,116.8,1,2,36.1,6.8,0
P105926,71,M,West,Commercial,1,7,2,2,91.6,0,0,4.7,9.8,0
P105927,60,M,Northeast,Medicaid,1,58,2,1,92.5,6,2,59.1,10.0,0
P105928,26,F,South,Medicare,2,49,7,0,95.9,1,1,90.2,7.4,0
P105929,36,F,South,Medicaid,3,9,8,3,73.6,3,1,9.0,7.5,0
P105930,84,M,South,Commercial,1,62,2,0,31.8,4,0,44.2,7.6,0
P105931,57,F,Northeast,Commercial,2,16,2,1,71.5,2,1,39.1,4.9,0
P105932,42,F,West,Commercial,0,52,2,1,47.7,3,0,7.0,4.7,0
P105933,41,M,Midwest,Uninsured,0,70,2,0,54.2,1,0,16.7,8.2,0
P105934,78,M,West,Commercial,3,41,3,0,81.4,0,1,105.6,10.0,0
P105935,38,M,South,Medicare,0,30,7,0,45.9,4,0,82.0,10.0,0
P105936,29,F,West,Commercial,0,86,8,1,44.6,2,0,27.4,7.1,0
P105937,59,F,Midwest,Medicare,1,77,4,0,84.0,1,0,1.8,6.1,0
P105938,89,F,Northeast,Commercial,3,81,3,0,39.5,1,0,32.8,5.7,0
P105939,31,M,South,Medicaid,1,15,3,0,52.3,4,2,25.1,10.0,1
P105940,36,F,West,Medicare,1,26,3,1,57.9,3,0,109.9,5.5,0
P105941,51,F,West,Commercial,0,37,0,1,74.5,4,1,16.2,7.5,1
P105942,32,F,Midwest,Commercial,1,16,6,0,78.3,1,0,57.3,9.4,0
P105943,64,M,Northeast,Commercial,0,37,3,1,43.4,2,0,63.4,7.5,0
P105944,36,M,Midwest,Medicare,2,24,6,0,18.2,3,0,23.5,10.0,0
P105945,27,M,West,Medicaid,1,46,4,1,92.0,3,0,46.4,5.0,0
P105946,36,F,Northeast,Commercial,1,68,4,1,7.0,3,0,3.8,6.2,0
P105947,85,M,South,Medicare,0,39,3,0,70.2,3,0,75.0,6.6,0
P105948,85,F,Northeast,Commercial,2,69,4,0,58.8,4,0,53.1,7.3,0
P105949,54,F,Northeast,Medicaid,0,37,6,0,66.5,0,1,8.0,9.4,0
P105950,46,F,West,Uninsured,0,47,3,2,67.7,0,0,126.8,3.6,1
P105951,77,F,Northeast,Medicaid,1,32,2,0,54.1,2,1,92.2,7.2,0
P105952,31,F,Northeast,Commercial,1,9,5,1,57.9,1,0,43.7,8.2,0
P105953,65,M,Northeast,Commercial,0,2,8,2,68.3,1,0,92.9,9.1,0
P105954,66,F,West,Uninsured,0,18,2,0,66.7,2,1,8.8,6.5,0
P105955,69,F,South,Commercial,0,59,3,0,7.0,3,1,76.4,7.3,0
P105956,33,M,West,Medicare,1,10,5,2,58.3,2,0,205.7,7.8,1
P105957,69,M,South,Medicaid,1,45,7,0,80.0,0,0,9.8,8.6,0
P105958,62,F,Midwest,Medicaid,1,13,5,1,41.9,3,1,33.9,10.0,0
P105959,81,M,West,Medicare,0,36,4,2,71.6,4,0,24.5,7.4,0
P105960,30,F,Midwest,Medicare,0,26,4,1,85.5,1,2,37.4,8.6,0
P105961,62,F,Midwest,Medicaid,0,21,4,2,62.3,5,2,5.6,3.9,0
P105962,77,M,Northeast,Commercial,0,49,3,0,63.1,3,0,43.7,7.1,0
P105963,38,M,Northeast,Medicaid,1,85,3,2,26.1,2,2,1.2,8.8,0
P105964,71,F,Midwest,Commercial,1,63,8,1,57.7,3,0,12.7,9.5,0
P105965,25,F,South,Medicaid,1,23,3,1,72.4,1,0,29.2,4.4,0
P105966,69,F,Northeast,Medicaid,1,81,3,0,49.1,1,0,28.6,7.4,0
P105967,61,F,Northeast,Medicare,1,88,7,0,50.3,4,0,16.4,6.6,0
P105968,31,M,South,Commercial,0,72,3,0,73.0,1,3,58.2,9.7,0
P105969,22,M,Northeast,Commercial,1,21,2,1,68.9,2,0,4.6,4.7,0
P105970,71,M,Midwest,Medicaid,0,16,5,0,71.7,2,0,28.4,8.6,0
P105971,35,F,South,Medicare,2,93,6,0,20.8,2,1,101.5,8.2,0
P105972,53,M,South,Commercial,0,85,5,1,70.6,6,0,5.4,8.9,0
P105973,22,F,Northeast,Medicaid,0,40,2,3,20.0,1,0,25.0,7.8,0
P105974,87,F,Midwest,Medicaid,0,44,6,2,53.3,2,0,99.9,8.5,1
P105975,57,F,Northeast,Medicaid,1,51,2,3,108.5,1,0,28.5,8.9,0
P105976,85,F,Midwest,Medicare,3,85,1,1,74.2,2,0,35.2,6.4,0
P105977,29,M,West,Uninsured,3,29,3,2,68.2,1,1,5.3,7.2,0
P105978,32,M,West,Medicaid,2,65,3,2,39.1,4,0,161.3,9.1,1
P105979,61,M,Midwest,Commercial,2,90,5,1,98.6,1,0,170.8,7.9,0
P105980,61,M,West,Uninsured,1,29,8,0,67.8,3,0,112.2,3.9,0
P105981,74,M,West,Medicare,2,27,4,0,7.0,3,0,18.1,4.8,0
P105982,84,M,Midwest,Medicaid,2,13,4,0,43.0,3,0,3.1,10.0,0
P105983,77,M,South,Medicaid,1,70,2,1,66.8,3,0,8.4,6.7,0
P105984,28,M,Midwest,Medicare,1,26,3,3,54.4,1,0,3.8,3.6,0
P105985,40,M,West,Commercial,2,2,3,3,87.1,4,0,114.1,6.5,1
P105986,83,F,Midwest,Commercial,0,48,5,0,31.8,3,1,86.0,9.0,0
P105987,57,M,South,Commercial,0,54,4,0,64.4,0,0,86.4,6.5,0
P105988,80,F,Northeast,Medicare,0,2,4,2,44.3,2,1,38.7,10.0,0
P105989,58,F,Northeast,Medicaid,0,71,4,2,63.9,2,0,104.0,5.6,0
P105990,21,M,South,Commercial,0,54,6,0,46.3,2,1,29.0,8.4,0
P105991,52,F,West,Commercial,3,45,4,1,61.5,2,1,9.8,9.0,0
P105992,77,F,Midwest,Medicare,2,33,4,2,97.7,6,0,47.4,8.0,0
P105993,65,F,Northeast,Commercial,3,62,4,0,20.5,3,0,15.6,8.7,0
P105994,27,F,West,Commercial,2,72,7,1,111.5,2,0,5.7,10.0,0
P105995,33,M,South,Commercial,0,73,3,0,147.0,3,0,40.1,8.6,0
P105996,79,M,South,Medicare,1,37,4,1,47.4,1,0,70.6,4.2,0
P105997,88,F,West,Medicare,0,48,6,3,95.0,1,1,34.8,7.4,1
P105998,72,M,South,Medicaid,0,25,3,0,82.4,2,0,30.8,8.4,0
P105999,25,M,Midwest,Commercial,5,21,3,0,79.2,5,0,77.5,9.7,1
